grid,id,group,index,topology,oc,pump_mW,GDD_ps2,rounds,status,energy_pJ,energy_mean_pJ,energy_min_pJ,energy_max_pJ,energy_cv,peaks,single_tail,residual,edge_max,spectral_edge_max,FWHM_ps,CNT_energy_pJ,CNT_peak_W,inversion_gap,inversion_drift,numerical_pass,energy_range_pass,screen_candidate
coarse,g00_c00,0,0,OC_CNT,0.2,5.0,-0.1,20,spectral_boundary,522.1711978154204,427.4842677390485,299.9955684131474,533.6379501678704,0.18443367393577825,6,False,0.718145066673958,1.9813058386287955e-08,0.0752918792778345,1.0,2088.6847912616818,496.47559533632955,0.1133929978469046,0.0006545656133604139,False,False,False
coarse,g00_c01,0,1,OC_CNT,0.2,10.0,-0.1,20,spectral_boundary,527.4652185152913,429.4582702904402,299.9955684131474,538.4057043366795,0.18764696597451902,7,False,0.6370530796448661,1.0113403369446022e-08,0.06389418936653156,1.0,2109.8608740611658,353.69496320761885,0.1125789532036292,0.0005015853970845585,False,False,False
coarse,g00_c02,0,2,OC_CNT,0.2,15.0,-0.1,20,spectral_boundary,534.0007771740874,431.51024298373284,299.9955684131474,543.2045408156525,0.19102486276336886,5,False,0.7166389142673374,3.03904742378455e-09,0.06539182818117281,1.0,2136.0031086963495,337.8182869292853,0.13422318777047615,0.00034883637167681947,False,False,False
coarse,g00_c03,0,3,OC_CNT,0.2,20.0,-0.1,20,spectral_boundary,538.9444057401092,433.5013980514348,299.9955684131474,548.0342578753728,0.19423116640692475,4,False,0.8546437712751375,2.701310672145158e-09,0.06531391499047925,1.0,2155.777622960437,337.3650121437466,0.17384069699888904,0.00019588704980633143,False,False,False
coarse,g00_c04,0,4,OC_CNT,0.2,30.0,-0.1,20,spectral_boundary,552.1639177799582,437.71343378021385,299.9955684131474,557.7854374701324,0.20113477813280375,6,False,0.7947817298690466,2.8197054151395673e-08,0.051669031738836406,1.0,2208.6556711198327,446.0053545341101,0.2287569716556438,0.00010934284662644789,False,False,False
coarse,g00_c05,0,5,OC_CNT,0.2,50.0,-0.1,20,spectral_boundary,586.9095492428158,446.7644931219641,299.9955684131474,586.9095492428158,0.21627983260941455,5,False,0.7585797097059037,1.1722014356858983e-08,0.029302857568076594,1.0,2347.638196971264,434.96560676191524,0.28430547930802563,0.0007181123646150533,False,False,False
coarse,g00_c06,0,6,OC_CNT,0.2,100.0,-0.1,20,spectral_boundary,640.1932135543884,467.54699679757715,299.9955684131474,640.1932135543884,0.24692873248489702,6,False,0.6425062369887814,8.264992596704179e-08,0.06288916863836709,1.0,2560.7728542175537,396.5561865340497,0.3414728903997708,0.0022450129005923136,False,False,False
coarse,g00_c07,0,7,OC_CNT,0.2,150.0,-0.1,20,spectral_boundary,718.7893890373638,491.2696428920673,299.9955684131474,718.7893890373638,0.2816983286066408,7,False,0.9300548669278959,4.132352337408576e-08,0.07122521386682208,1.0,2875.1575561494556,502.64892117076215,0.3583230545619742,0.003764345315775297,False,False,False
coarse,g00_c08,0,8,OC_CNT,0.3,5.0,-0.1,40,spectral_boundary,419.50448380324144,458.1031531915338,299.9948788636343,571.197778803448,0.17252418955782303,11,False,0.911064657641075,6.660155361034336e-07,0.10804022407546846,1.0,978.843795540897,163.6228582587057,0.13593512304203315,0.0010232109456289606,False,False,False
coarse,g00_c09,0,9,OC_CNT,0.3,10.0,-0.1,40,spectral_boundary,440.49387235169263,471.2655825883588,299.9948788636343,579.5517364019433,0.17959573663655198,9,False,0.8806930328997231,1.9329581450847766e-06,0.11373786118763379,1.5,1027.819035487283,198.03511663513328,0.15118112685095697,0.0007350607114674501,False,False,False
coarse,g00_c10,0,10,OC_CNT,0.3,15.0,-0.1,40,spectral_boundary,522.1497384627053,490.25029958663816,299.9948788636343,587.9767275369259,0.19166075271773478,11,False,0.9508643907669557,5.998455411717338e-07,0.06402511532915511,1.0,1218.3493897463127,296.2780042724396,0.18789947532424578,0.0004640637017971905,False,False,False
coarse,g00_c11,0,11,OC_CNT,0.3,20.0,-0.1,40,spectral_boundary,506.8789209841183,486.3257557302668,299.9948788636343,596.4716381625472,0.1893643974453225,15,False,0.9274710055050983,5.821419217131325e-07,0.10791282671498882,1.5,1182.717482296276,154.4949239951652,0.22980890832320122,0.00013271583463903003,False,False,False
coarse,g00_c12,0,12,OC_CNT,0.3,30.0,-0.1,40,spectral_boundary,507.86175595508917,500.0672318542449,299.9948788636343,620.7118434279588,0.2043892376229003,12,False,0.7223047722054365,5.276817153648618e-07,0.1835223702515988,1.5,1185.010763895208,149.23744339189952,0.2783050232200276,0.0004752167667163576,False,False,False
coarse,g00_c13,0,13,OC_CNT,0.3,50.0,-0.1,40,spectral_boundary,601.9311901213991,527.318677929636,299.9948788636343,648.9792189276293,0.22267774297236878,16,False,0.798694107508723,9.526670545984274e-07,0.14028241971544217,1.5,1404.5061102832647,151.27423586696392,0.3110512524809135,0.001688107906438141,False,False,False
coarse,g00_c14,0,14,OC_CNT,0.3,100.0,-0.1,40,spectral_boundary,864.9101708356538,620.1572222360331,299.9948788636343,864.9101708356538,0.30276127332408326,13,False,0.8886907042659197,6.101986487650685e-07,0.1299539099517464,1.0,2018.1237319498591,380.1180307606299,0.3301433353668112,0.004657937904076537,False,False,False
coarse,g00_c15,0,15,OC_CNT,0.3,150.0,-0.1,20,spectral_boundary,770.2399349452855,478.4468073533509,299.9948788636343,770.2399349452855,0.2990514159079233,1,True,0.08790065945120963,6.712907801908274e-16,1.6641522048544994e-08,13.5,1797.2265148723332,109.5785054905333,0.3664168671344965,0.003988062674167514,False,False,False
coarse,g00_c16,0,16,OC_CNT,0.4,5.0,-0.1,40,spectral_boundary,419.44048623157244,460.0229312750083,299.9940554383957,594.1249801140484,0.1935289035844139,11,False,0.7695096890291431,6.189247675615502e-07,0.07056266452927608,1.5,629.1607293473586,97.66853061621,0.1602581538802902,0.0008385872886707002,False,False,False
coarse,g00_c17,0,17,OC_CNT,0.4,10.0,-0.1,40,spectral_boundary,498.0595923835893,478.9153861887342,299.9940554383957,606.9150444588993,0.2054953835042929,14,False,0.7384620929378195,2.3333509212373575e-07,0.0693137238645779,1.5,747.089388575384,152.59012282816408,0.1679985795907044,0.0005583364974619531,False,False,False
coarse,g00_c18,0,18,OC_CNT,0.4,15.0,-0.1,40,spectral_boundary,501.8026993099273,486.0435812375561,299.9940554383957,619.8186715547981,0.2139680149143063,12,False,0.7122662823789857,7.290295274037353e-07,0.09354445346738331,1.0,752.704048964891,151.63815995764554,0.22332691555662665,0.0002522583915912646,False,False,False
coarse,g00_c19,0,19,OC_CNT,0.4,20.0,-0.1,40,spectral_boundary,538.560974575025,495.9346796468161,299.9940554383957,632.8403118815236,0.22416005859146435,11,False,1.0305004527726127,5.824360132745702e-07,0.1064195313505154,1.0,807.8414618625376,197.13350074905196,0.2510614951789679,4.732565547005407e-05,False,False,False
coarse,g00_c20,0,20,OC_CNT,0.4,30.0,-0.1,40,spectral_boundary,565.4080355174638,508.01464256252814,299.9940554383957,660.1105861964405,0.23499171821570086,8,False,0.7613656886616812,4.4803048573500853e-07,0.08834337817279851,1.0,848.1120532761954,155.27659138805953,0.28849396065644684,0.0006631581851574975,False,False,False
coarse,g00_c21,0,21,OC_CNT,0.4,50.0,-0.1,40,spectral_boundary,666.2945747960705,545.9651530861721,299.9940554383957,716.9551115000686,0.27242315749607304,10,False,0.7409646400001827,4.089176050877365e-07,0.09376446862138178,1.0,999.4418621941057,200.7438848327525,0.31652461679544885,0.0018654608122893324,False,False,False
coarse,g00_c22,0,22,OC_CNT,0.4,100.0,-0.1,40,spectral_boundary,958.5593613120027,646.5894514385378,299.9940554383957,958.5593613120027,0.3596305834497977,10,False,0.880945715516836,6.168664102293629e-07,0.14211245044754098,1.0,1437.839041968004,295.8455083878586,0.3300285959906133,0.004856970445212716,False,False,False
coarse,g00_c23,0,23,OC_CNT,0.4,150.0,-0.1,40,spectral_boundary,1441.51167518497,806.1363969314125,299.9940554383957,1441.51167518497,0.48178519182755364,13,False,0.9742521980834487,8.965836459405302e-07,0.1301595408826679,2.5,2162.267512777455,309.5658812642885,0.3205999039405595,0.007721751217444117,False,False,False
coarse,g00_c24,0,24,OC_CNT,0.5,5.0,-0.1,40,spectral_boundary,539.8993862471767,468.1269571213119,299.9930727893876,613.7889485710451,0.21651549709725532,8,False,0.5240160821996517,2.3418601123951126e-07,0.02589717533588129,1.5,539.8993862471768,109.50901757632126,0.18326822676217924,0.0007456184917239428,False,False,False
coarse,g00_c25,0,25,OC_CNT,0.5,10.0,-0.1,40,spectral_boundary,564.3307177080942,477.10083165815,299.9930727893876,632.7990481061099,0.2284126524035225,6,False,0.5419528593308152,1.8714254726304324e-07,0.03681082470175161,1.5,564.3307177080942,76.7187424246482,0.17961023940055798,0.00044206811553404446,False,False,False
coarse,g00_c26,0,26,OC_CNT,0.5,15.0,-0.1,40,spectral_boundary,589.0891781283287,486.80028072339337,299.9930727893876,651.9513809281056,0.24121741600786384,6,False,0.8202937299691003,3.2376768955940086e-07,0.06248057186868501,1.5,589.0891781283289,121.87465181015726,0.2240637841700066,0.00013979390198870512,False,False,False
coarse,g00_c27,0,27,OC_CNT,0.5,20.0,-0.1,40,spectral_boundary,572.973124923102,492.6689295100185,299.9930727893876,671.1685906166775,0.24823539814362175,5,False,0.9167449047564794,2.827522095306617e-07,0.04491404447840344,1.0,572.973124923102,87.03512538968616,0.25802654586000495,0.0001699068059217712,False,False,False
coarse,g00_c28,0,28,OC_CNT,0.5,30.0,-0.1,40,spectral_boundary,683.6913393596262,517.1021853570587,299.9930727893876,709.6324448719361,0.2798655703821295,6,False,0.8074843083608759,2.2234368814975048e-07,0.029710004434674316,1.5,683.6913393596262,156.2244082157056,0.2812227701360752,0.0007642052151530798,False,False,False
coarse,g00_c29,0,29,OC_CNT,0.5,50.0,-0.1,40,spectral_boundary,781.9389284036524,555.979943167202,299.9930727893876,795.9242832671987,0.3225111259725712,5,False,0.7517076777795614,3.176891497018569e-07,0.04456632282375277,1.5,781.9389284036527,164.5303371329667,0.3074839242951347,0.001972472394681013,False,False,False
coarse,g00_c30,0,30,OC_CNT,0.5,100.0,-0.1,40,spectral_boundary,1186.5298402635453,682.6691653730579,299.9930727893876,1188.369137653603,0.44433615578822977,10,False,0.775951261759383,9.678424370442309e-08,0.05389091982909237,2.5,1186.5298402635453,186.19696151195913,0.3160497819084005,0.004936184015350231,False,False,False
coarse,g00_c31,0,31,OC_CNT,0.5,150.0,-0.1,40,spectral_boundary,1758.488396239894,846.1676738290628,299.9930727893876,1758.488396239894,0.5609921965839337,9,False,0.9730742543367557,2.325642867130611e-07,0.07646270709236888,1.0,1758.488396239894,412.31582019295314,0.3080569157234766,0.007829285848362622,False,False,False
coarse,g00_c32,0,32,OC_CNT,0.6,5.0,-0.1,40,spectral_boundary,623.9175826365179,456.6092940818852,299.9918662286575,628.6002690674827,0.22836670356470673,2,False,0.15571109766847013,3.4734063773555754e-09,0.007295600016426928,2.5,415.9450550910118,42.48071169925566,0.2121315205976338,0.0006583904277011055,False,False,False
coarse,g00_c33,0,33,OC_CNT,0.6,10.0,-0.1,40,spectral_boundary,648.1972442996553,465.8732277861667,299.9918662286575,656.4887599085584,0.24300893742736787,2,False,0.19157226599778246,6.848048841907336e-09,0.012328293568667721,2.5,432.13149619977014,43.620470922839026,0.20760278410366684,0.00035495521166339916,False,False,False
coarse,g00_c34,0,34,OC_CNT,0.6,15.0,-0.1,40,spectral_boundary,671.9166903890491,475.35663916114737,299.9918662286575,684.6619450883557,0.2575446193163322,2,False,0.25346119489954233,1.2373467592894801e-08,0.019056418377661345,2.5,447.944460259366,52.41938454251587,0.21950460136320016,5.18954268520222e-05,False,False,False
coarse,g00_c35,0,35,OC_CNT,0.6,20.0,-0.1,40,spectral_boundary,695.8242820118405,485.0723993391399,299.9918662286575,712.7501820684454,0.2719808574871148,2,False,0.3267631634006122,2.0508053006434282e-08,0.027733996345580908,1.0,463.8828546745604,67.10091596972012,0.24516733998137075,0.0002507592187225294,False,False,False
coarse,g00_c36,0,36,OC_CNT,0.6,30.0,-0.1,40,spectral_boundary,750.3240110260853,505.3258731101158,299.9918662286575,771.3517506958999,0.3007651972278706,3,False,0.41243599921846624,4.2406998624862316e-08,0.05196397821002038,1.5,500.21600735072343,86.24248483853295,0.27231954593149266,0.0008545794674442719,False,False,False
coarse,g00_c37,0,37,OC_CNT,0.6,50.0,-0.1,40,spectral_boundary,877.9169885394084,549.1084047801648,299.9918662286575,894.5514581539644,0.35720787456230896,2,False,0.5267948521054967,8.506291246082421e-08,0.05227983426842875,1.0,585.2779923596056,169.779303090092,0.29345113608161877,0.0020563875852835922,False,False,False
coarse,g00_c38,0,38,OC_CNT,0.6,100.0,-0.1,40,spectral_boundary,1335.9116728586202,684.5169212670826,299.9918662286575,1335.9116728586202,0.498159752766831,5,False,0.6333102606431372,5.905628809923259e-08,0.0375136459018031,2.0,890.6077819057467,131.13092658552395,0.29920731117721455,0.005015473932553638,False,False,False
coarse,g00_c39,0,39,OC_CNT,0.6,150.0,-0.1,40,spectral_boundary,1851.2078099495561,849.0918814080163,299.9918662286575,1851.2078099495561,0.609885984319539,7,False,0.5816025131786967,1.4538041285451384e-07,0.054610681190419126,1.0,1234.1385399663707,154.67050782266523,0.2938816888304635,0.00792407316586552,False,False,False
coarse,g00_c40,0,40,OC_CNT,0.7,5.0,-0.1,60,spectral_boundary,502.64041392825555,485.97645821930695,299.990308535719,645.3255521028746,0.22042495993724873,5,False,0.5586100325556512,7.955814334423451e-09,0.012142069699527844,1.0,215.41732025496674,54.29754351359274,0.2523789667752898,0.0009941202932866045,False,False,False
coarse,g00_c41,0,41,OC_CNT,0.7,10.0,-0.1,60,spectral_boundary,542.018325976338,504.4603474463269,299.990308535719,686.152576110509,0.241032756716307,6,False,0.5752842852939408,1.1810977644045384e-08,0.013595492531812244,1.0,232.29356827557345,57.04019181885305,0.2428046991268734,0.0005576310277766172,False,False,False
coarse,g00_c42,0,42,OC_CNT,0.7,15.0,-0.1,60,spectral_boundary,587.564397729773,523.7571745463688,299.990308535719,727.0846767078565,0.26161419765687727,7,False,0.5191814609239784,1.6954713279240945e-08,0.014817637230418446,1.0,251.81331331275987,38.27638014032445,0.23456714454268351,0.00012307678938006106,False,False,False
coarse,g00_c43,0,43,OC_CNT,0.7,20.0,-0.1,60,spectral_boundary,630.728039287232,543.2773376768698,299.990308535719,771.2319774133537,0.28129852866129573,6,False,0.5557864840670758,1.7134669770366954e-08,0.01813077752026191,1.0,270.3120168373853,41.018739480750874,0.2383571531786568,0.00031091919596526463,False,False,False
coarse,g00_c44,0,44,OC_CNT,0.7,30.0,-0.1,60,spectral_boundary,729.2215902993003,586.1397944684745,299.990308535719,859.4882224181433,0.32130995729863054,6,False,0.5892976336403204,2.8394658384142455e-08,0.023109432265487666,1.0,312.52353869970017,57.71503430598998,0.25536480300290665,0.0011700807798127322,False,False,False
coarse,g00_c45,0,45,OC_CNT,0.7,50.0,-0.1,60,spectral_boundary,1058.964678218876,695.8976754761102,299.990308535719,1069.0523903554586,0.41185143427273657,8,False,0.6365881719678956,6.993630414065026e-08,0.039071073948506424,1.5,453.84200495094706,72.18761184796051,0.26194439522257895,0.0028330659241014855,False,False,False
coarse,g00_c46,0,46,OC_CNT,0.7,100.0,-0.1,40,spectral_boundary,1508.3232018132635,661.5384786257528,299.990308535719,1508.3232018132635,0.5213481054923211,1,True,0.08317265181956539,8.141868154891789e-12,3.441170807970395e-05,9.0,646.4242293485418,47.61349668533765,0.27343114408522806,0.005067889393103653,False,False,False
coarse,g00_c47,0,47,OC_CNT,0.7,150.0,-0.1,40,spectral_boundary,2199.0365917143654,847.5039727706346,299.990308535719,2199.0365917143654,0.6771599076550303,4,False,0.6059354587783864,5.582194093841006e-08,0.05325839702191464,1.0,942.4442535918711,173.63478148167104,0.2662176498787432,0.007936630181226367,False,False,False
coarse,g00_c48,0,48,OC_CNT,0.8,5.0,-0.1,60,spectral_boundary,654.7100370641656,481.099335759628,299.9881116355729,661.5894140364319,0.2408797264972932,1,True,0.17231175223168543,8.470196916378205e-12,3.609710287453581e-05,1.5,163.67750926604134,24.731596574039255,0.29802990710854177,0.0009564717822180269,False,False,False
coarse,g00_c49,0,49,OC_CNT,0.8,10.0,-0.1,60,spectral_boundary,711.1478948714519,502.34570884867827,299.9881116355729,723.9262618658026,0.27114586894605075,3,False,0.30216289243872874,3.903444142147746e-11,0.0001298674643949176,1.5,177.78697371786294,35.46781735704548,0.2844123368024998,0.0005330518722715949,False,False,False
coarse,g00_c50,0,50,OC_CNT,0.8,15.0,-0.1,60,spectral_boundary,773.0831745742007,524.798726473465,299.9881116355729,790.0123355574395,0.3012171848107024,3,False,0.32839850863857556,1.9884281027585867e-10,0.0003211008620453555,1.5,193.27079364355012,42.605976814699055,0.2731377327597386,0.00011230243447879484,False,False,False
coarse,g00_c51,0,51,OC_CNT,0.8,20.0,-0.1,60,spectral_boundary,844.9205989105875,548.5930219178373,299.9881116355729,857.3015269138548,0.33112886425521476,1,False,0.3145207497505505,1.170041401780618e-09,0.0006434613337971782,1.5,211.23014972764685,39.019273924440306,0.2639798606186314,0.0003054758756542153,False,False,False
coarse,g00_c52,0,52,OC_CNT,0.8,30.0,-0.1,60,spectral_boundary,998.2805135459666,600.2906286165542,299.9881116355729,999.4913875732166,0.3896677448749663,5,False,0.45464498787534957,3.978602288644584e-09,0.0018470885639305782,1.5,249.5701283864916,32.437641452926286,0.24988792275024763,0.001132022009389888,False,False,False
coarse,g00_c53,0,53,OC_CNT,0.8,50.0,-0.1,60,spectral_boundary,1285.6859683127498,716.4515240665218,299.9881116355729,1308.0287409526,0.4906665251442608,5,False,0.7081648331006387,1.2419900473977389e-08,0.012111097826049659,1.0,321.42149207818727,60.32591741589516,0.23065320513412213,0.00275701391376193,False,False,False
coarse,g00_c54,0,54,OC_CNT,0.8,100.0,-0.1,60,spectral_boundary,2449.3946959637506,1118.9432231699673,299.9881116355729,2457.057638088494,0.6918642805664035,11,False,0.5173731545595149,1.1440843872673032e-07,0.02370162444045376,1.0,612.3486739909376,70.05698401322756,0.21719776017953896,0.006574875336422092,False,False,False
coarse,g00_c55,0,55,OC_CNT,0.8,150.0,-0.1,60,spectral_boundary,4310.566500723791,1691.9821333865864,299.9881116355729,4310.566500723791,0.81508917408998,15,False,0.5800421785710206,1.4873309925565937e-07,0.03645831941010774,1.0,1077.6416251809478,135.02880348161625,0.22020633300546033,0.010021741514596116,False,False,False
coarse,g00_c56,0,56,OC_CNT,0.9,5.0,-0.1,80,spectral_boundary,646.8666584759851,501.64702332498126,299.98435477469343,668.3755738408483,0.23937990682142224,1,True,0.12451493367003698,4.061017609782594e-11,0.0004868150960321757,1.5,71.87407316399833,15.163449826814377,0.3634667328109656,0.001386103869099875,False,False,False
coarse,g00_c57,0,57,OC_CNT,0.9,10.0,-0.1,80,spectral_boundary,715.9444446333168,535.8811319679845,299.98435477469343,764.3418519584176,0.2825131235114863,1,True,0.21326755480285295,9.75393773237092e-10,0.005244392855899924,1.0,79.54938273703519,24.430942686471987,0.3296370038152002,0.0009046011182604063,False,False,False
coarse,g00_c58,0,58,OC_CNT,0.9,15.0,-0.1,80,spectral_boundary,785.2008297160259,572.2773581937112,299.98435477469343,868.0347768387339,0.32382162661243097,2,False,0.24274938036455007,4.604913685538608e-09,0.007952529105106515,1.0,87.24453663511397,24.698063395783695,0.3042287833691316,0.0004293237760518709,False,False,False
coarse,g00_c59,0,59,OC_CNT,0.9,20.0,-0.1,80,spectral_boundary,892.4843560445586,611.5272590167527,299.98435477469343,978.0001575816759,0.36376664466021535,3,False,0.32170672789515103,6.836532335628666e-09,0.009654556054377969,2.0,99.16492844939538,11.218723619971511,0.2876008060379035,3.7833313404234126e-05,False,False,False
coarse,g00_c60,0,60,OC_CNT,0.9,30.0,-0.1,80,spectral_boundary,1162.9807146594608,700.7835752543558,299.98435477469343,1208.2915868563534,0.4412235888611338,5,False,0.33339554412214023,1.0475151615984142e-08,0.012004778439481232,1.0,129.22007940660674,19.62302535917864,0.26833425756523666,0.0009421402584228744,False,False,False
coarse,g00_c61,0,61,OC_CNT,0.9,50.0,-0.1,80,spectral_boundary,1713.1526521335159,918.6887758853187,299.98435477469343,1750.1651091633366,0.5723674311455538,6,False,0.31877712048751655,1.2109530061706745e-08,0.007719994807370222,1.0,190.35029468150174,15.879282766770489,0.24759156528821424,0.0026408557050869863,False,False,False
coarse,g00_c62,0,62,OC_CNT,0.9,100.0,-0.1,60,spectral_boundary,3266.1801024551132,1087.8705400555632,299.98435477469343,3266.1801024551132,0.7943167894766432,3,False,0.5157771043292942,5.972720600831943e-11,0.00067299467324563,1.5,362.9089002727902,66.24814845981203,0.23511702497958087,0.005858626200509365,False,False,False
coarse,g00_c63,0,63,OC_CNT,0.9,150.0,-0.1,60,spectral_boundary,5694.8295143348905,1751.885411235324,299.98435477469343,5694.8295143348905,0.9711100477877217,6,False,0.49987937878349975,2.918034723763134e-08,0.0292781073646153,1.5,632.7588349260989,62.26893466256691,0.24300230377588783,0.008739798478849647,False,False,False
coarse,g01_c00,1,0,OC_CNT,0.2,5.0,0.0,40,spectral_boundary,382.94034545750776,464.5147129438803,299.9955684131474,590.4703146721752,0.1851775394675096,8,False,0.7631733564798463,7.195893655973935e-07,0.1033500462944745,1.0,1531.761381830031,245.47902415547637,0.11469443409057789,0.0014270583644390156,False,False,False
coarse,g01_c01,1,1,OC_CNT,0.2,10.0,0.0,40,spectral_boundary,363.14130502199265,467.7035893367332,299.9955684131474,599.0689236911337,0.193147937708576,12,False,0.8508779127624404,1.1285737458919842e-06,0.1331309546950126,1.0,1452.5652200879704,250.72373458669165,0.12645142617376015,0.001114679978009625,False,False,False
coarse,g01_c02,1,2,OC_CNT,0.2,15.0,0.0,40,spectral_boundary,403.5417091991843,476.31258008077737,299.9955684131474,607.7676225688144,0.19015875812742405,8,False,0.7317315237043128,1.3438755419147103e-06,0.1184276440941966,1.5,1614.1668367967368,235.0695328438282,0.16973781965943868,0.0008252825394474694,False,False,False
coarse,g01_c03,1,3,OC_CNT,0.2,20.0,0.0,40,spectral_boundary,406.7095806294773,481.6165250531012,299.9955684131474,616.9853505706388,0.1933791208241987,9,False,0.7384211332459409,7.338860350894261e-07,0.09053694247419848,1.0,1626.8383225179093,306.72787453663733,0.21047101059031303,0.0005217350738864202,False,False,False
coarse,g01_c04,1,4,OC_CNT,0.2,30.0,0.0,40,spectral_boundary,434.5368576516872,495.1441999517039,299.9955684131474,635.9123010482708,0.19935311015898816,10,False,0.7960775845238681,9.627794202880478e-07,0.10922361681100712,1.5,1738.147430606749,278.81588653979645,0.25487117011546323,7.451027293314816e-05,False,False,False
coarse,g01_c05,1,5,OC_CNT,0.2,50.0,0.0,40,spectral_boundary,520.4041046415189,527.4629485513476,299.9955684131474,675.1290305641442,0.21225502892432818,9,False,0.7445447067789362,1.422235073696464e-06,0.10803086953800269,1.0,2081.616418566076,429.7668065962435,0.29248197928774444,0.001246170958801307,False,False,False
coarse,g01_c06,1,6,OC_CNT,0.2,100.0,0.0,40,spectral_boundary,827.988179515216,622.1768366197987,299.9955684131474,827.988179515216,0.2785206300270084,12,False,0.8854672370213255,4.6628883867231614e-07,0.16006265272527878,1.0,3311.952718060864,436.9353477859935,0.3081536318888952,0.004121543787303339,False,False,False
coarse,g01_c07,1,7,OC_CNT,0.2,150.0,0.0,40,spectral_boundary,1281.2840495912171,750.1947554426306,299.9955684131474,1281.2840495912171,0.38417075798710626,18,False,0.8946854502881716,1.3047111356394064e-06,0.14020090748496922,1.0,5125.136198364868,572.9049837263906,0.2957618968183854,0.0068724984366203,False,False,False
coarse,g01_c08,1,8,OC_CNT,0.3,5.0,0.0,40,spectral_boundary,465.81507675502996,504.86809701718084,299.9948788636343,651.6081763602901,0.22461273519588812,4,False,0.40155034966417275,2.496381965835072e-07,0.15849503434471962,4.0,1086.901845761737,73.66363414377403,0.135168552837917,0.0011415939809891196,False,False,False
coarse,g01_c09,1,9,OC_CNT,0.3,10.0,0.0,40,spectral_boundary,481.92282545030446,512.8571988988655,299.9948788636343,668.1721789633364,0.23250510614578443,4,False,0.6205414269443496,1.5845053772750824e-07,0.12287193110762058,1.0,1124.4865927173769,166.61968573972112,0.14033873771920902,0.0008407712123704725,False,False,False
coarse,g01_c10,1,10,OC_CNT,0.3,15.0,0.0,40,spectral_boundary,494.73440735448037,520.7900401045415,299.9948788636343,685.5511161741806,0.24047263797345886,6,False,0.516303660659757,1.3035645614458e-07,0.1472588349065444,1.0,1154.380283827121,256.863023447112,0.19530150701511317,0.0005396795464659432,False,False,False
coarse,g01_c11,1,11,OC_CNT,0.3,20.0,0.0,40,spectral_boundary,495.70013897772765,528.1612530085697,299.9948788636343,703.2730637332077,0.24871178926246182,6,False,0.5226379065683229,3.4833151676764165e-07,0.14245013124328196,1.0,1156.6336576146982,153.22606035400324,0.23405484200268956,0.00023670623135030322,False,False,False
coarse,g01_c12,1,12,OC_CNT,0.3,30.0,0.0,40,spectral_boundary,561.1587326865774,547.4081676882209,299.9948788636343,739.6829320724684,0.2640247195765379,6,False,0.676081281585173,8.466301374650036e-07,0.11863801853711636,1.0,1309.3703762686805,324.41416344280765,0.269017323886677,0.00035538273796631437,False,False,False
coarse,g01_c13,1,13,OC_CNT,0.3,50.0,0.0,40,spectral_boundary,619.6232873067686,580.4640340863049,299.9948788636343,816.3158194594557,0.29385732352209837,6,False,0.7158936997360724,3.307076616205887e-07,0.12164930990665082,1.5,1445.7876703824604,244.57769073765144,0.30886472909535234,0.0015557822910370334,False,False,False
coarse,g01_c14,1,14,OC_CNT,0.3,100.0,0.0,40,spectral_boundary,1043.218674113641,702.5577076927341,299.9948788636343,1043.218674113641,0.38634012041652593,6,False,0.9442068071891278,4.026466830313923e-07,0.09118420830890162,1.0,2434.176906265163,478.7055053615313,0.3169429024611712,0.004446721013029675,False,False,False
coarse,g01_c15,1,15,OC_CNT,0.3,150.0,0.0,40,spectral_boundary,1477.8330202154211,846.7293075606889,299.9948788636343,1477.8330202154211,0.4783569090070238,10,False,0.9224546711019824,2.96333405917936e-07,0.10772163436357082,1.0,3448.2770471693166,674.2329539921403,0.31203392789124273,0.007281086635100187,False,False,False
coarse,g01_c16,1,16,OC_CNT,0.4,5.0,0.0,40,spectral_boundary,681.2747875205612,510.5370333774052,299.9940554383957,691.6475087640165,0.2597564294987755,1,True,0.03366969453336181,1.7495318308636306e-14,2.785968631559634e-07,14.5,1021.9121812808417,57.063612667307154,0.1539586609376986,0.000949317206946021,False,False,False
coarse,g01_c17,1,17,OC_CNT,0.4,10.0,0.0,40,spectral_boundary,709.4344743006338,520.785040231617,299.9940554383957,718.9290481846881,0.27271483044605366,1,True,0.034753726619386846,5.702968760257327e-14,7.837195367506456e-07,14.5,1064.1517114509506,59.240541382974385,0.15195411734081932,0.0006502370133332214,False,False,False
coarse,g01_c18,1,18,OC_CNT,0.4,15.0,0.0,40,spectral_boundary,738.1671368045268,531.2791880347058,299.9940554383957,747.4424320933542,0.2856415227859724,1,True,0.036010196819122695,1.8281634032156144e-13,2.159161546847379e-06,14.5,1107.2507052067904,61.424576128926844,0.17813466087213137,0.0003516913776342445,False,False,False
coarse,g01_c19,1,19,OC_CNT,0.4,20.0,0.0,40,spectral_boundary,767.4114916095338,542.0193594064815,299.9940554383957,776.6950979663048,0.29850936622337415,1,True,0.03729905932887158,5.731063452622392e-13,5.80292145004927e-06,14.5,1151.1172374143007,63.587266379104555,0.21219286489269984,5.367845827108919e-05,False,False,False
coarse,g01_c20,1,20,OC_CNT,0.4,30.0,0.0,40,spectral_boundary,827.1457594037765,564.2336397352512,299.9940554383957,837.3296047701617,0.323967491975828,1,True,0.03988077954808547,5.089215449302026e-12,3.8446774408055095e-05,14.5,1240.718639105665,67.703802794027,0.25264018339772343,0.0005407652451162592,False,False,False
coarse,g01_c21,1,21,OC_CNT,0.4,50.0,0.0,40,spectral_boundary,949.1350177457564,611.5255128628708,299.9940554383957,966.2317065907848,0.3731369545785409,1,True,0.04571330425716193,2.4964226461125725e-10,0.0012502720025737877,14.5,1423.7025266186347,75.31275823127618,0.28933782320334944,0.00172353854250884,False,False,False
coarse,g01_c22,1,22,OC_CNT,0.4,100.0,0.0,40,spectral_boundary,1251.7339738228734,744.6607629122773,299.9940554383957,1320.5872372972008,0.47992462682065773,5,False,0.369408684127399,1.6406779567464957e-07,0.04359633979033245,2.0,1877.6009607343105,271.7835320336618,0.31456069678728793,0.004649017123249721,False,False,False
coarse,g01_c23,1,23,OC_CNT,0.4,150.0,0.0,40,spectral_boundary,1705.075218632679,902.9841656394261,299.9940554383957,1705.075218632679,0.5679419608511486,12,False,0.7204966435471527,1.67826414002932e-06,0.1438999122804206,2.0,2557.6128279490185,235.72845587825213,0.3114890933090212,0.00751722746465,False,False,False
coarse,g01_c24,1,24,OC_CNT,0.5,5.0,0.0,60,spectral_boundary,422.146515337749,533.1689592949028,299.9930727893876,718.2356495673739,0.2516441617710201,3,False,0.22909195477524247,3.805355055746002e-08,0.025264858577413327,1.0,422.146515337749,59.155760142191184,0.18646579063748048,0.0012939045600353083,False,False,False
coarse,g01_c25,1,25,OC_CNT,0.5,10.0,0.0,60,spectral_boundary,443.7468292921751,551.0722343101063,299.9930727893876,759.9221336356094,0.2684765124549608,5,False,0.2546074927620779,3.126471136633587e-08,0.03178740845322671,1.5,443.7468292921751,54.86785384126975,0.19988176040778072,0.0008581157007792051,False,False,False
coarse,g01_c26,1,26,OC_CNT,0.5,15.0,0.0,60,spectral_boundary,467.4359750249798,569.4189432791201,299.9930727893876,803.2701727437317,0.28489741477740665,4,False,0.289759005487491,3.823323494149383e-08,0.0378475653662284,2.0,467.4359750249798,47.02341680478427,0.2435264579830766,0.0004235838983447371,False,False,False
coarse,g01_c27,1,27,OC_CNT,0.5,20.0,0.0,60,spectral_boundary,492.6775619451244,588.203516099952,299.9930727893876,848.2155109872043,0.3008346726105919,4,False,0.32117598331240177,3.602601549357475e-08,0.044701293843422404,2.5,492.67756194512447,50.40232265673895,0.26792324485516994,9.714770123903094e-06,False,False,False
coarse,g01_c28,1,28,OC_CNT,0.5,30.0,0.0,60,spectral_boundary,549.8711207472024,627.2155969604682,299.9930727893876,942.5111058309726,0.33094527981125715,4,False,0.3994740863407326,3.481242307790196e-08,0.05810817487815638,3.0,549.8711207472024,45.854907328062694,0.29278280406744395,0.0008722326737757857,False,False,False
coarse,g01_c29,1,29,OC_CNT,0.5,50.0,0.0,60,spectral_boundary,675.8672105734165,710.9254270879962,299.9930727893876,1144.3134063460523,0.38430459361461056,5,False,0.5233234193282625,3.9981057200566424e-08,0.08517079692322319,2.5,675.8672105734164,63.32299866556783,0.3100787255545927,0.002581428139592501,False,False,False
coarse,g01_c30,1,30,OC_CNT,0.5,100.0,0.0,40,spectral_boundary,1641.751209223125,747.0907189085561,299.9930727893876,1641.751209223125,0.5471265212682916,1,True,0.064330648874529,1.768695882522729e-14,2.2737279863524447e-07,15.5,1641.751209223125,87.58714413276256,0.2994355412016757,0.004812913681706776,False,False,False
coarse,g01_c31,1,31,OC_CNT,0.5,150.0,0.0,40,spectral_boundary,2292.1831613295244,944.9968788346368,299.9930727893876,2292.1831613295244,0.6731716479607264,2,False,0.08268264567518462,1.9935470883645168e-09,0.005693945976558476,14.5,2292.1831613295244,123.98347406159749,0.2946315747353424,0.007643531245400403,False,False,False
coarse,g01_c32,1,32,OC_CNT,0.6,5.0,0.0,60,spectral_boundary,690.7167015325008,541.13092186935,299.9918662286575,735.11087305056,0.2730271197677911,1,True,0.02607177707352085,5.634118850747268e-14,8.605601193639913e-07,11.0,460.47780102166723,28.273834302230554,0.2098763504762015,0.0011956981992329307,False,False,False
coarse,g01_c33,1,33,OC_CNT,0.6,10.0,0.0,60,spectral_boundary,745.7923804364867,565.186962131782,299.9918662286575,795.8749916204548,0.29956511736340363,1,True,0.027134479528236836,5.760432080013518e-13,7.060263193907562e-06,11.0,497.19492029099115,30.162580703540712,0.20527181611832956,0.0007724094251198022,False,False,False
coarse,g01_c34,1,34,OC_CNT,0.6,15.0,0.0,60,spectral_boundary,799.6840184867838,590.2848791209168,299.9918662286575,860.6963690198522,0.3255148870051008,1,True,0.031234364602159344,4.858097448726657e-12,4.847813367087617e-05,12.0,533.1226789911892,31.679230064835135,0.20248957991087257,0.000351662376292583,False,False,False
coarse,g01_c35,1,35,OC_CNT,0.6,20.0,0.0,60,spectral_boundary,850.7660367043719,616.3345819430423,299.9918662286575,928.561111708765,0.35058734001302544,1,True,0.04009020798500159,3.528311463993007e-11,0.0002730956701644515,12.0,567.1773578029147,32.629604583759864,0.22735465726548154,6.677992750425688e-05,False,False,False
coarse,g01_c36,1,36,OC_CNT,0.6,30.0,0.0,60,spectral_boundary,938.6756585578817,670.8103808754007,299.9918662286575,1071.3185711042008,0.39723531285449765,2,False,0.09629126616610884,1.056820261939436e-09,0.004218216472253677,12.0,625.7837723719211,35.85880559714428,0.25480219321408737,0.0008979737133062438,False,False,False
coarse,g01_c37,1,37,OC_CNT,0.6,50.0,0.0,60,spectral_boundary,1081.1987727101878,786.6361031345808,299.9918662286575,1379.7787094329028,0.47482238775896457,5,False,0.34448254601624334,2.444207949358236e-08,0.03375236687785117,1.5,720.7991818067918,65.1071001915814,0.27772614932369233,0.0025436475216548127,False,False,False
coarse,g01_c38,1,38,OC_CNT,0.6,100.0,0.0,60,spectral_boundary,1744.8262680897897,1124.2478673990506,299.9918662286575,2221.8856116209645,0.6013025157795452,6,False,0.6017764859150858,1.5736394758764613e-07,0.09312125149106354,1.0,1163.21751205986,130.86584241484923,0.27862638738614254,0.0065351701917779614,False,False,False
coarse,g01_c39,1,39,OC_CNT,0.6,150.0,0.0,60,spectral_boundary,3426.600607958867,1632.9873442973144,299.9918662286575,3426.600607958867,0.7021423260902919,13,False,0.703710096546085,1.593560066654085e-07,0.10955498434259603,2.0,2284.4004053059116,267.1225530238952,0.2531513872281246,0.0100982728278326,False,False,False
coarse,g01_c40,1,40,OC_CNT,0.7,5.0,0.0,80,spectral_boundary,545.2944039973345,557.2378074144647,299.990308535719,743.999491465092,0.25977287768466656,1,True,0.05894135239169773,3.304498056645897e-10,0.0008784252259242523,10.0,233.69760171314337,13.893039022595108,0.2500567984434625,0.0015403022101929675,False,False,False
coarse,g01_c41,1,41,OC_CNT,0.7,10.0,0.0,80,spectral_boundary,575.4649941297838,593.8865754305286,299.990308535719,831.2703245729415,0.294711707045602,3,False,0.08450012659382879,3.504821776447277e-09,0.006907838730950501,11.0,246.6278546270503,13.476386467001015,0.24118694958200027,0.001009419401672318,False,False,False
coarse,g01_c42,1,42,OC_CNT,0.7,15.0,0.0,80,spectral_boundary,596.16140299576,631.3165319543602,299.990308535719,926.8125409583157,0.32814039422181784,5,False,0.09771693864712916,1.1521425568742244e-08,0.02132309124971272,8.0,255.49774414104013,13.790515990703524,0.23315600780062906,0.0004808914661654784,False,False,False
coarse,g01_c43,1,43,OC_CNT,0.7,20.0,0.0,80,spectral_boundary,621.1226665880079,669.4609939723733,299.990308535719,1028.1037091052121,0.35945462571781545,5,False,0.10161965937846917,9.873004791253228e-09,0.02553954426340953,1.5,266.1954285377177,14.41309423791957,0.23693952764559512,4.5374558279354105e-05,False,False,False
coarse,g01_c44,1,44,OC_CNT,0.7,30.0,0.0,80,spectral_boundary,725.6496786886748,749.8802373855306,299.990308535719,1244.6477219212197,0.41399087195776335,4,False,0.14319961802986483,1.159379537108672e-08,0.017892125614265085,1.5,310.9927194380035,21.066510363391277,0.2527299537644584,0.0010849021559755645,False,False,False
coarse,g01_c45,1,45,OC_CNT,0.7,50.0,0.0,60,spectral_boundary,1712.972833787696,804.1808731832539,299.990308535719,1712.972833787696,0.5575980365939377,1,True,0.044317837149037156,2.369912800990581e-14,8.063066295434006e-07,13.0,734.1312144804414,42.657811697047514,0.24050133071138013,0.002586894978301335,False,False,False
coarse,g01_c46,1,46,OC_CNT,0.7,100.0,0.0,60,spectral_boundary,2511.3111320713833,1268.5974312348847,299.990308535719,2987.6331792476576,0.7386969052405323,6,False,0.764519312626998,1.407743526189932e-08,0.04136855243490238,1.5,1076.2761994591644,82.57902854507513,0.2461398845614784,0.006317615027133905,False,False,False
coarse,g01_c47,1,47,OC_CNT,0.7,150.0,0.0,60,spectral_boundary,3989.873866023241,1851.498441628337,299.990308535719,4310.2609047476035,0.8151128202024539,10,False,0.6265328109466883,2.450441645786638e-07,0.06044128423530121,1.5,1709.9459425813893,179.41660250188187,0.23278487457099706,0.009773169056479514,False,False,False
coarse,g01_c48,1,48,OC_CNT,0.8,5.0,0.0,100,spectral_boundary,507.08411849191106,562.7829375710257,299.9881116355729,740.3657314819252,0.25027537340532896,1,True,0.048371250506789545,1.1154248759718138e-11,3.7956397167362645e-05,7.0,126.77102962297774,8.248234552567338,0.29812174735616254,0.0018825101213848505,False,False,False
coarse,g01_c49,1,49,OC_CNT,0.8,10.0,0.0,100,spectral_boundary,541.9924310163558,616.3011792953877,299.9881116355729,864.1676582145424,0.2982699244121298,1,True,0.06969274630648871,1.7660567804981545e-10,0.00029364731098827145,9.5,135.49810775408892,7.407254621671609,0.28056880902986925,0.001283522741786114,False,False,False
coarse,g01_c50,1,50,OC_CNT,0.8,15.0,0.0,100,spectral_boundary,567.3513607467585,671.0590563849958,299.9881116355729,1005.2987955647741,0.3441045145621302,3,False,0.08074276019898537,1.1659597796914048e-09,0.0008782980819581409,2.5,141.83784018668962,7.34499652728406,0.2651926954523122,0.0006890875530080054,False,False,False
coarse,g01_c51,1,51,OC_CNT,0.8,20.0,0.0,100,spectral_boundary,613.6008892791965,727.228704040456,299.9881116355729,1158.4311129372918,0.3855280317486385,3,False,0.09514739272976482,3.4522143289363285e-09,0.0030844581263580304,2.0,153.40022231979907,9.717304491129687,0.252572493322497,9.993545174069585e-05,False,False,False
coarse,g01_c52,1,52,OC_CNT,0.8,30.0,0.0,80,spectral_boundary,1426.654621764085,805.8166599308908,299.9881116355729,1490.6669826859302,0.5043049208539121,1,True,0.03083598150138539,4.9170801417298955e-12,3.5112421008370424e-05,10.5,356.6636554410212,21.47023195220631,0.2583051648252,0.0009465403370866321,False,False,False
coarse,g01_c53,1,53,OC_CNT,0.8,50.0,0.0,80,spectral_boundary,1630.1701298699809,1065.53875815091,299.9881116355729,2213.101556671386,0.6190719964875155,5,False,0.11151462513398122,9.859161388132209e-09,0.027948286328440184,2.5,407.5425324674951,22.15362913680778,0.23770113727515313,0.0027248134997350792,False,False,False
coarse,g01_c54,1,54,OC_CNT,0.8,100.0,0.0,60,spectral_boundary,4139.103206800127,1316.4962728956739,299.9881116355729,4139.103206800127,0.8664080591546576,1,True,0.07186770826296669,6.432195246814637e-14,3.2210124347170597e-06,13.5,1034.7758017000315,57.69965211113216,0.24292802631216676,0.006156053721236399,False,False,False
coarse,g01_c55,1,55,OC_CNT,0.8,150.0,0.0,60,spectral_boundary,5378.910690268649,2086.439267066648,299.9881116355729,6162.528674101695,0.96814728936574,5,False,0.4477970230596259,5.171595281286458e-08,0.03458517543165359,1.0,1344.7276725671622,263.65915460615656,0.22998503516552515,0.00919753540058399,False,False,False
coarse,g01_c56,1,56,OC_CNT,0.9,5.0,0.0,140,spectral_boundary,344.5953146610747,599.6016023336063,344.5953146610747,703.4306072383815,0.15913240727961908,1,True,0.03859579300606491,4.728824543290949e-13,1.92692494030278e-06,4.5,38.28836829567496,2.9182309115406686,0.34919686857035503,0.0020474622830614075,False,False,False
coarse,g01_c57,1,57,OC_CNT,0.9,10.0,0.0,120,spectral_boundary,685.9563265376526,690.2943734719006,400.22236773578163,859.7288123604833,0.2115215963940647,1,True,0.02473940889293134,3.6826440341618916e-15,4.4246544092384255e-08,7.0,76.2173696152947,5.315259613012359,0.3255179860354083,0.001634534747109062,False,False,False
coarse,g01_c58,1,58,OC_CNT,0.9,15.0,0.0,120,spectral_boundary,777.2113112957115,789.8709022265962,404.8459806438284,1053.0506046888524,0.2671741825396328,1,True,0.0440542130805004,3.722994550433053e-12,2.8236449229209867e-05,5.5,86.35681236619016,5.818506114376957,0.3004958818094632,0.0012464295116394464,False,False,False
coarse,g01_c59,1,59,OC_CNT,0.9,20.0,0.0,120,spectral_boundary,805.0386831709087,892.7530310911243,409.522254853353,1274.3710542649528,0.31654178379783715,1,True,0.06549578811650106,2.6593426965051736e-10,0.0008026774153070574,4.0,89.44874257454539,4.997346194623095,0.2758327348620587,0.0008699827491722711,False,False,False
coarse,g01_c60,1,60,OC_CNT,0.9,30.0,0.0,100,spectral_boundary,1675.6952439092966,926.2452061110381,299.98435477469343,1769.684137785991,0.5474878494741838,1,True,0.027691446646478112,2.078135812621412e-13,2.410618079413239e-06,8.5,186.18836043436625,11.909611783172947,0.2930835215552299,0.0004416520288876846,False,False,False
coarse,g01_c61,1,61,OC_CNT,0.9,50.0,0.0,100,spectral_boundary,1882.4586311582336,1317.2450940586873,299.98435477469343,2869.118946652781,0.6686069510771523,3,False,0.11004684140494345,1.0909574894801624e-09,0.0014301255571649797,2.0,209.16207012869256,12.795002660555141,0.2518209651822627,0.0020029349839383315,False,False,False
coarse,g01_c62,1,62,OC_CNT,0.9,100.0,0.0,80,spectral_boundary,4294.698859389101,2077.17066367421,299.98435477469343,5822.9400290804715,0.9072704983378171,4,False,0.13210755319549855,1.1029911491990433e-08,0.02336722506899218,2.0,477.18876215434443,24.835198440945483,0.2538691821850344,0.00523978924205859,False,False,False
coarse,g01_c63,1,63,OC_CNT,0.9,150.0,0.0,80,spectral_boundary,6138.9600351112085,3267.9093539624564,299.98435477469343,8849.086243036463,0.914198970834049,5,False,0.3409485398359516,2.2354644008067327e-08,0.01627103290363185,1.0,682.1066705679118,45.04403656881828,0.23862788054383788,0.007714910498127114,False,False,False
coarse,g02_c00,2,0,OC_CNT,0.2,5.0,0.1,40,spectral_boundary,541.3406371860272,528.1632306981085,299.9955684131474,658.6892436950316,0.2200217968490726,11,False,0.7037399696833834,2.3494699267608875e-07,0.0336142934352751,1.5,2165.362548744108,182.26924588058375,0.1118346711335288,0.0016523176277499774,False,False,False
coarse,g02_c01,2,1,OC_CNT,0.2,10.0,0.1,40,spectral_boundary,544.4174558726006,534.5432603703349,299.9955684131474,675.8978283233118,0.22662372077831058,10,False,0.7136510683052649,4.372433542732458e-07,0.05220904219682688,1.0,2177.6698234904025,224.10030336065282,0.11093268867177808,0.0013521967527412304,False,False,False
coarse,g02_c02,2,2,OC_CNT,0.2,15.0,0.1,40,spectral_boundary,552.05018987335,541.8373087312422,299.9955684131474,693.4602095872951,0.23385963163135193,10,False,0.7252878892321828,5.220846402774041e-07,0.09207635352863158,1.0,2208.2007594933993,312.4153558678732,0.12979784290791285,0.0010554359984645822,False,False,False
coarse,g02_c03,2,3,OC_CNT,0.2,20.0,0.1,40,spectral_boundary,577.1509013556868,551.1657001759663,299.9955684131474,711.3683946828774,0.24156939680607692,10,False,0.7252750970018542,6.047464676968998e-07,0.06807922421199637,1.0,2308.6036054227466,273.15248760149314,0.16460704026207618,0.000766771317441961,False,False,False
coarse,g02_c04,2,4,OC_CNT,0.2,30.0,0.1,40,spectral_boundary,616.8208739353995,567.5644481508103,299.9955684131474,748.1489695746221,0.2556384516466753,16,False,0.7775329054504947,6.288753033046771e-07,0.08684861364991,1.0,2467.283495741598,309.460281478257,0.21048918192032717,0.00018109088569440157,False,False,False
coarse,g02_c05,2,5,OC_CNT,0.2,50.0,0.1,40,spectral_boundary,697.3115499202538,601.1851491844452,299.9955684131474,815.6096705902415,0.2823931038877225,21,False,0.8348018101922192,6.492026895812753e-07,0.09967721842654237,2.0,2789.2461996810152,230.5839412195769,0.25921205267176894,0.00098721418439629,False,False,False
coarse,g02_c06,2,6,OC_CNT,0.2,100.0,0.1,40,spectral_boundary,1029.0439119251678,707.4205939954193,299.9955684131474,1029.0439119251678,0.35999581619868426,21,False,0.9226521325497024,4.516047918921744e-07,0.09113960250757554,1.0,4116.175647700671,437.75617497457904,0.2865961006021337,0.0038236921251761924,False,False,False
coarse,g02_c07,2,7,OC_CNT,0.2,150.0,0.1,40,spectral_boundary,1592.7309893086262,865.5496695810234,299.9955684131474,1592.7309893086262,0.470919056890339,11,False,0.8538093637327797,2.2853677527335027e-07,0.13746343209497186,1.0,6370.923957234504,1146.8125112583368,0.2739524538302909,0.006469071468918952,False,False,False
coarse,g02_c08,2,8,OC_CNT,0.3,5.0,0.1,60,spectral_boundary,541.2684324629017,584.651144538201,299.9948788636343,747.2640107246746,0.24006417476411548,1,True,0.037951868805488516,3.001160172323888e-11,6.684262710848121e-05,22.0,1262.9596757467712,46.29681644228263,0.13177391564125512,0.0020178990553615384,False,False,False
coarse,g02_c09,2,9,OC_CNT,0.3,10.0,0.1,60,spectral_boundary,578.4508743952456,605.1681801963282,299.9948788636343,782.2934515808365,0.2535713191237383,1,True,0.038146533410837936,4.938494163057198e-11,0.00010157163917633196,21.5,1349.71870692224,49.90988114540821,0.12970160697362304,0.0016094806679431972,False,False,False
coarse,g02_c10,2,10,OC_CNT,0.3,15.0,0.1,60,spectral_boundary,616.0188833900328,626.2497592920165,299.9948788636343,819.8456620244377,0.26751908020241955,1,True,0.038903947712212714,7.967723799511808e-11,0.00015664927945558673,21.0,1437.377394576743,54.42901543962365,0.1644228252031651,0.0012031611562094424,False,False,False
coarse,g02_c11,2,11,OC_CNT,0.3,20.0,0.1,40,spectral_boundary,852.1367079564709,576.8588038011937,299.9948788636343,852.1367079564709,0.3130304784715729,1,True,0.038535952137284224,3.838898908782734e-16,1.0737561603260467e-08,28.5,1988.3189852317655,67.01146260931998,0.16390055545014082,0.00037337737118958714,False,False,False
coarse,g02_c12,2,12,OC_CNT,0.3,30.0,0.1,40,spectral_boundary,928.2938167293837,601.1142679194294,299.9948788636343,928.2938167293837,0.3391575658931411,1,True,0.039324337903523916,8.801166852521395e-16,2.3490889091046128e-08,28.5,2166.018905701896,73.17670721220274,0.20817474208939102,0.000205883229433379,False,False,False
coarse,g02_c13,2,13,OC_CNT,0.3,50.0,0.1,40,spectral_boundary,1096.0866529546042,653.4276444782993,299.9948788636343,1096.0866529546042,0.3910448972197352,1,True,0.04213974151456403,4.228074433837942e-15,1.0265941351859491e-07,27.5,2557.535523560744,86.95252953187396,0.2506131289949157,0.001354252820251589,False,False,False
coarse,g02_c14,2,14,OC_CNT,0.3,100.0,0.1,40,spectral_boundary,1598.3815302551843,807.4663758502497,299.9948788636343,1598.3815302551843,0.5132529301243409,3,False,0.0725856143721077,2.8170356413113647e-11,4.8013928283494624e-05,23.5,3729.5569039287643,144.27382854380505,0.2784372743037191,0.004163569962195024,False,False,False
coarse,g02_c15,2,15,OC_CNT,0.3,150.0,0.1,40,spectral_boundary,2099.4465994907505,988.0982617556971,299.9948788636343,2099.4465994907505,0.6080169022968861,13,False,0.774052964051186,4.044671443618837e-07,0.07528383018285106,1.0,4898.708732145085,473.9291741898561,0.2824109792665026,0.006906074348630997,False,False,False
coarse,g02_c16,2,16,OC_CNT,0.4,5.0,0.1,60,spectral_boundary,744.4157361301181,605.7074702234113,299.9940554383957,801.7215389261742,0.2836508461122898,1,True,0.03255742558804345,9.191954176557411e-14,3.0338850467318176e-07,24.5,1116.6236041951774,39.18099016368913,0.1518754637986261,0.0017196226566312811,False,False,False
coarse,g02_c17,2,17,OC_CNT,0.4,10.0,0.1,60,spectral_boundary,811.0781784557785,632.079343876712,299.9940554383957,859.5574805078172,0.3066583244175898,1,True,0.032750487127241414,2.0346192628914192e-13,6.174695747566496e-07,24.0,1216.6172676836677,43.02348275217446,0.1494911325501525,0.0013168880579584874,False,False,False
coarse,g02_c18,2,18,OC_CNT,0.4,15.0,0.1,60,spectral_boundary,880.840620976857,659.6724331545709,299.9940554383957,923.6258363943637,0.32964418470016454,1,True,0.03294357906239499,4.369885133329533e-13,1.2116398387802017e-06,24.0,1321.2609314652855,47.10498922305158,0.15411942703112647,0.0009179681014468422,False,False,False
coarse,g02_c19,2,19,OC_CNT,0.4,20.0,0.1,60,spectral_boundary,953.1885304928608,688.4691328812868,299.9940554383957,991.3556278618503,0.35237262277203635,1,True,0.03313670133937031,9.091819317002859e-13,2.3023690131476077e-06,23.0,1429.782795739291,51.39322420272993,0.18365452931682236,0.0005227943616789021,False,False,False
coarse,g02_c20,2,20,OC_CNT,0.4,30.0,0.1,60,spectral_boundary,1102.8082408577166,749.5298018830987,299.9940554383957,1140.435639854178,0.3962759552218079,1,True,0.035218069953401,3.5508655548910928e-12,7.470732490613756e-06,22.5,1654.2123612865748,60.4047477786653,0.21747398184423317,0.0002568257816318864,False,False,False
coarse,g02_c21,2,21,OC_CNT,0.4,50.0,0.1,60,spectral_boundary,1396.0411473782074,883.6397169549653,299.9940554383957,1468.217930376449,0.4738445899001709,5,False,0.1563440013371221,2.905391898482701e-09,0.00139904377549171,5.5,2094.061721067311,110.78298542985145,0.24704999619450096,0.001779580457900276,False,False,False
coarse,g02_c22,2,22,OC_CNT,0.4,100.0,0.1,60,spectral_boundary,1874.6100580639566,1232.327907482944,299.9940554383957,2321.1046443279856,0.5839245283109346,15,False,0.8729573947651399,2.0982747058060546e-07,0.12280942436429061,1.0,2811.9150870959347,393.94004677199666,0.27445320939869344,0.005552319524953497,False,False,False
coarse,g02_c23,2,23,OC_CNT,0.4,150.0,0.1,60,spectral_boundary,3948.6534105212113,1782.085599595136,299.9940554383957,3948.6534105212113,0.694377044733359,15,False,0.8281875829670063,3.688865447363907e-07,0.25445270622722554,1.0,5922.9801157818165,926.4865426504128,0.2300948987353867,0.008666929477881946,False,False,False
coarse,g02_c24,2,24,OC_CNT,0.5,5.0,0.1,80,spectral_boundary,660.1081245647476,630.1036050852778,299.9930727893876,827.9993696251915,0.27507751857320056,1,True,0.02733465267767984,2.4940419302768724e-14,4.522993340217822e-08,21.5,660.1081245647476,24.3649213207504,0.17820996947216317,0.0020796367875796085,False,False,False
coarse,g02_c25,2,25,OC_CNT,0.5,10.0,0.1,80,spectral_boundary,749.7849150832503,675.2017988015248,299.9930727893876,915.9051625861532,0.30680891264214727,1,True,0.028406650220389965,6.718391812793239e-14,1.2272364314645711e-07,21.0,749.7849150832503,28.29108415270302,0.17413242959389974,0.0015938889873338136,False,False,False
coarse,g02_c26,2,26,OC_CNT,0.5,15.0,0.1,80,spectral_boundary,840.318028630776,722.9708880164103,299.9930727893876,1014.0876382541013,0.33834078537401924,1,True,0.029480081623422902,1.6029740516956318e-13,3.054915177553065e-07,20.5,840.3180286307759,32.4424251425239,0.1832991285390816,0.0011176384439366416,False,False,False
coarse,g02_c27,2,27,OC_CNT,0.5,20.0,0.1,80,spectral_boundary,927.6793284372404,773.018121190428,299.9930727893876,1121.3814757815258,0.3686260282549583,1,True,0.030554920838149927,3.34100216394987e-13,7.022997040439043e-07,19.5,927.6793284372404,36.651859948314474,0.20782376854593254,0.000649411314292303,False,False,False
coarse,g02_c28,2,28,OC_CNT,0.5,30.0,0.1,80,spectral_boundary,1075.028247460069,877.7507837222271,299.9930727893876,1355.1736138956326,0.42287028308846347,1,True,0.03305657800340447,8.986319573966126e-13,3.1370786514698777e-06,17.5,1075.028247460069,44.42756225498814,0.23639235804551118,0.00027110088447357406,False,False,False
coarse,g02_c29,2,29,OC_CNT,0.5,50.0,0.1,60,spectral_boundary,1849.5008830577456,910.5441199388061,299.9930727893876,1849.5008830577456,0.5563215498849966,1,True,0.039332381063196795,1.573181166461708e-14,9.158742613289516e-08,23.5,1849.5008830577458,67.73362972353945,0.23600492188489752,0.0020267224441783416,False,False,False
coarse,g02_c30,2,30,OC_CNT,0.5,100.0,0.1,60,spectral_boundary,2818.675175407523,1412.3720545635254,299.9930727893876,3132.458330980656,0.7188836580884076,10,False,0.7666375284607246,1.728116566338677e-07,0.0452179550352162,1.0,2818.675175407524,272.0614658882349,0.24991333767412394,0.005508573277282713,False,False,False
coarse,g02_c31,2,31,OC_CNT,0.5,150.0,0.1,60,spectral_boundary,4316.4146176845825,1985.2232147388784,299.9930727893876,4316.4146176845825,0.7777652268118997,13,False,0.8440978471028182,6.299581134369758e-07,0.08033762101025177,1.0,4316.4146176845825,559.05465734788,0.23684633638177777,0.008789374802586125,False,False,False
coarse,g02_c32,2,32,OC_CNT,0.6,5.0,0.1,600,completed,1.182640229629806,1.5449343872779782,1.182640229629806,2.0274691654062202,0.1582511087017954,1,True,0.006299231823584929,5.6499883901564146e-24,3.4578220977841205e-30,38.0,0.7884268197532041,0.01938603870154512,0.467521826363816,0.000177640407267865,True,False,False
coarse,g02_c33,2,33,OC_CNT,0.6,10.0,0.1,600,completed,566.2861498118881,479.4409302115436,291.42389668376615,588.3255882179689,0.20475222197114648,1,True,0.010642509633263368,5.298329717468115e-21,4.649712507038629e-15,22.5,377.524099874592,13.521620991856723,0.19511965444826213,0.0009393085298475823,True,False,False
coarse,g02_c34,2,34,OC_CNT,0.6,15.0,0.1,100,spectral_boundary,780.1030124171301,768.2036593056536,299.9918662286575,1097.3322845555513,0.34672647937871975,1,True,0.024245835219511926,1.0058479959775469e-14,1.951425247967504e-08,18.0,520.0686749447535,21.33102404912243,0.20197022615342242,0.001294757032455185,False,False,False
coarse,g02_c35,2,35,OC_CNT,0.6,20.0,0.1,100,spectral_boundary,859.9816370765204,841.4587214642343,299.9918662286575,1255.6084931015857,0.38457592679952357,1,True,0.02690235237074167,3.6009864979545223e-14,6.381328529217259e-08,17.0,573.321091384347,24.66961443839577,0.22271573575714831,0.0007816527907861248,False,False,False
coarse,g02_c36,2,36,OC_CNT,0.6,30.0,0.1,80,spectral_boundary,1557.508315348183,920.0523499624799,299.9918662286575,1604.172927253946,0.5029398985149724,1,True,0.031244051275350838,8.681254563596913e-15,3.392050111493274e-08,20.5,1038.3388768987888,40.09525644409676,0.21092894235592485,0.0003999700432144593,False,False,False
coarse,g02_c37,2,37,OC_CNT,0.6,50.0,0.1,80,spectral_boundary,1991.0396461210285,1219.2738968542265,299.9918662286575,2345.060434840422,0.6084455678678471,1,True,0.04036834664606238,7.957190185248054e-13,2.971923069406833e-06,16.5,1327.3597640806856,56.30139283630654,0.23183440214209428,0.0020137524001822005,False,False,False
coarse,g02_c38,2,38,OC_CNT,0.6,100.0,0.1,60,spectral_boundary,4139.178790146254,1502.0254481757947,299.9918662286575,4139.178790146254,0.8336086801098134,1,True,0.06478319271735898,2.522740689841862e-14,9.094640453069004e-08,21.0,2759.452526764169,107.85897767067266,0.22410891048220904,0.005597794966684444,False,False,False
coarse,g02_c39,2,39,OC_CNT,0.6,150.0,0.1,60,spectral_boundary,4721.042579197385,2211.2256242402386,299.9918662286575,5779.444618723381,0.8875564379455438,15,False,0.8771549557219799,7.879076529361958e-08,0.06529359217534385,1.5,3147.361719464924,348.9529407254409,0.23291353358543765,0.008695363108149112,False,False,False
coarse,g02_c40,2,40,OC_CNT,0.7,5.0,0.1,600,completed,0.6783348357380916,1.0298053139942913,0.6783348357380916,1.5167724547628691,0.23508134509603287,1,True,0.008852939377382494,9.148359372976227e-24,3.4787654838548424e-30,35.0,0.29071492960203926,0.007745387852197255,0.4520007355217165,0.00013594823949880652,True,False,False
coarse,g02_c41,2,41,OC_CNT,0.7,10.0,0.1,600,completed,498.37192142676514,299.7105450574291,155.72588482235628,498.37192142676514,0.33893275345866425,1,True,0.012140599377321962,3.076009145818367e-24,2.210225743662024e-20,29.0,213.58796632575653,6.473478243447349,0.2310734119561672,0.0001744814301001263,True,True,False
coarse,g02_c42,2,42,OC_CNT,0.7,15.0,0.1,600,completed,638.5428690444417,486.80567733370015,431.9549120106272,638.5428690444417,0.1199493203744093,3,False,0.016102909519439282,1.4715502032455453e-16,8.140249954453903e-11,16.5,273.661229590475,5.968424956109784,0.2149276905791606,5.555152958214293e-05,True,False,False
coarse,g02_c43,2,43,OC_CNT,0.7,20.0,0.1,480,spectral_boundary,1454.432974919103,894.5798414619056,677.0281618419816,1454.432974919103,0.2698980903940624,3,False,0.024482542124982316,1.6564941490476222e-12,4.290352858438341e-08,19.5,623.3284178224728,11.940916766668453,0.21135440903224761,0.000767801347750674,False,False,False
coarse,g02_c44,2,44,OC_CNT,0.7,30.0,0.1,100,spectral_boundary,1576.1700245809234,1083.435313251554,299.990308535719,1899.016519068507,0.5315118395120315,1,True,0.029601490694703275,2.74191090321226e-15,1.2032315534746689e-08,17.0,675.5014391061102,28.729741025888387,0.2207526083751326,0.00012019938007024056,False,False,False
coarse,g02_c45,2,45,OC_CNT,0.7,50.0,0.1,100,spectral_boundary,1388.819732533938,1465.6123806740475,299.990308535719,2950.4583168843146,0.6272712840168929,1,True,0.056347344401346644,4.456602267706749e-13,1.3542428928303877e-06,12.0,595.2084568002592,30.384531618970648,0.24137957411561883,0.0019099983291953615,False,False,False
coarse,g02_c46,2,46,OC_CNT,0.7,100.0,0.1,80,spectral_boundary,2299.916006380453,2188.268598710679,299.990308535719,5440.859837972108,0.8107428315169053,6,False,0.5850790899667775,2.37528498049274e-07,0.06471724045836924,1.0,985.6782884487658,173.08676363566025,0.24090948613911123,0.005753847893569697,False,False,False
coarse,g02_c47,2,47,OC_CNT,0.7,150.0,0.1,60,spectral_boundary,7286.769683548632,2458.3469210960807,299.990308535719,7697.1856124552605,1.0261847923652383,1,True,0.09137168042212822,2.4905752413904992e-11,0.0003891555727590377,15.0,3122.9012929494147,147.78602218334217,0.20872772386017913,0.008403089578448819,False,False,False
coarse,g02_c48,2,48,OC_CNT,0.8,5.0,0.1,600,completed,0.3350274525615973,0.6306336219751539,0.3350274525615973,1.076495964941047,0.338136143884051,1,True,0.0123221617911082,9.895135516575643e-24,2.9790461777812743e-30,32.5,0.0837568631403993,0.002401255982241866,0.3966943910989756,6.855983741083094e-05,True,False,False
coarse,g02_c49,2,49,OC_CNT,0.8,10.0,0.1,600,completed,183.20117320358574,111.11767580042236,65.8335424653158,183.20117320358574,0.30375142025604307,1,True,0.011710706384565794,4.747984379901902e-24,2.232948061466451e-28,31.0,45.80029330089643,1.3678650263352659,0.2617416094944462,0.0004669034188370391,True,False,False
coarse,g02_c50,2,50,OC_CNT,0.8,15.0,0.1,600,completed,448.07902549486187,627.2423698452913,448.07902549486187,799.9794402838701,0.2005328294124153,6,False,0.013087527911003993,1.8401667513448593e-18,2.3693080217757754e-12,14.5,112.01975637371545,4.602252151723861,0.2418740267647369,0.0005170384327478628,True,False,False
coarse,g02_c51,2,51,OC_CNT,0.8,20.0,0.1,560,spectral_boundary,1437.845620710656,1124.3040668705803,783.0641485824765,1447.9757129627428,0.21380447999779306,3,False,0.019909478519094307,2.4536558649998385e-13,1.4867746104894553e-08,19.0,359.46140517766383,7.119345066861565,0.2455344624245368,0.001468877082334119,False,False,False
coarse,g02_c52,2,52,OC_CNT,0.8,30.0,0.1,360,spectral_boundary,1716.9453996740585,1075.2540119356238,558.5630279869233,1716.9453996740585,0.2698748137771164,3,False,0.024214340768424873,1.5842649081907496e-13,2.5456013692436845e-08,11.0,429.2363499185145,11.524323006929395,0.24305017879675067,0.0002542178912756654,False,False,False
coarse,g02_c53,2,53,OC_CNT,0.8,50.0,0.1,120,spectral_boundary,961.4104408969743,1937.5174757665088,460.26985258079606,3697.1955948692535,0.5520573356760333,3,False,0.0589843265291325,1.4684967639308127e-13,1.2934298258774373e-07,9.5,240.35261022424345,13.83449873296257,0.21654602029288827,0.00040235203035809963,False,False,False
coarse,g02_c54,2,54,OC_CNT,0.8,100.0,0.1,80,spectral_boundary,4823.224836589089,2592.5214215743595,299.9881116355729,7162.212527510931,0.9334447674033652,1,True,0.08889582769740405,1.496707469036087e-12,2.875003648276031e-05,11.5,1205.806209147272,55.34485479546166,0.238789933535124,0.004713347801762469,False,False,False
coarse,g02_c55,2,55,OC_CNT,0.8,150.0,0.1,80,spectral_boundary,2828.5838204515067,3453.0205681177163,299.9881116355729,10310.727270609452,0.9455390589534326,7,False,0.7192882516319815,5.783720242387917e-07,0.08721813817396484,2.0,707.1459551128764,85.72593687249999,0.20142418040714516,0.008560012084113167,False,False,False
coarse,g02_c56,2,56,OC_CNT,0.9,5.0,0.1,600,completed,0.09819635565519227,0.27613744632564635,0.09819635565519227,0.593727677213086,0.5108815314340681,1,True,0.01832492682812802,5.1458213441015974e-24,2.4940718692797244e-30,30.5,0.010910706183910249,0.0003258233986560631,0.2487793789394962,8.609832886685709e-05,True,False,False
coarse,g02_c57,2,57,OC_CNT,0.9,10.0,0.1,600,completed,21.529783093467888,18.48083966412883,17.10422604465908,21.529783093467888,0.07138626319928548,1,True,0.004434849302795427,7.683656417276414e-24,2.469001432713571e-30,29.0,2.392198121496432,0.0763533470135551,0.11716717052221359,0.0005668564829504064,True,False,False
coarse,g02_c58,2,58,OC_CNT,0.9,15.0,0.1,600,completed,772.2309540090635,475.0551818697594,240.37498465034213,772.2309540090635,0.33882525845062306,1,True,0.012653436989401157,1.2234656017417807e-23,1.2089255668500552e-22,24.0,85.80343933434037,3.0748900343474426,0.28500845065150393,0.00021927393617071633,True,False,False
coarse,g02_c59,2,59,OC_CNT,0.9,20.0,0.1,600,completed,725.2441022993632,857.4341315059684,720.767008610833,1026.1575024428773,0.13475552894288437,6,False,0.01302402255528137,6.5332127785347995e-18,1.4575505550162705e-12,13.0,80.58267803326257,2.5939848527763396,0.24405377252165805,0.0007338029234669197,True,False,False
coarse,g02_c60,2,60,OC_CNT,0.9,30.0,0.1,480,spectral_boundary,1932.899446165343,1658.667969993227,1341.6849755744238,1980.3307273685764,0.1381250314013192,5,False,0.017246678181264047,2.2131407130095427e-13,2.6843844155387385e-08,12.5,214.7666051294825,5.871422625599907,0.27084309456356115,0.0019418821878806058,False,False,False
coarse,g02_c61,2,61,OC_CNT,0.9,50.0,0.1,300,spectral_boundary,2764.792984852602,1380.683599658637,454.7610587471421,2764.792984852602,0.5244526482884065,3,False,0.023474566154664145,2.0644671348463603e-14,2.0044644840443783e-08,9.0,307.199220539178,9.704501895237462,0.2592896321752691,0.0017593293058425497,False,False,False
coarse,g02_c62,2,62,OC_CNT,0.9,100.0,0.1,100,spectral_boundary,2570.305827342765,3180.8027530697063,299.98435477469343,9000.4649310164,0.9198958553289752,3,False,0.10112332996624127,1.9220717524012187e-14,7.292255537540109e-07,7.5,285.58953637141826,14.385353094538681,0.1892172964093367,0.0029653678099821335,False,False,False
coarse,g02_c63,2,63,OC_CNT,0.9,150.0,0.1,80,spectral_boundary,6162.657378578717,4196.735504022705,299.98435477469343,13396.801749005144,1.060186000108221,1,True,0.13480553319808564,1.0355217272114935e-10,0.0008026435649730073,8.0,684.7397087309685,31.871390011660907,0.2326891789841743,0.0052868583123544255,False,False,False
coarse,g03_c00,3,0,OC_CNT,0.2,5.0,0.2,40,spectral_boundary,736.9154887126676,560.2639282558615,299.9955684131474,736.9154887126676,0.26061615601181276,15,False,0.1619519204458786,1.2566005733765744e-10,0.0010116084833809086,2.0,2947.6619548506706,86.2910853835007,0.10968543757028654,0.0017757743891705369,False,False,False
coarse,g03_c01,3,1,OC_CNT,0.2,10.0,0.2,40,spectral_boundary,768.7416811642906,571.1541172452191,299.9955684131474,768.7416811642906,0.27230615911172934,17,False,0.26473945448072816,1.6001975757435848e-10,0.0027844029978257435,1.5,3074.966724657163,109.78764910468854,0.10875281061918551,0.0014927627279022193,False,False,False
coarse,g03_c02,3,2,OC_CNT,0.2,15.0,0.2,40,spectral_boundary,799.7119132493187,582.2624826719527,299.9955684131474,800.6552362011598,0.28400530953450065,17,False,0.393903552779897,9.958546749300208e-10,0.008749895872745658,1.5,3198.847652997275,135.43530504440946,0.10816567384079906,0.0012104247850651673,False,False,False
coarse,g03_c03,3,3,OC_CNT,0.2,20.0,0.2,40,spectral_boundary,827.8548303433845,593.5317261707372,299.9955684131474,833.3740694291066,0.29557718274503536,17,False,0.48481341507099607,6.656343141935884e-09,0.03253967632225502,1.0,3311.419321373538,190.10735800231035,0.11457107641470232,0.0009284292225053559,False,False,False
coarse,g03_c04,3,4,OC_CNT,0.2,30.0,0.2,40,spectral_boundary,885.2406079440912,616.7446345975313,299.9955684131474,898.5279694159483,0.3185691587810789,22,False,0.7088189927378761,4.416703336207716e-08,0.04653931249774657,1.0,3540.9624317763646,259.9188804148521,0.16162590678969413,0.00036672986866836954,False,False,False
coarse,g03_c05,3,5,OC_CNT,0.2,50.0,0.2,40,spectral_boundary,995.6034090158068,664.3691649172188,299.9955684131474,1016.2673551518352,0.36091367087879506,26,False,0.7194305309080443,3.954865649334367e-07,0.10186750018791367,1.0,3982.413636063227,306.93855339065965,0.21411096831766507,0.0007531539346817828,False,False,False
coarse,g03_c06,3,6,OC_CNT,0.2,100.0,0.2,40,spectral_boundary,1406.8903428029685,800.7225478867617,299.9955684131474,1406.8903428029685,0.46025597063343776,34,False,0.8486209538159766,8.270263430657236e-08,0.07358000572151073,1.0,5627.561371211875,472.6281378235486,0.2516987346161135,0.003484494998562737,False,False,False
coarse,g03_c07,3,7,OC_CNT,0.2,150.0,0.2,40,spectral_boundary,1947.982844549152,956.519396309946,299.9955684131474,1947.982844549152,0.5435728094665796,30,False,0.9008668153099773,1.6782948025362183e-06,0.12318827278477006,1.5,7791.931378196609,494.1851039449927,0.2507168849737619,0.006140486336968065,False,False,False
coarse,g03_c08,3,8,OC_CNT,0.3,5.0,0.2,40,spectral_boundary,801.9428074426276,548.8976851279195,299.9948788636343,801.9428074426276,0.28815758696918015,1,True,0.03712078795567978,1.663545997955424e-12,3.022777067677213e-06,43.5,1871.1998840327979,46.026618097077005,0.12963710243586357,0.0012670297415433573,False,False,False
coarse,g03_c09,3,9,OC_CNT,0.3,10.0,0.2,40,spectral_boundary,841.5659269098853,560.7255225214097,299.9948788636343,841.5659269098853,0.3025379135168773,1,True,0.03731528259111324,2.0075036997932442e-12,3.920244441603223e-06,42.5,1963.6538294563993,48.292599506250035,0.12834491679436377,0.0009767138780983897,False,False,False
coarse,g03_c10,3,10,OC_CNT,0.3,15.0,0.2,40,spectral_boundary,882.9232195745842,572.9127711355422,299.9948788636343,882.9232195745842,0.31702758382972884,1,True,0.03750980653273321,2.3909425154982362e-12,5.07237107888999e-06,42.5,2060.1541790073634,50.6568244372684,0.12740629893548355,0.0006873707424637221,False,False,False
coarse,g03_c11,3,11,OC_CNT,0.3,20.0,0.2,40,spectral_boundary,926.0713733306286,585.4692923237614,299.9948788636343,926.0713733306286,0.3316072493119336,1,True,0.037704359754037894,2.792100027011005e-12,6.5584312206664006e-06,42.5,2160.8332044381336,53.123488650774576,0.1525966877755739,0.00039902680191772344,False,False,False
coarse,g03_c12,3,12,OC_CNT,0.3,30.0,0.2,40,spectral_boundary,1017.9745468282489,611.7301697732744,299.9948788636343,1017.9745468282489,0.36096696433951425,1,True,0.038093553932566714,4.065314202917317e-12,1.097263983705756e-05,42.5,2375.273942599248,58.38376193162297,0.19600816940107524,0.00017455623524942343,False,False,False
coarse,g03_c13,3,13,OC_CNT,0.3,50.0,0.2,40,spectral_boundary,1225.9512797577677,669.1280658556735,299.9948788636343,1225.9512797577677,0.42006169182902875,1,True,0.04228287444952032,8.296703327506697e-12,3.093079294726166e-05,42.5,2860.5529861014584,70.35243883231152,0.23709192984483618,0.0013085415335696293,False,False,False
coarse,g03_c14,3,14,OC_CNT,0.3,100.0,0.2,40,spectral_boundary,1909.648774770451,844.8663057747863,299.9948788636343,1909.648774770451,0.5652247173043817,1,True,0.05727353549414659,4.4033633084756e-11,0.00040230694947310106,40.0,4455.847141131053,112.0932708024898,0.2594391721253885,0.004056543020597547,False,False,False
coarse,g03_c15,3,15,OC_CNT,0.3,150.0,0.2,40,spectral_boundary,2615.0245629694823,1063.0385224724985,299.9948788636343,2615.0245629694823,0.682788693940235,30,False,0.8533344940239962,5.566156065785302e-08,0.07750311746629888,1.5,6101.723980262127,375.6834534178859,0.26107450315757397,0.006698056976612188,False,False,False
coarse,g03_c16,3,16,OC_CNT,0.4,5.0,0.2,60,spectral_boundary,902.7715134257649,629.2560575160373,299.9940554383957,902.7715134257649,0.3176088234649456,1,True,0.032001236511466524,3.966439764151502e-12,2.5729063386920855e-07,42.0,1354.1572701386472,31.507317953762797,0.15014871880707664,0.0017978107856009284,False,False,False
coarse,g03_c17,3,17,OC_CNT,0.4,10.0,0.2,60,spectral_boundary,1002.8605968435213,660.4674786816956,299.9940554383957,1002.8605968435213,0.34711069553966,1,True,0.03219432536470475,5.981231948994274e-12,3.8697280440518545e-07,42.0,1504.2908952652822,35.11039939778139,0.14793352548595307,0.001410891437960915,False,False,False
coarse,g03_c18,3,18,OC_CNT,0.4,15.0,0.2,60,spectral_boundary,1112.2418873499937,693.7242705318772,299.9940554383957,1112.2418873499937,0.37696490248720205,1,True,0.03238744263082656,8.325656498974796e-12,5.596099737990842e-07,42.0,1668.3628310249906,39.07181140017733,0.14638589563190252,0.0010304672677541316,False,False,False
coarse,g03_c19,3,19,OC_CNT,0.4,20.0,0.2,60,spectral_boundary,1231.3897959592448,729.122197317329,299.9940554383957,1231.3897959592448,0.406958125653918,1,True,0.032580588288949545,1.0855007948353275e-11,7.908060070624436e-07,41.0,1847.0846939388675,43.41431945516336,0.15070977022493315,0.0006568358890622905,False,False,False
coarse,g03_c20,3,20,OC_CNT,0.4,30.0,0.2,60,spectral_boundary,1500.3503709082947,806.6948800278288,299.9940554383957,1500.3503709082947,0.4666118532668005,1,True,0.03353854173828327,1.3800114831489063e-11,1.4673372889631134e-06,40.5,2250.5255563624423,53.40522404649686,0.17937422706827932,6.896162671621298e-05,False,False,False
coarse,g03_c21,3,21,OC_CNT,0.4,50.0,0.2,40,spectral_boundary,1202.9496751177303,632.8175608253298,299.9940554383957,1202.9496751177303,0.4220566283903834,1,True,0.03900000137950397,5.393685959184424e-15,3.120664569334367e-08,40.5,1804.4245126765954,48.09876415666209,0.26764192210638627,0.001671600989764488,False,False,False
coarse,g03_c22,3,22,OC_CNT,0.4,100.0,0.2,40,spectral_boundary,1949.5159091914018,810.1334032249622,299.9940554383957,1949.5159091914018,0.5860906589219008,1,True,0.059073490773651094,2.749679740572628e-13,2.233661869558817e-06,39.5,2924.2738637871025,77.63848323885145,0.28109906050557654,0.004494781353237665,False,False,False
coarse,g03_c23,3,23,OC_CNT,0.4,150.0,0.2,40,spectral_boundary,3051.5278785773144,1052.135445153162,299.9940554383957,3051.5278785773144,0.7416239156367609,1,True,0.07636027038904515,4.685837127420028e-12,5.5894895420770154e-05,39.0,4577.291817865971,121.28574484943576,0.26873505546505405,0.007175188007762845,False,False,False
coarse,g03_c24,3,24,OC_CNT,0.5,5.0,0.2,600,completed,0.10002646628718717,0.202389795206612,0.10002646628718717,0.3669127354038317,0.3773597162997342,1,True,0.013821473319964217,5.2487954878440684e-24,4.388485133718362e-30,83.5,0.10002646628718717,0.0011305062542277826,0.48267533841969906,0.00021679767940552264,True,False,False
coarse,g03_c25,3,25,OC_CNT,0.5,10.0,0.2,600,completed,82.39005118534143,48.469425296431965,29.113734946409835,82.39005118534143,0.3127889247550929,1,True,0.013612193717998468,1.0306084587017719e-24,4.128714638856585e-30,80.0,82.39005118534142,0.9696592714516863,0.2762962138189584,0.0008089774476721656,True,False,False
coarse,g03_c26,3,26,OC_CNT,0.5,15.0,0.2,60,spectral_boundary,1106.4787145911268,654.2257713159458,299.9930727893876,1106.4787145911268,0.381273022115172,1,True,0.028337388104370392,1.9164168767601136e-14,1.6151717109447222e-08,42.0,1106.4787145911264,27.218931904627567,0.17112194602729974,0.0006638736242937648,False,False,False
coarse,g03_c27,3,27,OC_CNT,0.5,20.0,0.2,60,spectral_boundary,1234.2189827882971,689.1746811835236,299.9930727893876,1234.2189827882971,0.4150214503218836,1,True,0.02894429426601787,4.81283970212764e-14,3.254448321732834e-08,42.0,1234.2189827882974,30.43221994988398,0.1780250728009526,0.0002756537043456797,False,False,False
coarse,g03_c28,3,28,OC_CNT,0.5,30.0,0.2,60,spectral_boundary,1529.0271047593183,766.8412671729285,299.9930727893876,1529.0271047593183,0.48286553045031894,1,True,0.03127351795781476,2.588691498266347e-13,1.1313611076103043e-07,41.0,1529.0271047593183,37.87676818972153,0.2030070436231174,0.00047931281951230087,False,False,False
coarse,g03_c29,3,29,OC_CNT,0.5,50.0,0.2,60,spectral_boundary,2292.650104534318,957.3360376029104,299.9930727893876,2292.650104534318,0.6153125865680048,1,True,0.038900311694053134,2.5991315903989592e-12,8.418827796246717e-07,39.5,2292.6501045343184,57.36292770773268,0.2138085898043922,0.0018922868923518799,False,False,False
coarse,g03_c30,3,30,OC_CNT,0.5,100.0,0.2,60,spectral_boundary,4548.420312830522,1650.6966828560987,299.9930727893876,4649.171112802273,0.8570487908257125,21,False,0.9103199233035222,5.644744013887914e-08,0.05863790548736937,1.5,4548.420312830523,404.3793670063773,0.2030682445439984,0.004841484237145255,False,False,False
coarse,g03_c31,3,31,OC_CNT,0.5,150.0,0.2,40,spectral_boundary,2988.97983261138,993.5199360452829,299.9930727893876,2988.97983261138,0.7486792026175527,1,True,0.08189050088053305,1.009495679938005e-15,1.871316948542756e-08,37.5,2988.979832611381,84.77044691670078,0.27926636831508056,0.007543284109437054,False,False,False
coarse,g03_c32,3,32,OC_CNT,0.6,5.0,0.2,600,completed,0.15688578931189728,0.3203562707043832,0.15688578931189728,0.5824423680522408,0.38030131440860404,1,True,0.013890097765290273,5.668138638093748e-24,3.904796869385282e-30,77.5,0.10459052620793152,0.0012684957696851933,0.47607377553394453,0.00018374463792414364,True,False,False
coarse,g03_c33,3,33,OC_CNT,0.6,10.0,0.2,600,completed,79.34028649243695,49.45369887225154,32.01627404760647,79.34028649243695,0.2733502118119256,1,True,0.012071166630896323,1.3240599105264826e-24,3.842544245770089e-30,74.5,52.89352432829129,0.6665903991923272,0.2600496737143905,0.0007913200871300097,True,False,False
coarse,g03_c34,3,34,OC_CNT,0.6,15.0,0.2,600,completed,1377.2927396165119,1294.1838111780564,698.1311809731778,1619.1726204114707,0.2287784153334552,1,True,0.013545081340999502,4.274157781695326e-25,3.1063565775648782e-30,50.0,918.1951597443411,15.843634228688195,0.17602010590268274,0.003406309608873226,True,False,False
coarse,g03_c35,3,35,OC_CNT,0.6,20.0,0.2,600,completed,187.9173266499909,543.9435316645956,187.9173266499909,1286.046993636006,0.5881387007386837,1,True,0.021561808144177796,1.5189532324994292e-24,1.6834078842144995e-23,40.0,125.2782177666606,2.862676005473387,0.2565801638509909,0.0004797841307153661,True,False,False
coarse,g03_c36,3,36,OC_CNT,0.6,30.0,0.2,80,spectral_boundary,2158.465569120494,992.9818180115286,299.9918662286575,2158.465569120494,0.5798537658301202,1,True,0.029766455436699615,3.938731195401073e-14,1.3076032980360791e-08,38.5,1438.9770460803293,35.441718454877055,0.19181980738872062,0.00015677413696135734,False,False,False
coarse,g03_c37,3,37,OC_CNT,0.6,50.0,0.2,60,spectral_boundary,2229.501309676426,894.707067617257,299.9918662286575,2229.501309676426,0.6182624472779106,1,True,0.03919644748058975,6.615610202057335e-15,1.1279963851916707e-08,39.0,1486.3342064509507,39.123991293420914,0.22854932179641751,0.002267815640931703,False,False,False
coarse,g03_c38,3,38,OC_CNT,0.6,100.0,0.2,60,spectral_boundary,5639.219172921508,1634.3552681451297,299.9918662286575,5639.219172921508,0.9287279187857133,1,True,0.0657897884214638,3.211871997213267e-12,5.610437172633723e-06,35.5,3759.4794486143383,102.34170073724636,0.19651444562747533,0.005260235146868797,False,False,False
coarse,g03_c39,3,39,OC_CNT,0.6,150.0,0.2,60,spectral_boundary,7544.354789527891,2650.4995053448606,299.9918662286575,8105.9521154967915,1.0184310262201703,24,False,0.8517348460441576,1.95829781591097e-07,0.09528577015259507,2.0,5029.56985968526,452.43397181089665,0.19459482767149705,0.007606492728447378,False,False,False
coarse,g03_c40,3,40,OC_CNT,0.7,5.0,0.2,600,completed,0.20624889750872777,0.4388359786117186,0.20624889750872777,0.8155935259195437,0.39740515710755386,1,True,0.014441013871274139,6.088901378859092e-24,3.473191573396693e-30,72.5,0.08839238464659763,0.0011485436526473705,0.45445254739802443,0.00013908370373705292,True,False,False
coarse,g03_c41,3,41,OC_CNT,0.7,10.0,0.2,600,completed,66.49399074207355,44.844577491739955,32.0644939097161,66.49399074207355,0.22038326954512316,1,True,0.010120173800330022,1.5931886871049952e-24,3.9230766463388e-30,70.0,28.497424603745813,0.38475280943034107,0.2593515362410446,0.0007736363785634248,True,False,False
coarse,g03_c42,3,42,OC_CNT,0.7,15.0,0.2,600,completed,1571.7533737580488,1070.9077487654374,505.79108581258043,1571.7533737580488,0.32866924488493177,1,True,0.014827482655371892,7.789122997491629e-25,2.934058643802511e-30,55.0,673.6085887534498,10.998682073023112,0.2113542886822365,0.002233659175324143,True,False,False
coarse,g03_c43,3,43,OC_CNT,0.7,20.0,0.2,600,completed,309.0243800960321,980.9889529317202,309.0243800960321,1868.9779797511096,0.5176131257704419,1,True,0.021369652544522187,2.1229801089397084e-24,2.816602572370109e-29,38.0,132.43902004115665,3.1070801885083346,0.22190044344114312,0.0010195324660132732,True,False,False
coarse,g03_c44,3,44,OC_CNT,0.7,30.0,0.2,600,completed,1421.15513795313,817.0750921176534,537.5862530648708,1421.15513795313,0.32186106179492213,1,True,0.013918411650022515,1.1851082778058682e-23,1.3440839190258204e-20,36.0,609.0664876941987,15.396871578378281,0.18260531174062894,0.001120527424917861,True,False,False
coarse,g03_c45,3,45,OC_CNT,0.7,50.0,0.2,80,spectral_boundary,4003.401253738253,1379.175508054271,299.990308535719,4003.401253738253,0.7924729106852781,1,True,0.040058368912812656,1.351469166198901e-13,2.394260240209371e-08,36.0,1715.7433944592517,45.38162851742638,0.2217181569890861,0.0017491678562507884,False,False,False
coarse,g03_c46,3,46,OC_CNT,0.7,100.0,0.2,60,spectral_boundary,5648.173580180408,1528.405286850102,299.990308535719,5648.173580180408,0.9488803265827356,1,True,0.0682331242557157,1.1800261402023467e-14,6.140585277261378e-08,35.5,2420.645820077318,68.56334902198435,0.21705420450782215,0.005715313765681351,False,False,False
coarse,g03_c47,3,47,OC_CNT,0.7,150.0,0.2,60,spectral_boundary,10858.88756526526,2789.5028771864495,299.990308535719,11018.535547374004,1.1495767775343773,12,False,0.4939096214991776,3.027202183773313e-08,0.05863219294778833,1.0,4653.808956542255,333.7356596539587,0.21421772770077546,0.007640973531865769,False,False,False
coarse,g03_c48,3,48,OC_CNT,0.8,5.0,0.2,600,completed,0.20535078543464133,0.4834806168542083,0.20535078543464133,0.9500724124592017,0.44005933123084995,1,True,0.015874045855303633,5.3099229221634886e-24,3.0497343304959627e-30,68.0,0.05133769635866032,0.0007149297339816907,0.39697523663118406,6.979330503786851e-05,True,False,False
coarse,g03_c49,3,49,OC_CNT,0.8,10.0,0.2,600,completed,43.525305047332616,33.2228865949199,27.482466453867524,43.525305047332616,0.14014651697121322,1,True,0.007252030699566651,4.300562070747792e-24,3.034992257160008e-30,65.0,10.88132626183315,0.15776674047003364,0.2421285958292707,0.0007389301337030751,True,False,False
coarse,g03_c50,3,50,OC_CNT,0.8,15.0,0.2,600,completed,1220.3267456669594,694.148154615279,318.756755730365,1220.3267456669594,0.38991913805024275,1,True,0.01444301525129321,1.472605945670176e-24,2.723540149807423e-30,58.5,305.08168641673973,4.857467551989829,0.2562692991016532,0.0007726716077451901,True,False,False
coarse,g03_c51,3,51,OC_CNT,0.8,20.0,0.2,600,completed,735.289605046898,1517.8887263187612,735.289605046898,1917.1437013342188,0.2522334275848332,1,True,0.019761661780613643,2.7436369109906113e-24,2.2720019592758678e-30,39.5,183.82240126172448,3.929055732069188,0.22541520712370744,0.002791397513677407,True,False,False
coarse,g03_c52,3,52,OC_CNT,0.8,30.0,0.2,600,completed,650.7784433683079,497.524602640369,440.2578294809118,650.7784433683079,0.11181510086667212,1,True,0.012184048157476491,2.038249377363659e-23,1.7874948198877847e-20,36.0,162.69461084207694,4.1980254439220275,0.18718724656906582,0.0022833644539625997,True,False,False
coarse,g03_c53,3,53,OC_CNT,0.8,50.0,0.2,560,spectral_boundary,3300.9556277195516,3172.1100396466336,2691.392378004339,3563.8597739891857,0.096523540520139,3,False,0.023176853728819426,5.582461957415187e-14,4.23894419279615e-08,37.5,825.2389069298877,8.706792969031577,0.19030030123737257,0.0038114872108556686,False,False,False
coarse,g03_c54,3,54,OC_CNT,0.8,100.0,0.2,80,spectral_boundary,10243.557348394395,3181.8955341627325,299.9881116355729,10481.58362585746,1.081076197653115,1,True,0.06876423373405063,1.0993984857402947e-11,9.189082135821737e-06,25.5,2560.8893370985984,84.19667250649222,0.2563334614189075,0.0030559229936867327,False,False,False
coarse,g03_c55,3,55,OC_CNT,0.8,150.0,0.2,60,spectral_boundary,12060.081491747642,2600.493823520702,299.9881116355729,12060.081491747642,1.2037007027889255,1,True,0.09442216219634873,3.4921707125631755e-15,5.7073945179442505e-08,31.5,3015.020372936909,92.67215219461133,0.2577371836872831,0.008098628698936405,False,False,False
coarse,g03_c56,3,56,OC_CNT,0.9,5.0,0.2,600,completed,0.10073888547695248,0.31461642126904166,0.10073888547695248,0.7140863211456778,0.5531199172245499,1,True,0.019975761123327766,8.15674537189497e-24,2.6092748665438007e-30,62.5,0.011193209497439162,0.0001670947615462916,0.24873104987222694,8.568814970166816e-05,True,False,False
coarse,g03_c57,3,57,OC_CNT,0.9,10.0,0.2,600,completed,12.844761239889973,13.223662255669533,12.698136414729507,14.720529383504008,0.04466123411573451,1,True,0.0024776545398124835,7.168032279550148e-24,2.554920706272771e-30,60.5,1.4271956933211078,0.02228988602878566,0.11413984624163998,0.0005859728198295278,True,False,False
coarse,g03_c58,3,58,OC_CNT,0.9,15.0,0.2,600,completed,380.41166553610714,219.72773037800948,124.60432606063088,380.41166553610714,0.33422710052015536,1,True,0.013182617248050595,2.416639862512936e-24,2.6244849080234886e-30,57.5,42.26796283734524,0.691522862059616,0.23369458546483335,0.0006203971982453593,True,True,False
coarse,g03_c59,3,59,OC_CNT,0.9,20.0,0.2,600,completed,1680.505939753632,1247.3646047716861,649.4961575954103,1686.4477312207482,0.27677170808852314,1,True,0.012821141589685451,2.890286975943646e-24,2.6143257501049642e-30,51.0,186.72288219484793,3.3502947760558794,0.29417513994467565,0.0020287870940011166,True,False,False
coarse,g03_c60,3,60,OC_CNT,0.9,30.0,0.2,600,completed,375.1107746749907,877.4004502442116,375.1107746749907,1919.2270128338657,0.5160181882902701,1,True,0.019224994157132476,1.6801625742041372e-23,9.292521585139208e-28,33.0,41.67897496388785,1.1155050880470074,0.11726319345400216,0.0006867033330121286,True,False,False
coarse,g03_c61,3,61,OC_CNT,0.9,50.0,0.2,600,completed,2460.2827856798094,2696.416675754783,1945.8592155834413,3037.9355813904526,0.10927501676179953,3,False,0.019659083654042626,3.0761296006252886e-18,3.644454367219947e-12,22.5,273.36475396442324,6.002443482650924,0.20445256910749565,0.0024675367106264945,True,False,False
coarse,g03_c62,3,62,OC_CNT,0.9,100.0,0.2,100,spectral_boundary,6960.096000874233,4174.483680079619,299.98435477469343,11887.580982404066,0.9905838623506695,1,True,0.06406991261192037,4.257941426358543e-13,5.02321744763384e-08,18.5,773.3440000971368,31.161903530160657,0.27600042449230666,0.0002979113330969785,False,False,False
coarse,g03_c63,3,63,OC_CNT,0.9,150.0,0.2,80,spectral_boundary,13981.429084338262,5217.48243704764,299.98435477469343,17674.499246557036,1.1635197560184112,1,True,0.08863199467834783,6.962163599589676e-12,5.036443304238811e-06,18.5,1553.4921204820287,61.97049536185011,0.29192652968563787,0.0025988723424094085,False,False,False
coarse,g04_c00,4,0,OC_CNT,0.2,5.0,0.3,40,spectral_boundary,791.3301053108787,569.6793246271027,299.9955684131474,791.3301053108787,0.27667568511620066,19,False,0.21688981541520072,2.4250995075854043e-09,0.002294617633554267,2.0,3165.320421243515,105.60467936295787,0.10927278966840687,0.0018132860188733169,False,False,False
coarse,g04_c01,4,1,OC_CNT,0.2,10.0,0.3,40,spectral_boundary,826.5208873518359,581.2869194487776,299.9955684131474,826.5208873518359,0.28945034507407424,21,False,0.3788618869296175,3.1297624410910565e-09,0.004936970318902972,1.5,3306.0835494073435,144.9904895420006,0.1083822228891248,0.001532908564951252,False,False,False
coarse,g04_c02,4,2,OC_CNT,0.2,15.0,0.3,40,spectral_boundary,862.6977845704394,593.2106214234575,299.9955684131474,862.6977845704394,0.3023266285939742,23,False,0.46293774577734553,2.236270218711942e-08,0.008715051972774168,1.5,3450.791138281758,163.95183677522647,0.10780905243462274,0.0012536610944405835,False,False,False
coarse,g04_c03,4,3,OC_CNT,0.2,20.0,0.3,40,spectral_boundary,893.4192387084923,605.2025560012933,299.9955684131474,893.4192387084923,0.31477516104512143,26,False,0.6098580088443366,2.1275973551895533e-08,0.024112525948555334,1.5,3573.6769548339694,178.55079963920682,0.10731476870962497,0.0009742620657194889,False,False,False
coarse,g04_c04,4,4,OC_CNT,0.2,30.0,0.3,40,spectral_boundary,957.5725003985654,630.030605147507,299.9955684131474,964.6676223021193,0.33957823092778455,32,False,0.6611938970870265,6.292869524312447e-08,0.039097613988681286,1.5,3830.290001594262,231.4904384274822,0.15067524835742252,0.000418419186647756,False,False,False
coarse,g04_c05,4,5,OC_CNT,0.2,50.0,0.3,40,spectral_boundary,1097.3054631366667,682.8460440275178,299.9955684131474,1108.125923971565,0.3877506922645918,33,False,0.7542392578493566,1.8998558440846204e-07,0.07929931608706624,1.0,4389.221852546667,258.4692133710702,0.20119524610752382,0.0006817491254693664,False,False,False
coarse,g04_c06,4,6,OC_CNT,0.2,100.0,0.3,20,spectral_boundary,724.7651548827149,474.7078276221082,299.9955684131474,724.7651548827149,0.27235528726885383,1,True,0.057460146650527365,4.4326860613893697e-16,2.069273887761453e-08,44.0,2899.060619530859,73.70442629120336,0.3298655317934247,0.0022254338690077535,False,False,False
coarse,g04_c07,4,7,OC_CNT,0.2,150.0,0.3,20,spectral_boundary,817.1023607569357,500.5921466564408,299.9955684131474,817.1023607569357,0.3123863757388723,1,True,0.06746569946294166,1.3871625546993343e-15,6.686413403695481e-08,44.0,3268.409443027743,82.84127679321482,0.34863415109488494,0.0037401914157793037,False,False,False
coarse,g04_c08,4,8,OC_CNT,0.3,5.0,0.3,40,spectral_boundary,814.59372698166,548.7380240806357,299.9948788636343,814.59372698166,0.2908920364587796,1,True,0.04150512925016398,1.09953416509598e-12,4.3557010237932843e-07,55.0,1900.7186962905403,38.174042491247086,0.12951011110693178,0.001268201685294068,False,False,False
coarse,g04_c09,4,9,OC_CNT,0.3,10.0,0.3,40,spectral_boundary,856.2954683117708,560.8080119560287,299.9948788636343,856.2954683117708,0.30585285431101283,1,True,0.042390013927573564,1.322530442231833e-12,5.387523052616008e-07,55.0,1998.0227593941324,40.10853127725172,0.12822291539388997,0.0009786032018904711,False,False,False
coarse,g04_c10,4,10,OC_CNT,0.3,15.0,0.3,40,spectral_boundary,899.9681335131047,573.2652761686056,299.9948788636343,899.9681335131047,0.3209539574519376,1,True,0.04334770133184568,1.5563202392824154e-12,6.618385617172649e-07,55.0,2099.9256448639107,42.13187344794508,0.1272948611933919,0.0006900566031560196,False,False,False
coarse,g04_c11,4,11,OC_CNT,0.3,20.0,0.3,40,spectral_boundary,945.6869933856874,586.1219426941205,299.9948788636343,945.6869933856874,0.336176693848867,1,True,0.04435797187372701,1.784540060541025e-12,8.075233588150255e-07,54.0,2206.6029845666044,44.24733861405829,0.1497086354035071,0.0004025948129173784,False,False,False
coarse,g04_c12,4,12,OC_CNT,0.3,30.0,0.3,40,spectral_boundary,1043.575649595734,613.0833308566804,299.9948788636343,1043.575649595734,0.3669201786557451,1,True,0.0465131504299054,2.1656939356128812e-12,1.1794516557621545e-06,53.5,2435.009849056713,48.768868555967266,0.19266236573939322,0.00016893902951098383,False,False,False
coarse,g04_c13,4,13,OC_CNT,0.3,50.0,0.3,40,spectral_boundary,1267.5047373248908,672.3624043131874,299.9948788636343,1267.5047373248908,0.4291925484293049,1,True,0.05121909186045979,2.5941342809931093e-12,2.385554163728857e-06,53.5,2957.5110537580795,59.10100797679129,0.23293814162488258,0.0012974600955880655,False,False,False
coarse,g04_c14,4,14,OC_CNT,0.3,100.0,0.3,40,spectral_boundary,2024.7728394001042,856.8639593458565,299.9948788636343,2024.7728394001042,0.5846726822887233,12,False,0.2385814219922612,6.532358771334344e-10,0.002313802411622115,1.0,4724.469958600243,164.4702375285052,0.2528599546903766,0.0040203153642141,False,False,False
coarse,g04_c15,4,15,OC_CNT,0.3,150.0,0.3,40,spectral_boundary,2912.282554689622,1095.127158711602,299.9948788636343,2912.282554689622,0.7176795273767878,26,False,0.9186534220875039,8.987754155406778e-08,0.04221498863760415,1.0,6795.325960942452,648.1481257776449,0.2494712760638078,0.006604593783321677,False,False,False
coarse,g04_c16,4,16,OC_CNT,0.4,5.0,0.3,600,completed,0.008547450542178071,0.024406756281860877,0.008547450542178071,0.05430694153278727,0.5298203386262995,1,True,0.019281734048067167,8.987413158479099e-14,9.633364890933254e-30,137.0,0.012821175813267107,8.807901100041532e-05,0.48265731653400407,0.00024425560758700726,True,False,False
coarse,g04_c17,4,17,OC_CNT,0.4,10.0,0.3,600,completed,5.253631721413992,3.859160727463292,3.163403853646224,5.253631721413992,0.15689043617918735,1,True,0.008764533770647481,7.691001382183929e-14,1.0008028866631625e-29,134.0,7.880447582120986,0.055441736709120025,0.34896883692950964,0.0010358477628890084,True,False,False
coarse,g04_c18,4,18,OC_CNT,0.4,15.0,0.3,80,spectral_boundary,1353.6298705853708,847.2301190096472,299.9940554383957,1353.6298705853708,0.4118358130557356,1,True,0.03496420614391165,6.253357608891837e-14,3.223940494294213e-08,56.5,2030.4448058780563,34.74275297579991,0.14349385811012427,0.002003337557260898,False,False,False
coarse,g04_c19,4,19,OC_CNT,0.4,20.0,0.3,80,spectral_boundary,1595.8629586468978,924.631923777007,299.9940554383957,1595.8629586468978,0.4586331019089075,17,False,0.07570455587179176,8.623832327926924e-10,0.0005310108755349987,2.0,2393.7944379703467,56.89107151905594,0.14193179333979217,0.0016760822745186532,False,False,False
coarse,g04_c20,4,20,OC_CNT,0.4,30.0,0.3,40,spectral_boundary,984.1586503600029,574.0470703121384,299.9940554383957,984.1586503600029,0.3554371314214818,1,True,0.039505144149132025,1.9168789419448263e-14,1.076083433769875e-08,50.5,1476.2379755400045,32.93629571464647,0.23395572695379585,0.0005144425023542176,False,False,False
coarse,g04_c21,4,21,OC_CNT,0.4,50.0,0.3,40,spectral_boundary,1206.527916189657,630.6818459261405,299.9940554383957,1206.527916189657,0.42208659093699497,1,True,0.046252273263110884,7.128488730181412e-14,4.803055547223432e-08,49.5,1809.7918742844854,40.265606190838135,0.26736905251483944,0.00167521609885668,False,False,False
coarse,g04_c22,4,22,OC_CNT,0.4,100.0,0.3,40,spectral_boundary,1985.5950899884879,810.6682821651788,299.9940554383957,1985.5950899884879,0.5917770356039324,1,True,0.06571143537514233,1.1087885581352197e-12,8.687495893840279e-07,49.0,2978.392634982732,65.70616570395204,0.27952423135829374,0.004491822937236045,False,False,False
coarse,g04_c23,4,23,OC_CNT,0.4,150.0,0.3,40,spectral_boundary,3182.198523911245,1061.0889842996216,299.9940554383957,3182.198523911245,0.7568049824458991,1,True,0.08910468029235742,1.6529243572467487e-12,6.972314789480183e-06,48.5,4773.297785866867,104.19858418492383,0.2650251886768944,0.007152259785258019,False,False,False
coarse,g04_c24,4,24,OC_CNT,0.5,5.0,0.3,600,completed,0.028266249127826396,0.0735295583682107,0.028266249127826396,0.15506127057558214,0.4893145145377924,1,True,0.017788135039674254,2.5595548268468367e-16,9.429698735251297e-30,127.5,0.028266249127826392,0.00020846909969788536,0.48327243563715916,0.00021796666793183483,True,False,False
coarse,g04_c25,4,25,OC_CNT,0.5,10.0,0.3,600,completed,10.63229093239637,7.778369771317163,6.312515518198367,10.63229093239637,0.1606493981330874,1,True,0.008763060587739763,3.847105944607423e-16,9.065143221326765e-30,124.5,10.63229093239637,0.08053124744681056,0.32328617186074754,0.0009929955045412386,True,False,False
coarse,g04_c26,4,26,OC_CNT,0.5,15.0,0.3,600,completed,1131.0206711527414,437.93863974539295,125.1059184584964,1131.0206711527414,0.6439125070725524,1,True,0.0249062839788333,3.7025290869393577e-16,1.9177042460094158e-29,108.0,1131.0206711527417,9.687841807642327,0.15441840477887864,0.0001444352203752164,True,False,False
coarse,g04_c27,4,27,OC_CNT,0.5,20.0,0.3,600,completed,738.4395969183091,2348.896599537849,738.4395969183091,3353.724350869324,0.33459749295402463,1,True,0.044889574828281084,1.4571490092644141e-16,1.5451271563876089e-27,73.5,738.4395969183092,8.491014456622969,0.18284517654907906,0.007767042602944474,True,False,False
coarse,g04_c28,4,28,OC_CNT,0.5,30.0,0.3,80,spectral_boundary,2364.59354432595,1074.3333162023932,299.9930727893876,2364.59354432595,0.5899525070582626,2,False,0.03559853201522938,4.411716921364386e-15,3.705633997536865e-08,51.5,2364.5935443259496,44.83432452061871,0.16350170788441226,0.0004571247485435359,False,False,False
coarse,g04_c29,4,29,OC_CNT,0.5,50.0,0.3,60,spectral_boundary,2426.4265058497076,966.5401599845767,299.9930727893876,2426.4265058497076,0.6327522283900687,1,True,0.04366810875184077,4.589783384962375e-14,1.2948914519937566e-08,52.0,2426.4265058497076,48.18057293365292,0.20762622248804952,0.00186386501647684,False,False,False
coarse,g04_c30,4,30,OC_CNT,0.5,100.0,0.3,60,spectral_boundary,5501.430740222585,1750.5364054693487,299.9930727893876,5531.4426985247965,0.9196728160269829,26,False,0.7913960462633951,6.162130480908351e-08,0.07328836311266024,1.0,5501.430740222585,435.5279952731436,0.18150740161017975,0.004556123140110002,False,False,False
coarse,g04_c31,4,31,OC_CNT,0.5,150.0,0.3,40,spectral_boundary,3023.5233261057338,992.6432354289893,299.9930727893876,3023.5233261057338,0.7526720255412547,1,True,0.0875088607433799,2.1898443070070265e-13,2.1494490639533595e-07,45.0,3023.5233261057338,72.5302473837404,0.2785733748838872,0.00754358074386785,False,False,False
coarse,g04_c32,4,32,OC_CNT,0.6,5.0,0.3,600,completed,0.07121072136663104,0.17479831820000422,0.07121072136663104,0.3555043401048321,0.462831049297852,1,True,0.01680048190934471,2.477578122984768e-21,8.939401257302735e-30,119.0,0.04747381424442069,0.0003751084560224934,0.47666525430849477,0.00018478749167094577,True,False,False
coarse,g04_c33,4,33,OC_CNT,0.6,10.0,0.3,600,completed,17.94986947806418,13.34434150503558,10.96365705895818,17.94986947806418,0.15172795578634188,1,True,0.008284472156352739,8.00408013790622e-21,8.897465504476539e-30,116.0,11.966579652042787,0.09734585002804232,0.3014222327847308,0.000937982577748464,True,False,False
coarse,g04_c34,4,34,OC_CNT,0.6,15.0,0.3,600,completed,1074.5365087160235,454.1679059371925,149.6132373367173,1074.5365087160235,0.5779764276360317,1,True,0.021759348992770704,2.2221001244945163e-20,1.3451486019569844e-29,103.5,716.3576724773491,6.429793224287644,0.1817889426541554,4.5107601648441964e-05,True,False,False
coarse,g04_c35,4,35,OC_CNT,0.6,20.0,0.3,600,completed,1301.1871496093117,2390.8398171726794,1301.1871496093117,3172.263181794045,0.24923494111311137,1,True,0.03461340361310358,4.867432508915566e-20,7.460799450480915e-29,76.0,867.4580997395411,9.890157606319642,0.1625198921368884,0.006981049887340052,True,False,False
coarse,g04_c36,4,36,OC_CNT,0.6,30.0,0.3,600,completed,30.67100589755822,153.86340391878338,30.67100589755822,610.2054408195644,0.9576541397266788,1,True,0.035212997998739864,3.0691727682836546e-18,6.717369132566148e-30,70.5,20.44733726503882,0.2695136498190198,0.292911377188133,0.0036454091280505585,True,False,False
coarse,g04_c37,4,37,OC_CNT,0.6,50.0,0.3,100,spectral_boundary,2664.2344748483956,2008.9985634047473,299.9918662286575,4822.1469851267375,0.75136470188678,32,False,0.7184409289243425,6.595067996306648e-07,0.034208965747605055,1.0,1776.1563165655973,77.90268366352429,0.2004757134887284,0.0006437957241988146,False,False,False
coarse,g04_c38,4,38,OC_CNT,0.6,100.0,0.3,60,spectral_boundary,6229.492862170842,1677.30187616718,299.9918662286575,6229.492862170842,0.9648088342433542,1,True,0.06931845968922364,6.067823762897572e-13,4.912561872251797e-07,47.5,4152.995241447228,89.62414231663618,0.1866917358581791,0.005148363082115748,False,False,False
coarse,g04_c39,4,39,OC_CNT,0.6,150.0,0.3,60,spectral_boundary,8936.652023040173,2855.4460354327657,299.9918662286575,9318.037159033884,1.0794102889623896,27,False,0.8641974714910057,1.1298622828994737e-07,0.12009375807606806,1.0,5957.768015360115,433.23063676748353,0.18014285459084634,0.00709630424814367,False,False,False
coarse,g04_c40,4,40,OC_CNT,0.7,5.0,0.3,600,completed,0.13187234359880065,0.32015223412099375,0.13187234359880065,0.6443069245390405,0.4561422340293083,1,True,0.016513351999493782,4.681481909727659e-24,8.5616999200618e-30,111.0,0.05651671868520029,0.00047892178175740034,0.4548007993000315,0.0001398795412584919,True,False,False
coarse,g04_c41,4,41,OC_CNT,0.7,10.0,0.3,600,completed,23.93121397646898,18.63217741341802,16.01950821380877,23.93121397646898,0.1240519337880353,1,True,0.007121973198784522,2.9342797378345035e-24,8.23839526849243e-30,107.5,10.256234561343852,0.0895826275558072,0.2805989854809667,0.0008716079390078679,True,False,False
coarse,g04_c42,4,42,OC_CNT,0.7,15.0,0.3,600,completed,918.1305559892626,422.8734888275338,162.15189122053334,918.1305559892626,0.5109670965197176,1,True,0.018954276741778565,9.640556667934996e-25,1.0311904377771924e-29,99.5,393.48452399539826,3.698319981225949,0.21502456528253783,0.00016506197945831413,True,False,False
coarse,g04_c43,4,43,OC_CNT,0.7,20.0,0.3,600,completed,1902.4367675862195,2229.5760550022,1119.5032218001174,2857.8391903979063,0.2373268417919491,1,True,0.022247835728602016,4.876008931144767e-25,2.3111790750026573e-29,80.0,815.330043251237,9.15997305061624,0.19686281252638277,0.005712489084048755,True,False,False
coarse,g04_c44,4,44,OC_CNT,0.7,30.0,0.3,600,completed,54.119341347663536,332.00378779361347,54.119341347663536,1318.777700617781,0.9891019849657194,1,True,0.03699074036484751,8.39706749149564e-24,6.214636592319853e-30,65.5,23.194003434712947,0.32237076328652625,0.25582202385875774,0.002982711887065892,True,False,False
coarse,g04_c45,4,45,OC_CNT,0.7,50.0,0.3,100,spectral_boundary,5795.940854486023,2219.2199882577147,299.990308535719,6015.950243797652,0.8734973832582915,15,False,0.47360297898103054,6.851247158250874e-09,0.01951828614041872,1.0,2483.974651922582,136.54283634913438,0.21668175647525567,0.0009167383529933293,False,False,False
coarse,g04_c46,4,46,OC_CNT,0.7,100.0,0.3,60,spectral_boundary,5876.073609934474,1538.4805497361858,299.990308535719,5876.073609934474,0.9634804921867212,1,True,0.07011286371012022,9.582882520217142e-15,1.2204913816819083e-08,45.0,2518.3172614004898,58.691125240578046,0.2176565174363086,0.005690417580726859,False,False,False
coarse,g04_c47,4,47,OC_CNT,0.7,150.0,0.3,60,spectral_boundary,13110.125504159145,2939.6607188889993,299.990308535719,13110.125504159145,1.2103224124307248,24,False,0.4388405652344715,1.7477089498198446e-09,0.006649545331592231,2.0,5618.625216068207,236.10543339799727,0.21627493562664046,0.007289586514067414,False,False,False
coarse,g04_c48,4,48,OC_CNT,0.8,5.0,0.3,600,completed,0.16905951275440323,0.4348101085370779,0.16905951275440323,0.8990352438543783,0.4782464210814861,1,True,0.017243822092824088,3.834087485876356e-24,8.467043481987038e-30,103.0,0.042264878188600793,0.000386289840976514,0.39705469309341135,7.024451393511377e-05,True,False,False
coarse,g04_c49,4,49,OC_CNT,0.8,10.0,0.3,600,completed,23.147471587522045,19.83753152755314,18.604561684851973,23.147471587522045,0.06763761225264947,1,True,0.004888425133220955,2.703289893901529e-24,7.989154825073185e-30,100.0,5.78686789688051,0.05449657643545609,0.23473720183849234,0.0007859651839347004,True,False,False
coarse,g04_c50,4,50,OC_CNT,0.8,15.0,0.3,600,completed,653.4099307430745,329.03893840480254,150.17187259549547,653.4099307430745,0.4375059995881669,1,True,0.01646836110858238,1.1985973006872672e-24,9.011744516435308e-30,94.5,163.35248268576856,1.6181777266165724,0.24980956251038988,0.0004938894427721774,True,False,False
coarse,g04_c51,4,51,OC_CNT,0.8,20.0,0.3,600,completed,2281.987597312135,1829.9793371491326,823.1579103267918,2461.2573582384025,0.303325138638997,1,True,0.01644866808089377,8.773300323882816e-25,1.1235780866026196e-29,83.0,570.4968993280337,6.321837368507952,0.2431738655730954,0.003923300098714111,True,False,False
coarse,g04_c52,4,52,OC_CNT,0.8,30.0,0.3,600,completed,129.51912328183454,801.3023195649919,129.51912328183454,2672.7266086495874,0.8893213506965492,1,True,0.03499713297500505,1.997023740982949e-24,5.67260955283121e-30,63.5,32.37978082045862,0.4486938656287221,0.20227071219736248,0.0013261479441912805,True,False,False
coarse,g04_c53,4,53,OC_CNT,0.8,50.0,0.3,600,completed,7473.1550372333895,2053.1342879669605,309.8638932700499,7473.1550372333895,0.9833475465263852,1,True,0.04260826011026792,4.482400720507012e-24,1.6471657138725802e-28,59.0,1868.2887593083474,29.255723896744552,0.20971303375878003,3.775023058982807e-05,True,False,False
coarse,g04_c54,4,54,OC_CNT,0.8,100.0,0.3,80,spectral_boundary,13419.982109221075,3455.7915499278147,299.9881116355729,13419.982109221075,1.1581724486082992,1,True,0.06939492846852433,8.186521762012298e-13,4.940302292563238e-06,36.5,3354.9955273052683,84.47787893066176,0.2594006993171673,0.002281990458402494,False,False,False
coarse,g04_c55,4,55,OC_CNT,0.8,150.0,0.3,60,spectral_boundary,12881.810621362365,2644.7736611107784,299.9881116355729,12881.810621362365,1.2293008173901585,1,True,0.09455907706198147,5.983778258385945e-14,1.0904344083164834e-07,40.5,3220.4526553405913,81.57383781774962,0.2592519286659507,0.00800228558230165,False,False,False
coarse,g04_c56,4,56,OC_CNT,0.9,5.0,0.3,600,completed,0.10108622696091993,0.3297559821456895,0.10108622696091993,0.7645368783962101,0.5700582706325115,1,True,0.020702273277894815,3.9033891014902836e-24,7.802485148705976e-30,93.0,0.011231802995657767,0.00011226123531937782,0.248708774290186,8.550073154145466e-05,True,False,False
coarse,g04_c57,4,57,OC_CNT,0.9,10.0,0.3,600,completed,10.009643740624458,11.149495258314955,10.009643740624458,13.34263729071813,0.08770046203577742,1,True,0.003967593431676866,2.4153883533580005e-24,7.615462691614548e-30,91.0,1.112182637847162,0.011445699512271245,0.11430736649118889,0.0005935318762763098,True,False,False
coarse,g04_c58,4,58,OC_CNT,0.9,15.0,0.3,600,completed,233.98275653448275,141.6031005464042,88.81718141760793,233.98275653448275,0.2932300727615036,1,True,0.012798473868120804,3.0228069907525046e-24,7.270462107920758e-30,88.0,25.99808405938697,0.27674894713810994,0.19100563911241197,0.0008777367419506854,True,False,False
coarse,g04_c59,4,59,OC_CNT,0.9,20.0,0.3,600,completed,1617.2706285928048,895.4846012605717,382.95241996171296,1617.2706285928048,0.41716431842511503,1,True,0.015823117131040048,2.2980235918399917e-24,8.555326485008413e-30,84.0,179.69673651031158,2.002873935603836,0.29438114397633997,0.0008827342336996669,True,False,False
coarse,g04_c60,4,60,OC_CNT,0.9,30.0,0.3,600,completed,585.6277061069088,1986.1787142578303,585.6277061069088,3279.8903877993425,0.47451912344353864,1,True,0.025213292353721696,2.2665482133677177e-24,5.621560418602274e-30,69.0,65.06974512298984,0.8267119776566003,0.15291722227773763,0.0029063744056181395,True,False,False
coarse,g04_c61,4,61,OC_CNT,0.9,50.0,0.3,600,completed,950.386070085416,405.8769143277403,264.58609729055075,950.386070085416,0.4480341253049066,1,True,0.03148001565092786,8.29661600906839e-24,5.877755453030522e-30,58.5,105.59845223171286,1.6903960231932764,0.1124082061931806,0.00502358189729335,True,False,False
coarse,g04_c62,4,62,OC_CNT,0.9,100.0,0.3,100,spectral_boundary,11048.44970111089,4762.448262417319,299.98435477469343,14146.500603780867,1.0539002720670867,1,True,0.06350879363656006,6.974357151080991e-15,4.312722002732819e-08,30.5,1227.6055223456542,34.076300050998185,0.29844861804328837,0.0022323631076387462,False,False,False
coarse,g04_c63,4,63,OC_CNT,0.9,150.0,0.3,80,spectral_boundary,20046.466595529477,5798.946587923138,299.98435477469343,21345.51108278866,1.2367717813825383,8,False,0.08815915508312185,1.2638217658352046e-11,1.5351532397851383e-05,24.0,2227.3851772810526,64.84317973356353,0.30696593395138894,0.0010644339522074553,False,False,False
coarse,g05_c00,5,0,CNT_OC,0.2,5.0,-0.1,20,spectral_boundary,490.21925203549006,389.9589266744298,262.427883876755,495.9811773637434,0.20474010691648192,4,False,0.6742454556764664,1.5133583088201347e-08,0.062188821939674385,1.0,2870.775346757692,405.7526834702089,0.11294973728077556,0.0006805914739065333,False,True,False
coarse,g05_c01,5,1,CNT_OC,0.2,10.0,-0.1,20,spectral_boundary,501.73819636422803,392.1653463296515,262.427883876755,501.73819636422803,0.20900081950224658,5,False,0.6954119020773957,1.0237284738463029e-08,0.02834557875296782,1.0,2935.743219401657,670.4079393743548,0.1120344017530937,0.0005289283205400785,False,False,False
coarse,g05_c02,5,2,CNT_OC,0.2,15.0,-0.1,20,spectral_boundary,508.58775005556697,394.1432011417458,262.427883876755,508.58775005556697,0.21260818653257696,5,False,0.7841642039421695,1.1079557156603943e-08,0.029188492428746465,1.0,2975.678121901474,561.6753191058441,0.12476778447965797,0.00037653229813494615,False,False,False
coarse,g05_c03,5,3,CNT_OC,0.2,20.0,-0.1,20,spectral_boundary,517.1853990137786,396.208522647897,262.427883876755,517.1853990137786,0.2164520672287446,4,False,0.9442505123133065,1.2329360337144108e-08,0.026279051564793907,1.5,3025.3534735431613,530.1901676109294,0.163276093617854,0.0002244486402789292,False,False,False
coarse,g05_c04,5,4,CNT_OC,0.2,30.0,-0.1,20,spectral_boundary,529.1586558634151,400.0328011682786,262.427883876755,529.1586558634151,0.2231460505735879,5,False,1.098798639404135,5.940574218686191e-09,0.035126525497744095,1.5,3095.074641427447,604.639251238548,0.21719739059384613,8.064609565749947e-05,False,False,False
coarse,g05_c05,5,5,CNT_OC,0.2,50.0,-0.1,20,spectral_boundary,538.0199870144975,406.8810271260812,262.427883876755,539.1793358879964,0.2337814733554341,5,False,1.0393627110431587,7.975728898595509e-08,0.061120241158845304,1.0,3145.9586225619687,615.3947675378869,0.2810557831642977,0.0006935580822163834,False,False,False
coarse,g05_c06,5,6,CNT_OC,0.2,100.0,-0.1,20,spectral_boundary,591.1641552205856,426.4450143499913,262.427883876755,591.1641552205856,0.26508878636059463,6,False,0.7843015447883828,3.4397292181241454e-08,0.05793888495234036,1.0,3453.611978708541,807.540846315694,0.3388126796943898,0.0022181506533240913,False,False,False
coarse,g05_c07,5,7,CNT_OC,0.2,150.0,-0.1,20,spectral_boundary,655.5896105261058,447.53245093168596,262.427883876755,655.5896105261058,0.2970784884904079,6,False,0.7574329114407713,3.8183576598381704e-08,0.10110941863821198,1.0,3826.3970831222655,1073.7822939198525,0.3572350028432564,0.0037381896754877797,False,False,False
coarse,g05_c08,5,8,CNT_OC,0.3,5.0,-0.1,40,spectral_boundary,378.8131272778563,421.63106074829193,261.02751110415124,553.8281517768196,0.1976391670948004,13,False,0.8483429589620848,3.879421207970684e-07,0.15241703776979373,1.0,1490.2562591475676,182.66145173300978,0.13550075561950514,0.0010744913064960615,False,False,False
coarse,g05_c09,5,9,CNT_OC,0.3,10.0,-0.1,40,spectral_boundary,441.0861048715555,443.79876678871335,261.02751110415124,561.5626281105649,0.2006199245666221,9,False,0.93269616949264,5.923073979480322e-07,0.1828446376149342,1.0,1728.5760797861803,329.67204992904755,0.13399996225319244,0.0008170632900555974,False,False,False
coarse,g05_c10,5,10,CNT_OC,0.3,15.0,-0.1,40,spectral_boundary,401.64264075428537,438.36201921131016,261.02751110415124,569.3745867477918,0.2027976782462684,14,False,0.7221461747293746,4.1832305214011085e-07,0.1656795648942865,1.0,1576.447745550351,238.01632096071572,0.2042439537643328,0.0004793114534681342,False,False,False
coarse,g05_c11,5,11,CNT_OC,0.3,20.0,-0.1,40,spectral_boundary,491.46487086173266,459.75681318447613,261.02751110415124,577.2629879769842,0.21289646680609245,11,False,0.8008604038595002,6.768718204202103e-07,0.11685836697910097,1.0,1924.3392271838854,422.8489403297663,0.21861001217325426,0.00022096373014501847,False,False,False
coarse,g05_c12,5,12,CNT_OC,0.3,30.0,-0.1,40,spectral_boundary,491.3729972243399,476.80864422836595,261.02751110415124,593.2642024302149,0.23078006974566165,13,False,0.7305638087225671,8.916295955637905e-07,0.11555654539656622,1.0,1924.5740601225207,262.0857878669135,0.26880064720958774,0.0003741918237113451,False,False,False
coarse,g05_c13,5,13,CNT_OC,0.3,50.0,-0.1,40,spectral_boundary,616.6051455261822,510.3920990717352,261.02751110415124,629.2889394886679,0.2577556835615725,13,False,0.8750944462937742,1.992528701299385e-06,0.0937424416196319,1.0,2408.837779098875,374.014138427844,0.297891214670045,0.0015600864896575528,False,False,False
coarse,g05_c14,5,14,CNT_OC,0.3,100.0,-0.1,20,spectral_boundary,665.0365870951252,421.94897930377977,261.02751110415124,665.0365870951252,0.2932706360851843,1,True,0.08285272682724709,1.5917640210853151e-15,3.292326121604481e-08,13.0,2600.4018730240377,160.2495954387274,0.3498076892652856,0.002424333201751505,False,False,False
coarse,g05_c15,5,15,CNT_OC,0.3,150.0,-0.1,20,spectral_boundary,748.162715652273,445.5692700843113,261.02751110415124,748.162715652273,0.33376736384050554,1,True,0.09353300391850641,2.131477087696011e-14,3.8824581693283295e-07,13.0,2921.669436690362,179.86996438868778,0.36192034429517506,0.003950749819774058,False,False,False
coarse,g05_c16,5,16,CNT_OC,0.4,5.0,-0.1,40,spectral_boundary,450.26387193526136,457.53972357427665,260.078018111651,608.8986988878539,0.23880742517961032,15,False,0.7512793119405625,5.244163552996058e-07,0.10051723000138364,1.0,1329.435717987485,166.2203178522029,0.15735019202383155,0.0009643196641321294,False,False,False
coarse,g05_c17,5,17,CNT_OC,0.4,10.0,-0.1,40,spectral_boundary,511.92959901283274,469.5243473380668,260.078018111651,621.0152015736943,0.24687653635480764,13,False,0.8436151615610638,2.8632814479371025e-07,0.07638188161217017,1.0,1508.0982894422727,229.2278867983035,0.15369952877576765,0.0006728653769652038,False,False,False
coarse,g05_c18,5,18,CNT_OC,0.4,15.0,-0.1,40,spectral_boundary,485.16914101777047,470.99175897573025,260.078018111651,633.4046223779039,0.24988288275399947,17,False,0.7586642298093084,3.212953560558825e-07,0.09434874633407177,1.0,1430.6456787899879,205.6534364954666,0.21262712428801378,0.00035481006746307386,False,False,False
coarse,g05_c19,5,19,CNT_OC,0.4,20.0,-0.1,40,spectral_boundary,504.12612728899006,477.0731165242546,260.078018111651,645.9599052099065,0.2554659780584607,13,False,0.8113941771046254,2.9703077777080625e-07,0.0805142876891688,1.5,1485.6869458388746,253.52180850108834,0.24450358880583278,4.87588027604513e-05,False,False,False
coarse,g05_c20,5,20,CNT_OC,0.4,30.0,-0.1,40,spectral_boundary,616.4382729836517,506.33662892085994,260.078018111651,671.5434374258857,0.28166806032118774,12,False,0.670176452135774,3.064279527336701e-07,0.14112601150414836,1.0,1811.1227677911859,333.5005219289397,0.26957555160697133,0.0005227936618890094,False,False,False
coarse,g05_c21,5,21,CNT_OC,0.4,50.0,-0.1,40,spectral_boundary,760.0391499195807,551.5094968485548,260.078018111651,760.0391499195807,0.327256811706552,11,False,0.7037348196927917,4.4336119250091385e-07,0.06987201263412343,1.5,2229.6064132345164,269.13068690182007,0.2974965686421409,0.0016979409027976233,False,False,False
coarse,g05_c22,5,22,CNT_OC,0.4,100.0,-0.1,40,spectral_boundary,1070.0618585666546,656.1860357246005,260.078018111651,1070.0618585666546,0.412908804627657,13,False,0.8101797194496708,4.472992474584691e-07,0.130271390574649,1.0,3127.3790790421167,591.881926489588,0.31689813343719153,0.004654341473979473,False,False,False
coarse,g05_c23,5,23,CNT_OC,0.4,150.0,-0.1,40,spectral_boundary,1524.913689219987,805.5160460349911,260.078018111651,1524.913689219987,0.5161328290775924,11,False,0.8586486791965703,5.024849056070086e-07,0.1492042635596895,1.0,4443.46116858358,749.1500137325119,0.31119054983580496,0.007503784961564897,False,False,False
coarse,g05_c24,5,24,CNT_OC,0.5,5.0,-0.1,40,spectral_boundary,569.4099577604857,480.1698636758424,259.38910299528317,671.224730729172,0.28311887806380664,7,False,0.7351664779623275,4.279794597088142e-07,0.06443070981964483,1.5,1343.9235589532468,286.0992218202695,0.18073787765172733,0.0008890480165607562,False,False,False
coarse,g05_c25,5,25,CNT_OC,0.5,10.0,-0.1,40,spectral_boundary,578.525323394132,487.73644991602544,259.38910299528317,688.757041733498,0.29160795118848615,7,False,0.6656094455957492,3.778819007419918e-07,0.05134310128309194,1.0,1365.830992971435,312.09966908621067,0.17792269899120233,0.0005844186226124926,False,False,False
coarse,g05_c26,5,26,CNT_OC,0.5,15.0,-0.1,40,spectral_boundary,596.314543576223,496.76566223058234,259.38910299528317,706.2887010316931,0.3015282204729371,9,False,0.584949858748652,3.1037654561816074e-07,0.06885491714373959,1.0,1407.1089907539167,306.6294410067113,0.20950244064176982,0.00028283923834171443,False,False,False
coarse,g05_c27,5,27,CNT_OC,0.5,20.0,-0.1,40,spectral_boundary,607.1839969093273,505.80862288923345,259.38910299528317,723.8093708366314,0.3114554612114271,7,False,0.7860280742060742,1.8798020620778107e-07,0.12813605350254584,1.5,1433.3410021575644,174.10580845031637,0.24144025137498426,1.87724771055775e-05,False,False,False
coarse,g05_c28,5,28,CNT_OC,0.5,30.0,-0.1,40,spectral_boundary,698.4831542919208,526.4115721184373,259.38910299528317,762.2710928464426,0.33179133059748955,9,False,0.6824942903944734,3.312384353208632e-07,0.07047064735850794,1.0,1645.4435417319341,252.35383250066567,0.2696078900382739,0.0006156559276373486,False,False,False
coarse,g05_c29,5,29,CNT_OC,0.5,50.0,-0.1,40,spectral_boundary,755.4676714228244,565.9571421188668,259.38910299528317,842.5784464470371,0.3691278824662099,11,False,0.8728816535491927,3.900923359065949e-07,0.05672710957953665,1.0,1777.3314544751743,291.2427462819111,0.3023281334129019,0.001814845867760706,False,False,False
coarse,g05_c30,5,30,CNT_OC,0.5,100.0,-0.1,40,spectral_boundary,1214.2584670042797,699.2038362822716,259.38910299528317,1214.2584670042797,0.47957979007762935,11,False,0.9037210941004306,5.820773577925836e-07,0.08732470774478346,1.0,2843.4264364217215,476.2766179909037,0.3092520073866578,0.004736785946125255,False,False,False
coarse,g05_c31,5,31,CNT_OC,0.5,150.0,-0.1,40,spectral_boundary,1650.247427184404,852.2383501861052,259.38910299528317,1650.247427184404,0.5690299945459706,9,False,0.8104619376472721,1.0493491610227314e-06,0.11160429278469369,1.0,3855.2991380427165,560.0121162385212,0.30531095806195974,0.007617872977389362,False,False,False
coarse,g05_c32,5,32,CNT_OC,0.6,5.0,-0.1,40,spectral_boundary,675.4926460768329,492.7141052064171,258.8653428843953,744.5673596953125,0.32854385658933727,5,False,0.8166094371921432,1.4851352527195946e-07,0.05349424688112751,1.5,1329.6302011023547,205.08132681540792,0.20954282108483419,0.0008315738613049461,False,False,False
coarse,g05_c33,5,33,CNT_OC,0.6,10.0,-0.1,40,spectral_boundary,727.5579380210736,504.31282841258206,258.8653428843953,771.6296217922775,0.3435964934745497,4,False,0.9140810388316791,1.6284939665464962e-07,0.04561274745833389,1.5,1430.312463043578,284.7613830434662,0.205382829546237,0.00053455321471918,False,False,False
coarse,g05_c34,5,34,CNT_OC,0.6,15.0,-0.1,40,spectral_boundary,771.1924289137686,515.6946892422015,258.8653428843953,798.9517996915608,0.3577414909768536,4,False,0.6377773988304953,2.1844754842890625e-07,0.04246808516561397,2.0,1514.4647156865358,320.04035702330697,0.20192573530672137,0.00023706305931436855,False,False,False
coarse,g05_c35,5,35,CNT_OC,0.6,20.0,-0.1,40,spectral_boundary,743.7636043021535,523.2799004855339,258.8653428843953,826.3320583668274,0.36422858957306375,4,False,0.6691864150708996,1.2829423209689582e-07,0.04435278882631596,1.5,1463.0901879625887,178.3363280190429,0.22945176488702557,6.805401910137121e-05,False,False,False
coarse,g05_c36,5,36,CNT_OC,0.6,30.0,-0.1,40,spectral_boundary,812.2883162337828,546.1434910980972,258.8653428843953,880.37458527272,0.3896350616487381,4,False,0.9857413463807889,1.7592525658660654e-07,0.046280588066406156,1.0,1595.0075229972992,480.7236599845444,0.2592343755804649,0.0006629607201755761,False,False,False
coarse,g05_c37,5,37,CNT_OC,0.6,50.0,-0.1,40,spectral_boundary,1000.4751615328518,597.9335799651378,258.8653428843953,1000.4751615328518,0.44350572357182216,8,False,0.6917265225690732,1.334943924823597e-07,0.053340291386909135,1.0,1959.0542365164029,376.88192471746333,0.28042710375225977,0.0018409634383075302,False,False,False
coarse,g05_c38,5,38,CNT_OC,0.6,100.0,-0.1,40,spectral_boundary,1463.9209710321104,747.8725440759248,258.8653428843953,1463.9209710321104,0.5635711762284263,5,False,0.7075520708674807,8.172779474571254e-08,0.04904143856687163,1.0,2856.0423219131703,677.8226087939086,0.2910785648174836,0.004747340441683456,False,False,False
coarse,g05_c39,5,39,CNT_OC,0.6,150.0,-0.1,40,spectral_boundary,2022.7695397812306,928.4706209354938,258.8653428843953,2022.7695397812306,0.6601950693005338,10,False,0.8143708462297793,2.694007785987916e-07,0.13980728605878268,1.0,3936.2253478514103,511.08149919974034,0.2858256685010925,0.007594780018529201,False,False,False
coarse,g05_c40,5,40,CNT_OC,0.7,5.0,-0.1,40,spectral_boundary,844.4101347030773,492.7697447132465,258.4530522091942,844.4101347030773,0.3602754524080079,1,True,0.0631670659538921,5.952870272267667e-11,0.0002156118591876134,7.0,1423.0473446182132,126.31614540847373,0.24518723907798157,0.0007806291439054203,False,False,False
coarse,g05_c41,5,41,CNT_OC,0.7,10.0,-0.1,40,spectral_boundary,885.2532465345263,504.4746629866766,258.4530522091942,885.2532465345263,0.3768577554916917,1,True,0.06984694361526232,1.7079931359855596e-10,0.0005655071030758434,7.0,1491.0350595772172,137.26360312545228,0.24018934311646484,0.0004845589682516138,False,False,False
coarse,g05_c42,5,42,CNT_OC,0.7,15.0,-0.1,40,spectral_boundary,926.5452288089591,516.5247147562364,258.4530522091942,926.5452288089591,0.3933262085626198,2,False,0.08395492089848257,4.6397771065270735e-10,0.0013864878651463303,6.0,1559.7548919408305,149.5323489005672,0.2356373992678727,0.00018910072583977477,False,False,False
coarse,g05_c43,5,43,CNT_OC,0.7,20.0,-0.1,40,spectral_boundary,967.616467696676,528.9079694638789,258.4530522091942,967.616467696676,0.40960451999297925,2,False,0.10855130765388081,1.178722465086983e-09,0.0031233084091907295,5.0,1628.0999314693718,162.69616468350145,0.23146515632164805,0.00010577128739197583,False,False,False
coarse,g05_c44,5,44,CNT_OC,0.7,30.0,-0.1,40,spectral_boundary,1045.5987485189512,554.5941073447541,258.4530522091942,1045.5987485189512,0.44124417669337235,2,False,0.18156369145728193,5.980910553257027e-09,0.011836694916771456,2.5,1757.86005835793,185.24244545633428,0.23387118424278652,0.0006939205516144353,False,False,False
coarse,g05_c45,5,45,CNT_OC,0.7,50.0,-0.1,40,spectral_boundary,1182.6089648613843,609.3860423569258,258.4530522091942,1220.5844202684348,0.4999171639108434,3,False,0.4044594352314188,5.81722887214038e-08,0.07492177738357635,1.5,1985.9932929908289,295.9961769723641,0.25619339532447205,0.0018642836607468682,False,False,False
coarse,g05_c46,5,46,CNT_OC,0.7,100.0,-0.1,40,spectral_boundary,1758.5881253098996,776.0097998311225,258.4530522091942,1758.5881253098996,0.6355742087379739,4,False,0.762821709811299,6.633527887105281e-08,0.01994913738574996,1.5,2940.814972823062,516.5638133831889,0.26438306524617006,0.004736665672858131,False,False,False
coarse,g05_c47,5,47,CNT_OC,0.7,150.0,-0.1,40,spectral_boundary,2407.033345724575,977.2998542846165,258.4530522091942,2407.033345724575,0.735453404698961,7,False,0.5912103060734525,3.322670515004067e-07,0.06717396646148975,1.5,4015.261825721581,460.9197424482193,0.2602196694578648,0.00754726965058905,False,False,False
coarse,g05_c48,5,48,CNT_OC,0.8,5.0,-0.1,60,spectral_boundary,730.9827314690608,613.1004744388034,258.11942051571174,999.3670134463418,0.39169169129156856,7,False,0.7616601617795351,2.7142178546256136e-08,0.023290150243394887,1.5,1081.7099310581775,171.19803521790027,0.2953734314297128,0.0014165081502128807,False,False,False
coarse,g05_c49,5,49,CNT_OC,0.8,10.0,-0.1,60,spectral_boundary,836.3201388336358,647.3669077175999,258.11942051571174,1058.2870653393131,0.4180715535320281,7,False,0.7404091699963288,3.5537549038924045e-08,0.03909059792718147,1.5,1235.671814358635,166.9524156335881,0.2845691072082005,0.0010292833819990355,False,False,False
coarse,g05_c50,5,50,CNT_OC,0.8,15.0,-0.1,60,spectral_boundary,843.0688659540583,662.7877427669424,258.11942051571174,1117.3454663049442,0.42670104828993355,6,False,0.6952102821731488,3.7053296155951547e-08,0.023864242541824218,1.5,1245.9300906194637,214.42824449283776,0.2750546665393745,0.0005978321124829877,False,False,False
coarse,g05_c51,5,51,CNT_OC,0.8,20.0,-0.1,60,spectral_boundary,1083.1752567133758,717.0838589288716,258.11942051571174,1182.2662900716655,0.46773752107961425,8,False,0.7207695298826575,5.626551858167106e-08,0.018009192012187602,1.5,1594.2154231850827,329.16690837425983,0.26998138860743764,0.00025792795470247487,False,False,False
coarse,g05_c52,5,52,CNT_OC,0.8,30.0,-0.1,60,spectral_boundary,1068.0220277555889,754.155675707375,258.11942051571174,1304.0029545461357,0.48235783393886267,10,False,0.6013945750814123,4.999847874154922e-08,0.029188654910700988,1.0,1574.4082294438356,247.7461790656845,0.2549636868106486,0.0005898737651462982,False,False,False
coarse,g05_c53,5,53,CNT_OC,0.8,50.0,-0.1,60,spectral_boundary,1382.1742504449956,889.0310538725073,258.11942051571174,1578.2129628226817,0.545450261416384,9,False,0.6731951855351582,1.8395906162183338e-07,0.039349806989176624,1.0,2031.6855720463736,465.0016220400988,0.23860303930342486,0.002141732774187277,False,False,False
coarse,g05_c54,5,54,CNT_OC,0.8,100.0,-0.1,40,spectral_boundary,2176.9140828061854,779.4010456496151,258.11942051571174,2176.9140828061854,0.6909273316296312,1,True,0.09955150036373261,1.9506049000631628e-12,1.1612402493656908e-05,9.0,3182.1054786592067,252.01058760070927,0.22386889190245174,0.004657981584275883,False,False,False
coarse,g05_c55,5,55,CNT_OC,0.8,150.0,-0.1,40,spectral_boundary,3123.2786306306343,1024.376153820744,258.11942051571174,3123.2786306306343,0.8386952280731044,4,False,0.45802973361022403,3.0761446095339444e-08,0.04676876867213732,3.0,4551.667647791199,483.0323419245129,0.21814909281274109,0.007350842930617607,False,False,False
coarse,g05_c56,5,56,CNT_OC,0.9,5.0,-0.1,60,spectral_boundary,1206.6989502694669,668.8091133309489,257.84266693182184,1265.16334059657,0.49457274191377687,2,False,0.3729383797710153,2.43371239534872e-09,0.0021261532724197556,2.5,1578.2848839750854,221.90475860298136,0.3714285204772349,0.0015597098393163034,False,False,False
coarse,g05_c57,5,57,CNT_OC,0.9,10.0,-0.1,60,spectral_boundary,1297.5266221754905,701.938123809574,257.84266693182184,1358.6871072806002,0.5213945396486285,4,False,0.40392154528685764,2.881264627434998e-09,0.002928536261923902,2.5,1695.9318221024753,253.3516818647567,0.35293962621979674,0.0012063733873056703,False,False,False
coarse,g05_c58,5,58,CNT_OC,0.9,15.0,-0.1,60,spectral_boundary,1375.0617389392803,736.2785159967281,257.84266693182184,1458.1118045495045,0.5465832678604854,5,False,0.4488403272698972,7.847083331197935e-09,0.003593512421897334,1.0,1796.0696259485512,372.67792829512325,0.3370348513025311,0.0008559441855835459,False,False,False
coarse,g05_c59,5,59,CNT_OC,0.9,20.0,-0.1,60,spectral_boundary,1409.3038215268718,770.0540610410994,257.84266693182184,1556.718905692735,0.5678864341280976,4,False,0.5401793007110055,1.0253917551723862e-08,0.009857380564121524,1.0,1840.6075208666764,443.4518997281095,0.3220129634929269,0.0005044645650942314,False,False,False
coarse,g05_c60,5,60,CNT_OC,0.9,30.0,-0.1,60,spectral_boundary,1636.880302654568,844.6200781675137,257.84266693182184,1764.173197531857,0.6107032705924653,5,False,0.5902363502734101,2.3657871875681704e-08,0.014902106226811884,2.0,2135.4145776538853,293.02288460577824,0.3029335668757053,0.00018180335875706,False,False,False
coarse,g05_c61,5,61,CNT_OC,0.9,50.0,-0.1,60,spectral_boundary,2102.720976647343,1010.707649508469,257.84266693182184,2198.135015204294,0.6827571617205334,6,False,0.6695445634973682,1.1326259318332798e-07,0.03944149129338466,3.5,2736.8316419897237,300.7769636168807,0.2777531847735346,0.0015136329023399675,False,False,False
coarse,g05_c62,5,62,CNT_OC,0.9,100.0,-0.1,60,spectral_boundary,3132.0249859223977,1515.2940377696264,257.84266693182184,3395.1129075947756,0.7964393525640495,11,False,0.6833434065668339,1.4041611784068195e-07,0.031318704844433026,1.0,4062.620171933883,503.22099976525374,0.23958999088410737,0.004627259686681429,False,False,False
coarse,g05_c63,5,63,CNT_OC,0.9,150.0,-0.1,60,spectral_boundary,4992.666524001374,2159.0700963731283,257.84266693182184,5031.416146293146,0.8567665772966614,15,False,0.5991937605278144,1.6525794533772458e-07,0.04389279761559519,1.0,6454.2500287113835,795.9786667862209,0.23806545713786176,0.007405752022788037,False,False,False
coarse,g06_c00,6,0,CNT_OC,0.2,5.0,0.0,40,spectral_boundary,333.208491065296,423.27120346011964,262.427883876755,555.5262427663351,0.2070630732139802,9,False,0.949644269059971,6.139096141951207e-07,0.16375161346205247,1.5,1959.990577295176,328.83489966883855,0.11486294437197875,0.0014749274722699601,False,False,False
coarse,g06_c01,6,1,CNT_OC,0.2,10.0,0.0,40,spectral_boundary,370.10690629626777,436.26455225983426,262.427883876755,563.5078074080445,0.20202897521890176,11,False,0.9264944837245042,1.4118522416675332e-06,0.15414733333148123,1.0,2175.5001404270333,338.36995086281183,0.11276850969176283,0.0012046658124812426,False,False,False
coarse,g06_c02,6,2,CNT_OC,0.2,15.0,0.0,40,spectral_boundary,373.99594418187183,439.60859219845753,262.427883876755,571.5768985854902,0.204093262310222,10,False,0.8047288401150837,1.3140856222766886e-06,0.13586748325465003,1.0,2196.6487077153547,371.428824322337,0.16347429431226768,0.0008961619217215944,False,False,False
coarse,g06_c03,6,3,CNT_OC,0.2,20.0,0.0,40,spectral_boundary,408.66599458460655,450.1375988682823,262.427883876755,579.7385934740873,0.20363749388125688,11,False,0.9297112702969288,6.214854651195604e-07,0.16513478505094176,1.0,2397.1822985530935,510.2816486883065,0.19329119075823886,0.0006164416948349905,False,False,False
coarse,g06_c04,6,4,CNT_OC,0.2,30.0,0.0,40,spectral_boundary,440.3545337939736,461.5586365092821,262.427883876755,597.2538574866942,0.20995917157663926,8,False,0.8387418623775371,1.727832860620573e-06,0.17110184841717396,1.5,2581.4055801552786,464.46000237115004,0.2377038050526623,1.8757313519190966e-05,False,False,False
coarse,g06_c05,6,5,CNT_OC,0.2,50.0,0.0,40,spectral_boundary,488.5339420873157,489.4383805493129,262.427883876755,633.3805669192557,0.22815459731318233,8,False,0.8442374891640904,5.562755916602314e-07,0.15310408053702643,1.0,2861.3175458722462,678.4520435426076,0.2861854925165952,0.0011593011554867916,False,False,False
coarse,g06_c06,6,6,CNT_OC,0.2,100.0,0.0,40,spectral_boundary,821.7327220902779,590.1595471025391,262.427883876755,821.7327220902779,0.30681122528662585,17,False,0.892502872558715,2.736578030059552e-06,0.12245803092550947,1.5,4791.104251913977,436.0620799140063,0.2975004600839448,0.003971436698863906,False,False,False
coarse,g06_c07,6,7,CNT_OC,0.2,150.0,0.0,40,spectral_boundary,1294.753277431911,716.3966818884273,262.427883876755,1294.753277431911,0.416644129532447,14,False,1.0684855756584204,9.749609874190482e-07,0.15379798816393075,1.5,7522.153813605804,710.7327064027959,0.2824357051334444,0.0066765338556854514,False,False,False
coarse,g06_c08,6,8,CNT_OC,0.3,5.0,0.0,40,spectral_boundary,447.2828496181134,482.2892989286853,261.02751110415124,648.8684858997447,0.2576155841832318,8,False,0.6867129085088668,5.836109952665719e-07,0.14761254433044813,1.0,1757.4784001787625,244.6454428420473,0.13384517460235124,0.0012475748870975911,False,False,False
coarse,g06_c09,6,9,CNT_OC,0.3,10.0,0.0,40,spectral_boundary,467.593683530468,490.7058319909312,261.02751110415124,664.5834318696382,0.26436759414341093,7,False,0.7400330264027449,3.273607182591282e-07,0.1297283640340953,1.0,1837.8902683478902,263.9525296719615,0.13200106244185794,0.000950601427068265,False,False,False
coarse,g06_c10,6,10,CNT_OC,0.3,15.0,0.0,40,spectral_boundary,438.85236300921605,495.0985414349634,261.02751110415124,680.5524771883212,0.2733546046203876,6,False,0.5494070201955326,4.4561797777198224e-07,0.20969820198083328,2.0,1727.1260986718844,211.78003875762494,0.19385403693852987,0.0006403586193840516,False,False,False
coarse,g06_c11,6,11,CNT_OC,0.3,20.0,0.0,40,spectral_boundary,501.8994725098239,506.06053820344914,261.02751110415124,696.7721056909377,0.278291025027918,4,False,0.7294864030017395,8.080557702911499e-07,0.09618497101903936,1.0,1969.4750731160898,500.59422616866624,0.2166517536629674,0.0003522856345117287,False,False,False
coarse,g06_c12,6,12,CNT_OC,0.3,30.0,0.0,40,spectral_boundary,521.4191873448502,521.5217430009229,261.02751110415124,729.9468645001464,0.29247005550395383,8,False,0.6729870330322132,1.4641149930558522e-06,0.13796965898982325,1.0,2046.81008728228,284.38641994978263,0.26277147354714825,0.00024630428238836544,False,False,False
coarse,g06_c13,6,13,CNT_OC,0.3,50.0,0.0,40,spectral_boundary,682.3697139538835,565.0058635702537,261.02751110415124,799.1043335265608,0.3249931123574267,8,False,0.9291261634410565,4.791192967820274e-07,0.06632148619326436,1.5,2668.0113975782497,344.9188138846541,0.2888446880303911,0.001403660359908021,False,False,False
coarse,g06_c14,6,14,CNT_OC,0.3,100.0,0.0,40,spectral_boundary,895.8289925020651,656.0038133998385,261.02751110415124,985.6586116914611,0.3893705855574035,11,False,0.8140391962304206,7.976034262984073e-07,0.1861548055390681,1.0,3494.228589556197,538.1881018931662,0.31868765282713796,0.004352527766864678,False,False,False
coarse,g06_c15,6,15,CNT_OC,0.3,150.0,0.0,40,spectral_boundary,1431.2523764419132,807.5601594996323,261.02751110415124,1431.2523764419132,0.4900402296973649,9,False,0.8786188689345853,8.69920380929629e-07,0.11724419721564969,1.0,5555.296438389019,1006.3607753700559,0.30498399649239305,0.007118254433966076,False,False,False
coarse,g06_c16,6,16,CNT_OC,0.4,5.0,0.0,40,spectral_boundary,690.4591051883835,516.4765512644453,260.078018111651,739.004969738084,0.3195749031215528,1,True,0.042953535959948046,2.072912187591077e-10,0.0010705063327825241,14.0,2032.2599589750203,112.74716941462839,0.15265155809231734,0.0011083998171531606,False,False,False
coarse,g06_c17,6,17,CNT_OC,0.4,10.0,0.0,40,spectral_boundary,712.7655654112248,526.6196809244624,260.078018111651,764.7036313670419,0.33077183644765007,1,True,0.04800482263438593,4.845187566829705e-10,0.002261607867875995,14.0,2097.262253549173,116.00025108325735,0.1509189595309569,0.0008114928410536404,False,False,False
coarse,g06_c18,6,18,CNT_OC,0.4,15.0,0.0,40,spectral_boundary,734.9230059818917,536.9373651988565,260.078018111651,790.9353000633503,0.34181391430138464,2,False,0.06299429498047691,1.097454312005852e-09,0.004534954655290551,14.0,2161.8283494748166,119.67608543790568,0.16268139836651874,0.0005149924426454122,False,False,False
coarse,g06_c19,6,19,CNT_OC,0.4,20.0,0.0,40,spectral_boundary,756.8506727599276,547.4242126224817,260.078018111651,817.6770274797382,0.35268319086421185,2,False,0.0882507982571956,2.365559654966449e-09,0.0084927741007035,13.5,2225.7244054097214,123.1899310370229,0.19865934890896342,0.000218883605241027,False,False,False
coarse,g06_c20,6,20,CNT_OC,0.4,30.0,0.0,40,spectral_boundary,799.5856861339907,568.8779318023842,260.078018111651,872.5808570673316,0.3738367457448859,3,False,0.23709830163841217,8.649744323246794e-09,0.024274320922460343,12.0,2350.2375133928176,146.911749726112,0.242829864920591,0.0003722365757561352,False,False,False
coarse,g06_c21,6,21,CNT_OC,0.4,50.0,0.0,40,spectral_boundary,877.8034418755832,613.521721716307,260.078018111651,987.086211477709,0.41349565634266,5,False,0.5324829968352793,9.211683230646297e-08,0.12204088588317885,1.0,2576.9826166136327,395.26021731282344,0.28550797972324693,0.0015506413539919661,False,False,False
coarse,g06_c22,6,22,CNT_OC,0.4,100.0,0.0,40,spectral_boundary,1179.412855363537,740.165516806569,260.078018111651,1295.8399915010107,0.50193030606432,7,False,0.62773170466343,3.2314165922395784e-07,0.11486731663261651,1.0,3450.7955855777964,608.1135925166404,0.3106138437555813,0.004458118366986619,False,False,False
coarse,g06_c23,6,23,CNT_OC,0.4,150.0,0.0,40,spectral_boundary,1682.1703862308123,893.9661850972592,260.078018111651,1682.1703862308123,0.5802807281252891,9,False,0.74119803123875,1.1650839116921418e-06,0.14436460551591065,1.0,4905.438808751329,674.0099640951024,0.3047103696485227,0.0072965261736814835,False,False,False
coarse,g06_c24,6,24,CNT_OC,0.5,5.0,0.0,60,spectral_boundary,342.41737848240143,547.1973712886148,259.38910299528317,838.5874178901665,0.34090500333477797,5,False,0.46038552764738666,4.364976169806487e-08,0.07184758336338812,2.5,817.0086731390548,97.81290662925879,0.1872796850712622,0.0015341552079084497,False,False,False
coarse,g06_c25,6,25,CNT_OC,0.5,10.0,0.0,60,spectral_boundary,365.86646215663916,563.5352030005282,259.38910299528317,877.255266515562,0.35073641322294286,5,False,0.4488885232462865,4.420346828461211e-08,0.07813224882537283,1.0,872.3183966352458,95.17747778390404,0.2049174330917457,0.0010996492113453105,False,False,False
coarse,g06_c26,6,26,CNT_OC,0.5,15.0,0.0,60,spectral_boundary,389.0744260286949,580.04267834218,259.38910299528317,916.9013520371885,0.36071237548272567,4,False,0.4035958600526835,8.063110262785382e-08,0.08480396171853286,2.5,927.2182193341839,111.20959307378851,0.24712724157762356,0.0006656858825203615,False,False,False
coarse,g06_c27,6,27,CNT_OC,0.5,20.0,0.0,60,spectral_boundary,402.30343353438025,596.2523169225681,259.38910299528317,957.4496789611708,0.371481044040234,5,False,0.5115374135224204,9.388403078450737e-08,0.0962614897128634,1.5,958.6149130404692,133.85028573432768,0.27247776059678663,0.00023068346923560412,False,False,False
coarse,g06_c28,6,28,CNT_OC,0.5,30.0,0.0,40,spectral_boundary,1036.1259420446727,580.7633206487251,259.38910299528317,1036.1259420446727,0.4286810314394068,1,True,0.04993765904377106,6.339537438060187e-16,1.8662795517091724e-08,14.5,2433.320864361851,137.98491772893829,0.2340415520496848,0.000498898319463259,False,False,False
coarse,g06_c29,6,29,CNT_OC,0.5,50.0,0.0,40,spectral_boundary,1213.8333794984599,636.459417107091,259.38910299528317,1213.8333794984599,0.48376270326935733,1,True,0.05692309142173635,1.2436838111984187e-13,1.5956903494518928e-06,14.5,2845.9346039893653,159.3951429639381,0.26827169671163775,0.001663696439824669,False,False,False
coarse,g06_c30,6,30,CNT_OC,0.5,100.0,0.0,40,spectral_boundary,1665.6268477624833,797.6468609148218,259.38910299528317,1684.4485827317667,0.6022896163850262,3,False,0.14804619356059923,4.879384814940445e-09,0.013392349555018779,12.5,3894.2285393216443,237.8757642978618,0.29063429894791426,0.004530790610867141,False,False,False
coarse,g06_c31,6,31,CNT_OC,0.5,150.0,0.0,40,spectral_boundary,2117.3427466620647,985.3257698827347,259.38910299528317,2180.6761389451976,0.6879184988167588,6,False,0.7929912084033666,1.3296655886184892e-07,0.09521772707998236,1.5,4937.431255362257,956.493552114206,0.2919453334067783,0.0073437608176559754,False,False,False
coarse,g06_c32,6,32,CNT_OC,0.6,5.0,0.0,60,spectral_boundary,543.8760111634718,615.6955715892993,258.8653428843953,956.4990479015751,0.3724117562585463,5,False,0.2650761852880674,2.6556924748688253e-08,0.03209466142537767,1.5,1076.8827351626041,138.09888830925127,0.21089725929901532,0.0015823021922588554,False,False,False
coarse,g06_c33,6,33,CNT_OC,0.6,10.0,0.0,60,spectral_boundary,570.647075826875,637.5573887884577,258.8653428843953,1013.4659246479816,0.3889785155858717,5,False,0.2956373783050103,3.417312866933156e-08,0.036100325849208754,2.0,1129.4838766827459,114.50503408785642,0.2059233338231058,0.0011598494403405324,False,False,False
coarse,g06_c34,6,34,CNT_OC,0.6,15.0,0.0,60,spectral_boundary,599.9195964143807,659.900343309037,258.8653428843953,1071.855674665705,0.40471624286797,5,False,0.3219666991741161,4.43609969868774e-08,0.041928261785894434,2.5,1186.8693157109594,111.09220649811938,0.21528763535952078,0.0007387692981822847,False,False,False
coarse,g06_c35,6,35,CNT_OC,0.6,20.0,0.0,60,spectral_boundary,628.9624591078483,682.6671671822611,258.8653428843953,1131.358615081393,0.4196890265648545,4,False,0.388376853182938,2.58669062217809e-08,0.04866462394606782,2.5,1243.8950175769937,110.83513364225438,0.24004881210920637,0.00031886061701402735,False,False,False
coarse,g06_c36,6,36,CNT_OC,0.6,30.0,0.0,60,spectral_boundary,691.9722771731521,729.7412477058855,258.8653428843953,1253.6782190232018,0.4472381081592138,6,False,0.5193330034300339,4.7834500555413914e-08,0.057876861102126934,1.0,1367.1616873723788,141.64358382482118,0.2657601289777062,0.000516636552117089,False,False,False
coarse,g06_c37,6,37,CNT_OC,0.6,50.0,0.0,60,spectral_boundary,826.8592714672052,828.7466720773325,258.8653428843953,1510.8184320871248,0.49426994622263165,5,False,0.6080653789638596,4.4534827014184357e-08,0.0773338695159343,2.5,1631.1294492372929,165.49992580920855,0.28459732726460607,0.0021739455946352404,False,False,False
coarse,g06_c38,6,38,CNT_OC,0.6,100.0,0.0,60,spectral_boundary,1855.314698124644,1183.9810818295773,258.8653428843953,2198.5582419929046,0.5821402766576936,6,False,0.7677470093136962,3.3320617744462174e-07,0.08724212475638145,1.0,3622.8319885877045,693.3904907909007,0.2697345885334266,0.006017024319663333,False,False,False
coarse,g06_c39,6,39,CNT_OC,0.6,150.0,0.0,40,spectral_boundary,2919.763923899296,1052.2961310188068,258.8653428843953,2919.763923899296,0.7894136374573972,1,True,0.09637949064675828,1.185770733874885e-10,0.0006385161257440003,15.5,5667.499552824102,302.52704362187495,0.2692406720348428,0.0073603122450661695,False,False,False
coarse,g06_c40,6,40,CNT_OC,0.7,5.0,0.0,60,spectral_boundary,953.6188809096998,670.7374154862632,258.4530522091942,1110.7587219229165,0.4391703962771667,1,True,0.06222855973882676,8.287904130787753e-11,0.0007874400105090601,10.5,1607.663271924329,102.9411334158821,0.2426412757240537,0.0016200694400874127,False,False,False
coarse,g06_c41,6,41,CNT_OC,0.7,10.0,0.0,60,spectral_boundary,990.832917304288,701.3655379526224,258.4530522091942,1193.9586830091187,0.4612333378435882,2,False,0.09265871999987109,4.209155610256653e-10,0.0027051533823851366,10.5,1670.2243636313347,107.92038295210935,0.23803882443470342,0.001218880067879624,False,False,False
coarse,g06_c42,6,42,CNT_OC,0.7,15.0,0.0,60,spectral_boundary,1020.545525547034,732.4983136198451,258.4530522091942,1278.9654558138884,0.48180567276038194,2,False,0.1485431226372647,1.9858787629664914e-09,0.007477457625471561,7.5,1720.3376850276181,123.60814606210727,0.23372530487444215,0.0008189296346234887,False,False,False
coarse,g06_c43,6,43,CNT_OC,0.7,20.0,0.0,60,spectral_boundary,1045.2488586902255,764.0320357494801,258.4530522091942,1366.5008168208071,0.5009458235957615,3,False,0.21763858593603003,7.969167269296684e-09,0.015764606322657422,1.0,1762.0455958710788,168.57116901246323,0.22960732833734004,0.00041998105571783295,False,False,False
coarse,g06_c44,6,44,CNT_OC,0.7,30.0,0.0,60,spectral_boundary,1102.1447553726332,828.3732565703209,258.4530522091942,1546.2005958450482,0.535349596231275,4,False,0.2820647061688445,9.780309489613983e-09,0.023211950494597906,1.0,1857.5532977329658,227.83968291361484,0.2265770835047427,0.0003745426522544504,False,False,False
coarse,g06_c45,6,45,CNT_OC,0.7,50.0,0.0,60,spectral_boundary,1273.7803550365097,963.4185151524929,258.4530522091942,1921.4081752292861,0.5910364143441416,4,False,0.40514603504417673,3.015336526583215e-08,0.044464195010464724,3.0,2144.3423738424194,159.67643938288614,0.2480977128392018,0.0019466625500070833,False,False,False
coarse,g06_c46,6,46,CNT_OC,0.7,100.0,0.0,60,spectral_boundary,1961.2438951418992,1346.5977113155868,258.4530522091942,2912.9476671836637,0.6768646877009107,11,False,0.6134307503155524,1.3081372319986113e-07,0.07602880321972535,1.0,3288.5120775369815,206.58225748976224,0.25133478230077044,0.005757856117377669,False,False,False
coarse,g06_c47,6,47,CNT_OC,0.7,150.0,0.0,60,spectral_boundary,3499.991835743501,1911.030221630706,258.4530522091942,3953.656470574941,0.7362730934958047,11,False,0.761659299373406,3.506437736538941e-07,0.0878111291628492,1.0,5833.127524038145,882.5830375973787,0.23330551012884793,0.009108839094220889,False,False,False
coarse,g06_c48,6,48,CNT_OC,0.8,5.0,0.0,80,spectral_boundary,502.0469647956295,750.9691319305897,258.11942051571174,1332.4974946126936,0.4644785257169728,5,False,0.17952641417576923,9.63072770706561e-09,0.01118092060116022,1.5,749.547181335882,74.60463328510919,0.2962066001431146,0.0023228041709513203,False,False,False
coarse,g06_c49,6,49,CNT_OC,0.8,10.0,0.0,80,spectral_boundary,557.7787741421294,793.0999906400963,258.11942051571174,1456.3082010839369,0.4870695077164275,4,False,0.1838439149768227,1.0821082929344429e-08,0.01008049367103163,1.0,831.6748386053216,85.90251044783855,0.28087409842290695,0.0018280590924578677,False,False,False
coarse,g06_c50,6,50,CNT_OC,0.8,15.0,0.0,60,spectral_boundary,1581.1229320412801,771.0939845988268,258.11942051571174,1583.3630487269188,0.561198114396605,1,True,0.04570154402389257,5.414451768903518e-16,4.0817593143500366e-08,11.0,2319.6763382506806,159.89571523845103,0.28040048344273966,0.0008559895729112199,False,False,False
coarse,g06_c51,6,51,CNT_OC,0.8,20.0,0.0,60,spectral_boundary,1703.7433543870327,814.0103690312827,258.11942051571174,1713.6175498587572,0.5895315543318574,1,True,0.04847587864972235,7.396424129378411e-15,4.741221107904454e-07,11.0,2497.785227398792,171.29180755686255,0.27579532690059166,0.0004890858265893527,False,False,False
coarse,g06_c52,6,52,CNT_OC,0.8,30.0,0.0,60,spectral_boundary,1926.3545826186387,904.9541164301877,258.11942051571174,1978.4502490711952,0.6401340421906826,1,True,0.05402600022358224,7.227561104925372e-13,3.4472916957157914e-05,11.0,2821.2994208279806,186.59593416768197,0.2679099550318385,0.00023269556510807643,False,False,False
coarse,g06_c53,6,53,CNT_OC,0.8,50.0,0.0,60,spectral_boundary,2179.1582731550043,1099.3388977846087,258.11942051571174,2532.7919165752473,0.7141899834498177,2,False,0.18909002293971744,1.032922356811363e-09,0.009272922267695398,6.5,3190.7365639233712,239.26425246797606,0.253347848394869,0.0016470605431275764,False,False,False
coarse,g06_c54,6,54,CNT_OC,0.8,100.0,0.0,60,spectral_boundary,2632.6408450569675,1611.1080496661418,258.11942051571174,3990.6545256444197,0.8006271192488706,6,False,0.4099957086355417,5.599240898313352e-08,0.053732685622181774,1.5,3854.0930705492665,280.63514599178006,0.22494513910720493,0.005116778689444823,False,False,False
coarse,g06_c55,6,55,CNT_OC,0.8,150.0,0.0,60,spectral_boundary,4084.3228291227906,2248.4902128654303,258.11942051571174,5512.210774202485,0.836698923331487,12,False,0.7190003129397536,2.0920114609540732e-07,0.08625641263723584,1.5,5956.086577542675,470.02112166400315,0.22016943009685597,0.008280182377074063,False,False,False
coarse,g06_c56,6,56,CNT_OC,0.9,5.0,0.0,80,spectral_boundary,1160.020399269937,897.9626976826934,257.84266693182184,1693.9414671437535,0.5486514529169182,1,True,0.11213961539435632,8.496215506144253e-10,0.005292473085775503,6.5,1521.891518031725,120.06705939258808,0.36791522053577647,0.002761089883545287,False,False,False
coarse,g06_c57,6,57,CNT_OC,0.9,10.0,0.0,80,spectral_boundary,1141.3725195305578,958.6950110887025,257.84266693182184,1879.409054514881,0.5763322132466334,4,False,0.13080800674288123,2.8821097991711593e-09,0.012674762671259486,5.0,1499.153480244973,108.84378260583485,0.3462015912769091,0.00236838193709743,False,False,False
coarse,g06_c58,6,58,CNT_OC,0.9,15.0,0.0,80,spectral_boundary,1133.8793402923634,1019.1347258081141,257.84266693182184,2067.185660749844,0.6012449023062493,4,False,0.139164560378082,5.060646805841943e-09,0.013792656147063353,1.0,1490.2726430766415,135.74822869466186,0.3258429560747475,0.0019752360820262105,False,False,False
coarse,g06_c59,6,59,CNT_OC,0.9,20.0,0.0,80,spectral_boundary,1157.924992953078,1080.0137930045385,257.84266693182184,2261.4899086263376,0.6235549906705667,4,False,0.1540785567871322,5.313167754468247e-09,0.012564291056291504,2.0,1521.7963693602153,141.34107552435242,0.3082586325324972,0.0015838378432565525,False,False,False
coarse,g06_c60,6,60,CNT_OC,0.9,30.0,0.0,80,spectral_boundary,1274.2532762551186,1205.2296922861817,257.84266693182184,2656.7934152022535,0.6607212177676153,3,False,0.19502015542503104,5.302838972073254e-09,0.009670862079723066,2.0,1673.3120147143275,132.10850049267142,0.2817264977537254,0.0008125671160161829,False,False,False
coarse,g06_c61,6,61,CNT_OC,0.9,50.0,0.0,80,spectral_boundary,1765.6377743069315,1482.3682350977883,257.84266693182184,3479.1343444538124,0.7088710467969844,3,False,0.2150654190288208,4.528371335830378e-09,0.006932997865031845,2.5,2310.620663997608,198.1540501302463,0.25829326625718296,0.0006459804124866464,False,False,False
coarse,g06_c62,6,62,CNT_OC,0.9,100.0,0.0,60,spectral_boundary,4803.973708091645,1873.4448113637134,257.84266693182184,5621.827322333002,0.9656888579011773,2,False,0.2108951641039264,6.150102269779269e-10,0.010658279490211593,3.5,6212.84906130341,488.94016090814563,0.27601424279375786,0.0038374007622740125,False,False,False
coarse,g06_c63,6,63,CNT_OC,0.9,150.0,0.0,60,spectral_boundary,5295.692558417649,2637.851949059454,257.84266693182184,7820.907034415048,0.9829482113168432,7,False,0.37757428487590755,1.464216414534449e-07,0.03570741566603487,1.5,6850.295137165028,426.0003777048474,0.2420325139708419,0.006357925418386312,False,False,False
coarse,g07_c00,7,0,CNT_OC,0.2,5.0,0.1,40,spectral_boundary,483.26309878277254,487.01267019745376,262.427883876755,628.3637901007164,0.23702700569109458,14,False,0.7549830362237525,7.449001480736871e-07,0.07375845567926675,1.0,2840.306589601983,358.7371836254627,0.11160719051796586,0.0017284982403450444,False,False,False
coarse,g07_c01,7,1,CNT_OC,0.2,10.0,0.1,40,spectral_boundary,473.44462415212803,491.02942049932756,262.427883876755,643.5587012369675,0.24312924522134916,12,False,0.8958046838715784,4.3095178908621134e-07,0.10721820280423765,1.5,2782.686147839153,334.3629638377548,0.11089956946543411,0.0014209051314519883,False,False,False
coarse,g07_c02,7,2,CNT_OC,0.2,15.0,0.1,40,spectral_boundary,503.2865339536436,500.56629155616355,262.427883876755,659.0690693989006,0.24938792870760063,11,False,0.8469250390781861,2.266616852306627e-07,0.07896727597776289,1.0,2955.6484342403664,475.96948497192164,0.12556662935160245,0.0011371232257934016,False,False,False
coarse,g07_c03,7,3,CNT_OC,0.2,20.0,0.1,40,spectral_boundary,532.1685761531146,511.07747678740617,262.427883876755,675.1938855154013,0.2582151774943387,9,False,0.8555569847356715,1.2842098344519302e-06,0.07901366547523823,1.0,3123.0288487473226,702.6781375215917,0.1589289405346862,0.0008573316825094546,False,False,False
coarse,g07_c04,7,4,CNT_OC,0.2,30.0,0.1,40,spectral_boundary,577.0116627022754,524.5989174586917,262.427883876755,701.1931684040826,0.26876502379440953,18,False,0.7490871257629154,4.148637105697241e-07,0.08503176686610944,1.0,3382.8452531932835,352.3686700623883,0.20294943744921923,0.0002678507030663413,False,False,False
coarse,g07_c05,7,5,CNT_OC,0.2,50.0,0.1,40,spectral_boundary,663.0802308373081,561.1020277325275,262.427883876755,763.8190291965168,0.299406690860533,19,False,0.7984601132726806,1.2297858561621795e-06,0.08872859396982091,1.0,3880.697680125235,484.8426510595946,0.2512738063847183,0.0008755389667337576,False,False,False
coarse,g07_c06,7,6,CNT_OC,0.2,100.0,0.1,40,spectral_boundary,1023.932106846941,666.9835501708909,262.427883876755,1023.932106846941,0.3828488894084455,21,False,0.910189719591502,8.718135238179646e-07,0.10984071106528066,1.5,5964.749649690497,617.776091972422,0.27399786983945296,0.0036675925389367814,False,False,False
coarse,g07_c07,7,7,CNT_OC,0.2,150.0,0.1,40,spectral_boundary,1509.3142229917053,808.1387162495772,262.427883876755,1509.3142229917053,0.48314932955342915,19,False,0.9375424087914643,9.838460847941856e-07,0.11363950490868904,1.0,8765.13126070511,1037.8876978345018,0.26746690457491273,0.006317618939445269,False,False,False
coarse,g07_c08,7,8,CNT_OC,0.3,5.0,0.1,40,spectral_boundary,768.1936206275572,533.2881297347515,261.02751110415124,768.9109292709707,0.32137635338455295,1,True,0.044306894150087484,6.024859458350444e-15,1.0504058641683525e-07,27.5,3009.730823284713,102.61941551679568,0.1290559727855407,0.0014071828523264385,False,False,False
coarse,g07_c09,7,9,CNT_OC,0.3,10.0,0.1,40,spectral_boundary,801.0694133202046,544.27482448848,261.02751110415124,801.0694133202046,0.333627792805251,1,True,0.04450557861359448,8.775519583115988e-15,1.4913005004311687e-07,27.5,3136.966308353536,107.09410498986567,0.12785731433391717,0.0011178315307687203,False,False,False
coarse,g07_c10,7,10,CNT_OC,0.3,15.0,0.1,40,spectral_boundary,834.9727235900737,555.5286481714377,261.02751110415124,834.9727235900737,0.34586693136576524,1,True,0.04474218725646267,1.2682678167492576e-14,2.100059491652698e-07,27.5,3268.1313157706127,111.72668946853705,0.12700065568697239,0.0008292687131333798,False,False,False
coarse,g07_c11,7,11,CNT_OC,0.3,20.0,0.1,40,spectral_boundary,869.8997624588852,567.0525429522392,261.02751110415124,869.8997624588852,0.35807627182299884,1,True,0.04514703452169883,1.826377363249613e-14,2.934729718577052e-07,27.5,3403.2105730297562,116.51554613657406,0.14455162426543944,0.00054150215276072,False,False,False
coarse,g07_c12,7,12,CNT_OC,0.3,30.0,0.1,40,spectral_boundary,942.7789364195772,590.9208528745226,261.02751110415124,942.7789364195772,0.3823407471414263,1,True,0.04612552709348982,3.698850174686932e-14,5.617732370372363e-07,27.0,3684.9322371761323,126.5500608864729,0.1901160454776326,3.161588024647166e-05,False,False,False
coarse,g07_c13,7,13,CNT_OC,0.3,50.0,0.1,40,spectral_boundary,1099.99009202344,641.9926211157637,261.02751110415124,1099.99009202344,0.42984386985209194,1,True,0.04904498245551298,1.411612271514679e-13,1.9030481802257371e-06,26.5,4292.127410423269,148.27118981306643,0.23575760129210444,0.001168067867788114,False,False,False
coarse,g07_c14,7,14,CNT_OC,0.3,100.0,0.1,40,spectral_boundary,1469.1477216252902,785.4940764755313,261.02751110415124,1481.995773814661,0.5326680932811156,12,False,0.7892734647427151,9.276228210134493e-09,0.06739520704296585,1.0,5711.059073627164,807.817829621439,0.27565617649672913,0.003966598123817611,False,False,False
coarse,g07_c15,7,15,CNT_OC,0.3,150.0,0.1,40,spectral_boundary,1922.1398434307994,950.5442948222365,261.02751110415124,1922.1398434307994,0.6124063307760302,14,False,0.8927472376167884,6.043312574459228e-07,0.08834518741854333,1.5,7453.171548776738,1028.0080849898745,0.27983490033405445,0.0067010015318612615,False,False,False
coarse,g07_c16,7,16,CNT_OC,0.4,5.0,0.1,60,spectral_boundary,773.1952653114357,645.2843157778276,260.078018111651,906.2051340555474,0.34518021523109876,1,True,0.040433331717868976,7.432053418989248e-12,1.1288245786212344e-05,21.0,2281.3832895844657,86.82933842085023,0.15010070152408028,0.002111789589024804,False,False,False
coarse,g07_c17,7,17,CNT_OC,0.4,10.0,0.1,60,spectral_boundary,825.3605859309644,671.2987983864231,260.078018111651,961.7370406389488,0.36316008259272625,1,True,0.04063079585770352,1.2583707609134554e-11,1.8565511552685427e-05,21.0,2433.369916566074,93.21222247894633,0.14804429426364957,0.0017171311812748113,False,False,False
coarse,g07_c18,7,18,CNT_OC,0.4,15.0,0.1,60,spectral_boundary,877.1038160708066,698.0363553825805,260.078018111651,1019.377500082488,0.3806596616694275,1,True,0.04093940874372676,2.016066346783401e-11,2.9767549030587373e-05,21.0,2584.0507354507026,99.71761430447759,0.1465895844032784,0.0013249037948611653,False,False,False
coarse,g07_c19,7,19,CNT_OC,0.4,20.0,0.1,60,spectral_boundary,927.9407537749247,725.4323499009968,260.078018111651,1079.132134678221,0.39756033039069993,1,True,0.04180038532161987,2.7277787533165206e-11,4.839430075855617e-05,20.0,2732.0291737542007,107.32472177114907,0.1706412974633027,0.0009348701132221304,False,False,False
coarse,g07_c20,7,20,CNT_OC,0.4,30.0,0.1,60,spectral_boundary,1017.342971737082,781.7243673785038,260.078018111651,1204.5394986276206,0.4291505228329289,6,False,0.4591603285111521,4.143759839587306e-09,0.011470077620749667,1.5,2990.4205604189,271.5220160080067,0.21180467059707364,0.0001593836873466925,False,False,False
coarse,g07_c21,7,21,CNT_OC,0.4,50.0,0.1,60,spectral_boundary,1053.1144423097821,887.6469662699676,260.078018111651,1472.349182290559,0.47916340455568224,12,False,0.8019180463148179,5.391394385605319e-07,0.0800325757120016,1.0,3093.4447162945844,362.54199218286584,0.26295554022004974,0.0014192733557741866,False,False,False
coarse,g07_c22,7,22,CNT_OC,0.4,100.0,0.1,40,spectral_boundary,1941.292637262426,831.2289068438247,260.078018111651,1941.292637262426,0.6205016232779743,1,True,0.06300578000630126,5.395987265331117e-16,2.1478102552698605e-08,26.5,5661.349419605222,202.5354246828475,0.2705792326581159,0.004225759275165886,False,False,False
coarse,g07_c23,7,23,CNT_OC,0.4,150.0,0.1,40,spectral_boundary,2728.273505932827,1050.7283678018616,260.078018111651,2728.273505932827,0.7317769485848804,3,False,0.07886281430213672,5.3249502431363924e-11,0.00016715308558762018,22.5,7933.7487793369355,320.43026766982314,0.2681833509044418,0.0069074308133743045,False,False,False
coarse,g07_c24,7,24,CNT_OC,0.5,5.0,0.1,60,spectral_boundary,1022.4849103849338,684.3559075567977,259.38910299528317,1054.1186561311852,0.40921813200698126,1,True,0.03849613002966897,1.3016275005306984e-14,6.624609663907929e-08,23.0,2409.932700087449,91.47021238320842,0.17360113538173866,0.0019630808642729924,False,False,False
coarse,g07_c25,7,25,CNT_OC,0.5,10.0,0.1,60,spectral_boundary,1106.7877140512724,716.8899847672674,259.38910299528317,1137.5777201633005,0.43275414455590383,1,True,0.03961741273463744,3.314547858194703e-14,1.546568957411377e-07,22.0,2606.127126602407,99.50151742368925,0.17127918450992163,0.0015779400490067985,False,False,False
coarse,g07_c26,7,26,CNT_OC,0.5,15.0,0.1,60,spectral_boundary,1193.0051865515184,750.7483645290356,259.38910299528317,1225.130524651036,0.45549543736357745,1,True,0.040787356970051786,8.109263740127647e-14,3.4583449661947757e-07,22.0,2806.64388508226,107.85721765627503,0.16960312157333474,0.001196749576351297,False,False,False
coarse,g07_c27,7,27,CNT_OC,0.5,20.0,0.1,60,spectral_boundary,1280.2790711634889,785.8716357510182,259.38910299528317,1315.8411970626353,0.47730327108038767,1,True,0.042132809799803134,1.9038531096268514e-13,7.374648954751364e-07,21.5,3009.501191407826,116.4765305025036,0.16811231374342822,0.000819313923570153,False,False,False
coarse,g07_c28,7,28,CNT_OC,0.5,30.0,0.1,60,spectral_boundary,1453.6336221439765,859.5866408155822,259.38910299528317,1504.5844949985553,0.5176773066635731,1,True,0.044901272233712215,9.23709059889128e-13,2.9337942793846375e-06,21.0,3412.1751189268552,134.06736792861594,0.19339094311171035,7.465440157128356e-05,False,False,False
coarse,g07_c29,7,29,CNT_OC,0.5,50.0,0.1,60,spectral_boundary,1758.7804973940306,1017.6565391111235,259.38910299528317,1897.0269299241331,0.5836271931618867,4,False,0.09312826463236969,8.93659614072182e-10,0.0005233311129257607,17.0,4120.553546073308,184.25345884314365,0.2279554418696218,0.0013840529787982891,False,False,False
coarse,g07_c30,7,30,CNT_OC,0.5,100.0,0.1,60,spectral_boundary,2182.487001484575,1417.914604676666,259.38910299528317,2890.1427173813263,0.6684227517772566,11,False,0.8640709505292578,3.658326345660859e-07,0.10380106175661992,1.0,5092.369474563417,1027.6296041515975,0.26127288507427104,0.005023922191753072,False,False,False
coarse,g07_c31,7,31,CNT_OC,0.5,150.0,0.1,60,spectral_boundary,3696.248199309669,1919.4264512142934,259.38910299528317,3831.0621598336775,0.7165591087431648,19,False,0.8351017884099664,1.7188214471627546e-06,0.13440880647840434,1.0,8589.501217104962,841.1278348500239,0.2398240517772069,0.008337073145882057,False,False,False
coarse,g07_c32,7,32,CNT_OC,0.6,5.0,0.1,80,spectral_boundary,878.4654191518298,800.8884899555816,258.8653428843953,1225.5305681846912,0.4147928427519354,1,True,0.03728291895236476,3.355804559913551e-14,1.04018659949131e-07,17.5,1732.4526827478137,77.88388408005997,0.20344221229181625,0.0027907535786688697,False,False,False
coarse,g07_c33,7,33,CNT_OC,0.6,10.0,0.1,80,spectral_boundary,940.9663335863629,854.1944028210467,258.8653428843953,1345.2176899398837,0.44007437947950345,1,True,0.03840823755671263,7.87046705474594e-14,2.686967552837531e-07,16.5,1854.166473019322,85.28564906122739,0.19971976329294444,0.002338045171479286,False,False,False
coarse,g07_c34,7,34,CNT_OC,0.6,15.0,0.1,80,spectral_boundary,990.1743764573666,908.0216998458324,258.8653428843953,1470.2128107094406,0.46326727231451,1,True,0.039656847629176394,1.5927065034155669e-13,6.327960681500274e-07,15.5,1949.9813291603778,91.80152099681013,0.19680752993303335,0.001886932354983939,False,False,False
coarse,g07_c35,7,35,CNT_OC,0.6,20.0,0.1,80,spectral_boundary,1023.9785970612417,961.7384332270962,258.8653428843953,1599.199545117181,0.4844211267441,1,True,0.04133302154041039,2.7503190545487973e-13,1.4133031763221037e-06,15.5,2015.8390595722092,97.12068086337091,0.19574314324435216,0.001435139276699915,False,False,False
coarse,g07_c36,7,36,CNT_OC,0.6,30.0,0.1,80,spectral_boundary,1044.629606751613,1066.5784796270977,258.8653428843953,1865.6557696304458,0.5215490265486621,1,True,0.05013927302033113,1.0525264209437251e-12,6.254565451630819e-06,13.5,2056.2863063829277,103.7282803167342,0.23349160001424474,0.0005214582058512551,False,False,False
coarse,g07_c37,7,37,CNT_OC,0.6,50.0,0.1,60,spectral_boundary,2393.7758223018545,1108.5437081330554,258.8653428843953,2411.4374298344756,0.6744972152299277,1,True,0.053602923572864426,6.84650553486623e-14,2.638779773758971e-07,20.0,4663.68786760858,189.7372435253583,0.20902838314652328,0.001397969661405929,False,False,False
coarse,g07_c38,7,38,CNT_OC,0.6,100.0,0.1,60,spectral_boundary,2925.2485986631027,1649.4141565785617,258.8653428843953,3759.934705040048,0.7725272202217132,4,False,0.8911724534533597,1.0778618713608889e-07,0.060746315090342305,1.5,5688.365825252194,1121.3937170265865,0.24120366638225477,0.004754329713716143,False,False,False
coarse,g07_c39,7,39,CNT_OC,0.6,150.0,0.1,60,spectral_boundary,3949.6406694614884,2205.6487117402553,258.8653428843953,5055.140544517259,0.7977534218156448,15,False,0.7726756657644163,1.2235400376640953e-06,0.14638982717279675,1.0,7656.983314336469,901.0289222562302,0.23754266254971168,0.008060317621990665,False,False,False
coarse,g07_c40,7,40,CNT_OC,0.7,5.0,0.1,600,completed,0.029310883768286982,0.06078776227740572,0.029310883768286982,0.11114323245062141,0.3856094395278725,1,True,0.014151145746590604,8.050074625205848e-24,3.4148926491206e-30,34.0,0.05099309001965918,0.001390187062221082,0.45550966588096375,0.0001403626686927728,True,False,False
coarse,g07_c41,7,41,CNT_OC,0.7,10.0,0.1,100,spectral_boundary,594.1217061607892,943.4708393855555,258.4530522091942,1607.9654955175802,0.47231320971316515,1,True,0.04320592796369115,2.74957470796582e-14,2.2351740117462797e-08,13.0,1009.1337401994081,59.66954868410709,0.2359953224962743,0.003039700261175615,False,False,False
coarse,g07_c42,7,42,CNT_OC,0.7,15.0,0.1,80,spectral_boundary,1461.9023272586633,1014.9116969853646,258.4530522091942,1783.807782429471,0.5414243750869865,1,True,0.04048706469250831,3.9196419268940996e-15,1.919482889667284e-08,16.5,2459.0970904921146,114.29760305415883,0.2308210132604575,0.0020358220066329924,False,False,False
coarse,g07_c43,7,43,CNT_OC,0.7,20.0,0.1,80,spectral_boundary,1536.8293901512366,1087.0746187622494,258.4530522091942,1963.4800461158493,0.5652494030052332,1,True,0.042605034317109,1.451746830097491e-14,6.877254694308123e-08,15.5,2583.872832461095,122.85188686628584,0.2277330532223234,0.0016359191926695882,False,False,False
coarse,g07_c44,7,44,CNT_OC,0.7,30.0,0.1,80,spectral_boundary,1602.96349969035,1230.18428131433,258.4530522091942,2328.1799241244153,0.6036018173720755,1,True,0.04726641994131637,1.2847636103724341e-13,6.214791185277141e-07,13.5,2694.483139450522,134.4705951312451,0.2218077638163985,0.0008312351520071148,False,False,False
coarse,g07_c45,7,45,CNT_OC,0.7,50.0,0.1,80,spectral_boundary,1443.1027543366235,1490.4081466437783,258.4530522091942,3068.0190063040745,0.6587355127717204,1,True,0.089061657162806,1.1312694558690719e-10,9.96196465571483e-05,10.5,2430.3901894486653,140.76517465522372,0.23692202100345772,0.0008665445430012797,False,False,False
coarse,g07_c46,7,46,CNT_OC,0.7,100.0,0.1,60,spectral_boundary,4392.758769799348,1882.7363299752337,258.4530522091942,4873.309350243253,0.8786899525516542,1,True,0.08033280239218347,5.785523256266199e-12,1.8787234783546393e-05,16.0,7305.370171280188,324.3422597833054,0.21179320807122326,0.004410913742378453,False,False,False
coarse,g07_c47,7,47,CNT_OC,0.7,150.0,0.1,60,spectral_boundary,3792.908165940082,2503.4729708132945,258.4530522091942,6595.019363892454,0.8887153972258465,11,False,0.5973623707390453,5.73583488654632e-07,0.11444879549412323,1.0,6315.302005023218,916.4703099220621,0.22917899213864423,0.00764506361880446,False,False,False
coarse,g07_c48,7,48,CNT_OC,0.8,5.0,0.1,600,completed,0.0026868425643283003,0.008445880439735619,0.0026868425643283003,0.01948755179876919,0.5621813524961604,1,True,0.02050188746206509,9.123650341762323e-24,2.992402067099627e-30,31.0,0.004090093654005819,0.00012320581779655263,0.39749942385057135,7.227048592461927e-05,True,False,False
coarse,g07_c49,7,49,CNT_OC,0.8,10.0,0.1,600,completed,16.700345157716256,10.31734271840141,6.620579848474826,16.700345157716256,0.27828450282607614,1,True,0.012467482977950934,9.307961964490096e-24,2.838026204913681e-30,30.5,25.40260911591652,0.7796291909070161,0.23334414730836733,0.0008107272608052218,True,False,False
coarse,g07_c50,7,50,CNT_OC,0.8,15.0,0.1,600,completed,216.5229759031041,317.788580839933,212.94987586036206,765.2609784764328,0.44723577901958483,2,False,0.017087588341336283,3.0871607769257285e-18,6.969027054480163e-12,13.0,325.25660901908077,21.255104673223407,0.22606751048375545,0.0003995527276463573,True,False,False
coarse,g07_c51,7,51,CNT_OC,0.8,20.0,0.1,100,spectral_boundary,880.7171260700953,1271.2492560403537,258.11942051571174,2453.726503513667,0.5855845815166666,1,True,0.052719076887689,1.4959687004726662e-14,1.3494000014185158e-08,11.0,1304.7718010730946,84.47030104595387,0.259620263011495,0.002583492138856114,False,False,False
coarse,g07_c52,7,52,CNT_OC,0.8,30.0,0.1,100,spectral_boundary,760.4092191400485,1415.4898798965646,258.11942051571174,2955.225692037853,0.6405956460091036,3,False,0.06061238581178187,1.286769527196361e-13,1.0604123682846507e-07,10.0,1127.9491062232769,79.49808976850322,0.23617078087952076,0.0015728416332060347,False,False,False
coarse,g07_c53,7,53,CNT_OC,0.8,50.0,0.1,80,spectral_boundary,2335.809130658952,1768.155432507609,258.11942051571174,3955.550350276042,0.748288308383455,1,True,0.07108420678386419,9.564389421534378e-14,7.214397410306828e-07,11.5,3425.9819931879406,186.0137922386801,0.2496680965915531,0.00013843845288008527,False,False,False
coarse,g07_c54,7,54,CNT_OC,0.8,100.0,0.1,80,spectral_boundary,1147.5990486044755,2386.1718196623897,258.11942051571174,6382.014459447222,0.8562264567212597,8,False,0.6850328474395676,1.7439610703667858e-07,0.0833283239559752,4.0,1697.8652788480426,144.25345767344274,0.2204642042605055,0.004475380870455847,False,False,False
coarse,g07_c55,7,55,CNT_OC,0.8,150.0,0.1,60,spectral_boundary,5742.81360319403,3007.8869146897164,258.11942051571174,8720.000369360314,0.9972061612277552,4,False,0.649540104336454,1.001045289291434e-08,0.04700175179670745,1.5,8350.027887889903,1000.8761050864481,0.23159964333157917,0.0065176840508079925,False,False,False
coarse,g07_c56,7,56,CNT_OC,0.9,5.0,0.1,600,completed,3.354079046284797e-05,0.000249376881938676,3.354079046284797e-05,0.0008249244116890427,0.8649740926058531,1,True,0.03244709907771638,1.0965209017867668e-23,2.4173490349500023e-30,27.0,4.538494961735064e-05,1.5552266420030491e-06,0.24837962678745362,8.106122880091604e-05,True,False,False
coarse,g07_c57,7,57,CNT_OC,0.9,10.0,0.1,600,completed,0.0737566560936105,0.09572237275673817,0.0737566560936105,0.1311882312213999,0.17275591780709756,1,True,0.007137824431030391,8.510254288047583e-24,2.727415041507652e-30,27.0,0.0998017799985237,0.0034205951617650382,0.11483249797704831,0.0006307767062082581,True,False,False
coarse,g07_c58,7,58,CNT_OC,0.9,15.0,0.1,600,completed,216.1644736600674,77.4322057717763,23.227364861170685,216.1644736600674,0.6676516890132524,1,True,0.032458056025710225,4.118378291100849e-24,2.5010267371553826e-30,24.0,289.8604161938106,11.143519427625245,0.1992791707110969,0.0010376076256271016,True,False,False
coarse,g07_c59,7,59,CNT_OC,0.9,20.0,0.1,600,completed,346.38481895154285,350.82782908321497,288.83574890178,669.4112872192935,0.24895496594902164,3,False,0.012269188247841047,9.812563222619359e-19,1.0221250770395414e-12,11.0,461.2250543350386,31.5079846481736,0.1907203180975996,0.0007554468086776733,True,False,False
coarse,g07_c60,7,60,CNT_OC,0.9,30.0,0.1,460,spectral_boundary,2816.940752456906,1640.6231568729784,661.6919401378007,3033.6670902984765,0.5333654615126301,3,False,0.03140238489982561,6.214418519696165e-13,1.4675782371716276e-08,11.0,3685.311891493381,120.16509441710774,0.29504558138814185,0.002653546942422369,False,False,False
coarse,g07_c61,7,61,CNT_OC,0.9,50.0,0.1,100,spectral_boundary,923.9034499456584,2060.488114443296,257.84266693182184,5138.300745960616,0.7919348985486487,3,False,0.08139830285568803,6.764377298662234e-14,6.073204228207322e-08,7.5,1216.971212429648,95.36553111941465,0.18597782468224866,0.0012962675191149353,False,False,False
coarse,g07_c62,7,62,CNT_OC,0.9,100.0,0.1,80,spectral_boundary,2327.498627321229,3013.657943269428,257.84266693182184,8379.91212598032,0.9126986975604003,3,False,0.11399866835169847,1.1080891981732005e-11,9.968518934253935e-05,7.0,3040.974805850484,183.5852294943393,0.19605807771976302,0.0018205417798534684,False,False,False
coarse,g07_c63,7,63,CNT_OC,0.9,150.0,0.1,80,spectral_boundary,1809.6798766156994,3651.5044673109005,257.84266693182184,11502.4690117272,0.985767117635958,3,False,0.1559301087148633,1.995671821284065e-09,0.007401068030376573,6.5,2368.8914980032514,143.27246932880306,0.13947073103372665,0.0055800649680616266,False,False,False
coarse,g08_c00,8,0,CNT_OC,0.2,5.0,0.2,40,spectral_boundary,708.185689811942,528.9347242048325,262.427883876755,716.8138102030994,0.2883144449596783,20,False,0.6236311754387073,1.8498785124401234e-08,0.0198256377305438,1.0,4157.0174186679,284.7176393157909,0.10919974161371049,0.001908656241112694,False,False,False
coarse,g08_c01,8,1,CNT_OC,0.2,10.0,0.2,40,spectral_boundary,731.2737410061086,539.0229406891464,262.427883876755,744.6570247408727,0.2992216298919324,22,False,0.700028134559511,4.90933176046926e-08,0.028887199088493187,1.5,4290.94096648296,293.1984319543392,0.1083704244432957,0.0016264395719195468,False,False,False
coarse,g08_c02,8,2,CNT_OC,0.2,15.0,0.2,40,spectral_boundary,755.952526403197,549.2306632143034,262.427883876755,772.3813990212052,0.3099554382947954,26,False,0.6511946213241596,9.924290044327733e-08,0.033454392397418445,1.0,4434.873013676,265.71971606118177,0.10781126265262986,0.001344707426465197,False,False,False
coarse,g08_c03,8,3,CNT_OC,0.2,20.0,0.2,40,spectral_boundary,778.5905034685109,559.562042349758,262.427883876755,799.2330426629311,0.3205158050658684,27,False,0.7824288844838736,7.960704974642503e-08,0.04820332575712011,1.0,4565.225782874696,278.73701014257546,0.10731291848267577,0.0010631767903424016,False,False,False
coarse,g08_c04,8,4,CNT_OC,0.2,30.0,0.2,40,spectral_boundary,823.7694800532662,580.334839040491,262.427883876755,850.78645967252,0.3406009065134905,22,False,0.7994021577798556,4.0238417921029673e-07,0.04396285248579379,1.0,4822.959352835189,516.7556520136858,0.15537258972638857,0.0005007359789529486,False,False,False
coarse,g08_c05,8,5,CNT_OC,0.2,50.0,0.2,40,spectral_boundary,940.8333662996172,625.6004710698552,262.427883876755,966.4947563222157,0.3817936212853772,26,False,0.8534121715847338,1.3259433712772813e-07,0.11445141415005387,1.0,5498.386039318322,475.2621948112369,0.20571294829467324,0.0006083987493307186,False,False,False
coarse,g08_c06,8,6,CNT_OC,0.2,100.0,0.2,40,spectral_boundary,1276.1825573482342,743.3981127912842,262.427883876755,1276.1825573482342,0.4637912010475642,24,False,0.9243227448001442,2.5774485594460496e-07,0.11014112160380289,1.0,7432.110147176079,579.7439781697993,0.24884089580382918,0.0033595559305176215,False,False,False
coarse,g08_c07,8,7,CNT_OC,0.2,150.0,0.2,40,spectral_boundary,1803.034331796105,893.2016816740473,262.427883876755,1803.034331796105,0.551295561602375,21,False,0.86452389532424,3.4552180649847807e-07,0.1353728777968555,1.0,10470.257693904401,1422.1112389790871,0.24778010138887507,0.005975249298083352,False,False,False
coarse,g08_c08,8,8,CNT_OC,0.3,5.0,0.2,40,spectral_boundary,851.7225789014085,543.9622333668382,261.02751110415124,851.7225789014085,0.34368727825751716,1,True,0.043414901296246776,4.758171210215028e-12,9.917725443518255e-06,41.5,3341.461818742997,82.30542881016432,0.12835165261682274,0.0014440109132969337,False,False,False
coarse,g08_c09,8,9,CNT_OC,0.3,10.0,0.2,40,spectral_boundary,892.6164503576153,556.040559612283,261.02751110415124,892.6164503576153,0.35774646825399004,1,True,0.043613457631243434,5.587036197574845e-12,1.2809854503348526e-05,41.5,3499.8695676425305,86.19345134505136,0.12720734190394084,0.0011581122797745813,False,False,False
coarse,g08_c10,8,10,CNT_OC,0.3,15.0,0.2,40,spectral_boundary,935.1817364095718,568.468793317605,261.02751110415124,935.1817364095718,0.37184751220535117,1,True,0.043812044021323625,6.501796070669204e-12,1.6624632613900485e-05,41.5,3664.678354089764,90.24388015708978,0.12642168933759723,0.0008732595549617583,False,False,False
coarse,g08_c11,8,11,CNT_OC,0.3,20.0,0.2,40,spectral_boundary,979.4699488723297,581.2551386580205,261.02751110415124,979.4699488723297,0.3859742556932219,1,True,0.04401066044745614,7.544905766828557e-12,2.1681724168759102e-05,41.5,3836.0846833359547,94.46064151096026,0.12820571556269877,0.0005894768742612522,False,False,False
coarse,g08_c12,8,12,CNT_OC,0.3,30.0,0.2,40,spectral_boundary,1073.4224472108508,607.9350104771653,261.02751110415124,1073.4224472108508,0.41424527806501904,1,True,0.04440798333362106,1.0194331710643125e-11,3.73998281368519e-05,41.5,4199.481102253182,103.41114613683276,0.17235359030162944,2.5218101850521535e-05,False,False,False
coarse,g08_c13,8,13,CNT_OC,0.3,50.0,0.2,40,spectral_boundary,1284.1596326636977,665.951333762175,261.02751110415124,1284.1596326636977,0.4704821627826727,1,True,0.046529435967873935,1.7325939705052476e-11,0.00011215443307909117,40.5,5013.675112489176,123.68564382478608,0.2160063441561445,0.0010894066081401643,False,False,False
coarse,g08_c14,8,14,CNT_OC,0.3,100.0,0.2,40,spectral_boundary,1915.6910608020603,839.9667901255631,261.02751110415124,1915.6910608020603,0.6031201469983598,18,False,0.5866446117591579,6.495777670431901e-09,0.02334674257468221,1.0,7443.3502772079255,500.1148714536046,0.24613263804407148,0.003791375878173242,False,False,False
coarse,g08_c15,8,15,CNT_OC,0.3,150.0,0.2,40,spectral_boundary,2442.335898946174,1036.7290995073731,261.02751110415124,2442.335898946174,0.6907335764726179,30,False,0.8375865949903453,8.043740410836924e-08,0.1105539853497215,1.0,9462.645990191064,809.0068675463389,0.25612207030232026,0.006436252649689278,False,False,False
coarse,g08_c16,8,16,CNT_OC,0.4,5.0,0.2,40,spectral_boundary,890.9674854793797,534.4613104844236,260.078018111651,890.9674854793797,0.3624077140543763,1,True,0.03982205091865902,9.29931840476713e-15,4.154740986687142e-08,39.5,2626.013674279673,70.66519003195603,0.1503721946801055,0.0011601350292353985,False,False,False
coarse,g08_c17,8,17,CNT_OC,0.4,10.0,0.2,40,spectral_boundary,936.920959464944,547.0545624983948,260.078018111651,936.920959464944,0.3780898721380234,1,True,0.040019584331447686,1.407668056181991e-14,6.537053907957146e-08,39.5,2759.689195883322,74.20708388723529,0.1488474953971226,0.0008695972991799028,False,False,False
coarse,g08_c18,8,18,CNT_OC,0.4,15.0,0.2,40,spectral_boundary,984.9836069324679,560.0540609083926,260.078018111651,984.9836069324679,0.3938314051657639,1,True,0.040217148098603314,2.1028110145270653e-14,1.0170023778628257e-07,39.5,2899.427000250663,77.90589196931846,0.14769984389410123,0.0005800561018318717,False,False,False
coarse,g08_c19,8,19,CNT_OC,0.4,20.0,0.2,40,spectral_boundary,1035.224246714612,573.4715989042513,260.078018111651,1035.224246714612,0.4096166323403843,1,True,0.0404147421948554,3.1017137672102304e-14,1.564055542408791e-07,39.5,3045.4236685233327,81.76643728236384,0.15896485479368294,0.00029153988139207776,False,False,False
coarse,g08_c20,8,20,CNT_OC,0.4,30.0,0.2,40,spectral_boundary,1142.5109149462091,601.6086196806515,260.078018111651,1142.5109149462091,0.4412586783223258,1,True,0.041670718357739694,6.563858443834724e-14,3.59425983532206e-07,39.5,3356.9691033830886,89.9914491842401,0.2011364950253094,0.0002823023363344168,False,False,False
coarse,g08_c21,8,21,CNT_OC,0.4,50.0,0.2,40,spectral_boundary,1386.1184344138983,663.4299113114887,260.078018111651,1386.1184344138983,0.5044364660417955,1,True,0.04683828367859848,2.562640348641727e-13,1.6832078211183753e-06,39.5,4063.449655546048,108.57848500014101,0.23955984701837396,0.0014164085026430184,False,False,False
coarse,g08_c22,8,22,CNT_OC,0.4,100.0,0.2,40,spectral_boundary,2185.811690061237,854.8804561069019,260.078018111651,2185.811690061237,0.656970878295423,1,True,0.06332858171027904,4.2438540863384254e-12,4.026799052187961e-05,38.5,6377.074289710114,169.10648453438873,0.25914194301282645,0.004161599153921558,False,False,False
coarse,g08_c23,8,23,CNT_OC,0.4,150.0,0.2,40,spectral_boundary,3291.0901986442286,1108.064520124441,260.078018111651,3291.0901986442286,0.7929133677762972,13,False,0.2521275779283784,1.0893044291993357e-09,0.006573156391593112,1.0,9567.054848203152,397.13475308983226,0.25063987172844904,0.006757236532680677,False,False,False
coarse,g08_c24,8,24,CNT_OC,0.5,5.0,0.2,60,spectral_boundary,1254.4959483277394,713.119110740953,259.38910299528317,1254.4959483277394,0.45096732039472553,1,True,0.037022807430750274,6.664197312275642e-13,1.3984506899201066e-07,38.0,2958.6232595329,75.40254439248848,0.17216810508444952,0.0020590460310643266,False,False,False
coarse,g08_c25,8,25,CNT_OC,0.5,10.0,0.2,60,spectral_boundary,1389.5641238004177,752.3027453418243,259.38910299528317,1389.5641238004177,0.4813773432385175,1,True,0.037376699541740714,1.2808603677364142e-12,2.3512623146524018e-07,38.0,3272.9766765230243,83.48818168997605,0.16999510886265934,0.0016949618655837106,False,False,False
coarse,g08_c26,8,26,CNT_OC,0.5,15.0,0.2,60,spectral_boundary,1534.885429694897,793.91054466791,259.38910299528317,1534.885429694897,0.511371934749038,1,True,0.038475958389720344,2.2581333786075723e-12,3.7944299184042616e-07,38.0,3610.854641289536,92.21666562631715,0.16854244673637964,0.0013382438934972374,False,False,False
coarse,g08_c27,8,27,CNT_OC,0.5,20.0,0.2,60,spectral_boundary,1690.4885878350274,838.0068440804789,259.38910299528317,1690.4885878350274,0.5407795180412734,1,True,0.03966834268547292,3.5611327503098298e-12,5.844377941633453e-07,38.0,3972.309850863743,101.62165624139463,0.16728060540621414,0.0009890755836287068,False,False,False
coarse,g08_c28,8,28,CNT_OC,0.5,30.0,0.2,60,spectral_boundary,2032.0719529789553,933.8526334924651,259.38910299528317,2032.0719529789553,0.5972242797535919,1,True,0.04233281745217892,7.071654146224141e-12,1.2281001316986663e-06,37.0,4764.830135319216,122.54679508000305,0.16520266610404521,0.0003139015276376611,False,False,False
coarse,g08_c29,8,29,CNT_OC,0.5,50.0,0.2,60,spectral_boundary,2805.2598829523904,1156.2274604116317,259.38910299528317,2805.2598829523904,0.6968825804865727,8,False,0.3001907519307479,2.7256832268983905e-09,0.004294366563032345,2.0,6553.586216524823,291.2347983763872,0.17496544327059904,0.0009444038954419254,False,False,False
coarse,g08_c30,8,30,CNT_OC,0.5,100.0,0.2,40,spectral_boundary,2293.146880360243,846.3256620671633,259.38910299528317,2293.146880360243,0.6843613216195935,1,True,0.06867070601344298,5.735037036722058e-15,9.287668468018776e-08,36.5,5356.922936318204,153.4918899525125,0.2682600919581688,0.004417379198154325,False,False,False
coarse,g08_c31,8,31,CNT_OC,0.5,150.0,0.2,40,spectral_boundary,3586.213368035477,1116.9762008409803,259.38910299528317,3586.213368035477,0.83693262101681,1,True,0.0864759698427668,4.395443662385069e-13,7.2296734068434075e-06,36.5,8343.852281553554,236.89032989902978,0.2569233801792563,0.0070491639380524385,False,False,False
coarse,g08_c32,8,32,CNT_OC,0.6,5.0,0.2,600,completed,0.0003905411107161331,0.0017742463885754805,0.0003905411107161331,0.004922824105968366,0.7085871635884683,1,True,0.026041948049875065,6.990299291072264e-24,4.0513161587538124e-30,74.5,0.000792677582986771,1.0005199310244141e-05,0.476792495214989,0.00018687421217611355,True,False,False
coarse,g08_c33,8,33,CNT_OC,0.6,10.0,0.2,600,completed,0.7960589226949615,0.6992067275690274,0.667850405364727,0.7960589226949615,0.05047601404166162,1,True,0.00478569058964436,5.863348664800822e-24,3.813958561859885e-30,73.5,1.615718456518537,0.020744726494267455,0.3552878260892468,0.0009890222473842858,True,False,False
coarse,g08_c34,8,34,CNT_OC,0.6,15.0,0.2,60,spectral_boundary,1684.236970843448,798.2515696715408,258.8653428843953,1684.236970843448,0.5477606542426694,1,True,0.037641019519547896,3.914721316243433e-14,1.9858391558346375e-08,37.0,3301.343461034116,90.13347103120908,0.1974684462517875,0.0011344832938073868,False,False,False
coarse,g08_c35,8,35,CNT_OC,0.6,20.0,0.2,60,spectral_boundary,1869.369453158849,845.8863110232364,258.8653428843953,1869.369453158849,0.58071583354756,1,True,0.03884142482580804,9.023311169086406e-14,4.189740953968912e-08,36.5,3659.662033407325,99.92991118695132,0.19585199482816207,0.0007836027313399274,False,False,False
coarse,g08_c36,8,36,CNT_OC,0.6,30.0,0.2,60,spectral_boundary,2281.8636229545104,950.6179766074769,258.8653428843953,2281.8636229545104,0.6442120894378179,1,True,0.04304346742589763,3.774747947052178e-13,1.5649954470802014e-07,36.0,4457.026698067244,121.80527330523985,0.19328500009495048,0.0001076868992220259,False,False,False
coarse,g08_c37,8,37,CNT_OC,0.6,50.0,0.2,60,spectral_boundary,3261.6971089583085,1199.7432673724581,258.8653428843953,3261.6971089583085,0.7574643733839098,1,True,0.05187878916302309,3.181897619007579e-12,1.1296257139013434e-06,35.0,6347.446098495933,174.61753674682677,0.18980530332095258,0.001136224130483865,False,False,False
coarse,g08_c38,8,38,CNT_OC,0.6,100.0,0.2,60,spectral_boundary,5086.663106990212,1994.7458323605222,258.8653428843953,5577.797232417808,0.9103578011124931,24,False,0.8788292276965547,1.8300839294570232e-07,0.09382017385610142,1.0,9854.36387280703,911.2556395050619,0.19272094320262134,0.0037971015649328477,False,False,False
coarse,g08_c39,8,39,CNT_OC,0.6,150.0,0.2,60,spectral_boundary,6185.763404990518,2737.962669100729,258.8653428843953,6694.600983300934,0.9044810078080155,25,False,0.9569413676346401,7.259795003923607e-07,0.08988922843508611,1.0,11964.47962116773,1059.2283757552332,0.202079251193234,0.006605079264240699,False,False,False
coarse,g08_c40,8,40,CNT_OC,0.7,5.0,0.2,600,completed,8.994802035404888e-05,0.000552227764355231,8.994802035404888e-05,0.00172817051533451,0.8120778218393574,1,True,0.030137162589189092,7.312333066944523e-24,3.63319606693099e-30,68.5,0.0001564856949050326,2.1645333441408586e-06,0.45516426609164684,0.00014326618954185744,True,False,False
coarse,g08_c41,8,41,CNT_OC,0.7,10.0,0.2,600,completed,0.14631120134061792,0.16267418402062261,0.1461278866719335,0.20218859877944134,0.10170048547457708,1,True,0.004915934467247141,6.832570843960349e-24,3.617096224370107e-30,67.5,0.2545417348014257,0.0035712575365599727,0.30980216104143843,0.0009412426924262363,True,False,False
coarse,g08_c42,8,42,CNT_OC,0.7,15.0,0.2,600,completed,258.7995539055901,88.63710684539397,24.312191797169834,258.7995539055901,0.708158685193347,1,True,0.033167224975925905,2.719443425397935e-24,3.3259857405002176e-30,60.5,447.4752649882296,6.8701751942408125,0.21652647658081647,0.001351160077558089,True,False,False
coarse,g08_c43,8,43,CNT_OC,0.7,20.0,0.2,600,completed,79.94273204963791,1635.0215046996966,79.94273204963791,4519.979128046487,0.9868297147590197,1,True,0.0480739803617197,8.716156888466749e-24,2.0195767453545636e-16,28.5,138.5083935617908,4.462005298470116,0.24478624455108589,0.004106549405240911,True,False,False
coarse,g08_c44,8,44,CNT_OC,0.7,30.0,0.2,80,spectral_boundary,3318.7100310164396,1483.755200759372,258.4530522091942,3339.4072194414293,0.7312602549733779,1,True,0.04463124077592784,4.292071489651039e-14,6.180745970174245e-08,30.5,5547.105294762056,162.5989702314841,0.22444357883235883,0.0016931525734815711,False,False,False
coarse,g08_c45,8,45,CNT_OC,0.7,50.0,0.2,60,spectral_boundary,3636.540996864295,1221.2834416368305,258.4530522091942,3636.540996864295,0.8058211398532479,1,True,0.05450900858704446,1.0579161928013001e-13,8.356343461920451e-08,34.0,6062.459879670612,178.07206234409537,0.22391134929332507,0.0012803590955109412,False,False,False
coarse,g08_c46,8,46,CNT_OC,0.7,100.0,0.2,60,spectral_boundary,7284.660556194178,2179.184234514965,258.4530522091942,7284.660556194178,1.0068988153000458,8,False,0.08271011227134323,1.7141416412305323e-10,0.0004955451848218795,24.5,12079.25724533324,446.7927571136399,0.21786782003371574,0.0036501414551233236,False,False,False
coarse,g08_c47,8,47,CNT_OC,0.7,150.0,0.2,60,spectral_boundary,6668.9636967586885,3131.7384637176524,258.4530522091942,9334.511623362298,1.0010139850711424,24,False,0.8634030025891559,2.3214969769822872e-07,0.08223188185602145,1.5,11063.325809315478,1148.9095818783753,0.20535946646739056,0.0060693699385493405,False,False,False
coarse,g08_c48,8,48,CNT_OC,0.8,5.0,0.2,600,completed,9.464450738824458e-06,9.272262681740966e-05,9.464450738824458e-06,0.0003408267449170456,0.9571568221534675,1,True,0.03620425947838439,7.796845700824103e-24,3.180800740846014e-30,62.0,1.440742947347774e-05,2.2132833813859896e-07,0.3975612330673679,7.530718502912759e-05,True,False,False
coarse,g08_c49,8,49,CNT_OC,0.8,10.0,0.2,600,completed,0.010579682434299026,0.017586942645105866,0.010579682434299026,0.02976823545863514,0.310082881282537,1,True,0.011912836984507432,6.790066849296264e-24,3.200509106037368e-30,61.0,0.016105106691620664,0.0002503334302790825,0.22226781869605255,0.0008574434051217272,True,False,False
coarse,g08_c50,8,50,CNT_OC,0.8,15.0,0.2,600,completed,13.740932713454882,6.360787969118976,2.941108545696447,13.740932713454882,0.4708326137024487,1,True,0.02166266468407555,6.1367215737511316e-24,3.1349413891948004e-30,59.5,20.9102603470435,0.330381499053508,0.20243273451157284,0.0016107990824940632,True,False,False
coarse,g08_c51,8,51,CNT_OC,0.8,20.0,0.2,600,completed,2138.0018558905635,3291.7317821209526,390.4778556028774,6917.628525159316,0.6773958377274225,1,True,0.06056470163905674,7.388513065372849e-25,2.5672927474681685e-17,25.0,3157.6127601619983,94.74337606765398,0.2352433284964371,0.010493860306651226,True,False,False
coarse,g08_c52,8,52,CNT_OC,0.8,30.0,0.2,600,completed,398.31154349236,231.48446625846182,187.3604447126041,398.31154349236,0.2390341943744905,1,True,0.022677528904089198,3.8970196428423295e-25,1.1787209422749381e-26,32.5,598.5262496536783,17.15439405257541,0.1784431899314225,0.0030677303518691357,True,True,False
coarse,g08_c53,8,53,CNT_OC,0.8,50.0,0.2,80,spectral_boundary,5407.996258524248,2209.59039991645,258.11942051571174,5658.343779901738,0.8819320550734804,1,True,0.05862336275503538,6.917187674923988e-14,1.41171436633918e-07,25.5,7875.847229059533,262.45247197851455,0.26411294316837247,0.001248083281198964,False,False,False
coarse,g08_c54,8,54,CNT_OC,0.8,100.0,0.2,60,spectral_boundary,8612.756472859617,2274.5701990214343,258.11942051571174,8612.756472859617,1.0785102153151815,1,True,0.0835583085000296,7.866154212410587e-13,1.7476307913863686e-06,29.0,12484.339450756484,404.84906803992754,0.26244959431155,0.0035469351952663875,False,False,False
coarse,g08_c55,8,55,CNT_OC,0.8,150.0,0.2,60,spectral_boundary,10498.657337225926,3658.878745694904,258.11942051571174,12371.799883791107,1.1227382762107414,11,False,0.623211501096125,3.5163520826201855e-08,0.052697328974530354,1.0,15203.51340194339,2521.5579696292957,0.24988648188427826,0.0049890284069541435,False,False,False
coarse,g08_c56,8,56,CNT_OC,0.9,5.0,0.2,600,completed,1.7680536888075279e-07,4.210654979896165e-06,1.7680536888075279e-07,1.972265417551355e-05,1.191270000449156,1,True,0.04709461176575044,7.514622765232971e-24,2.7069401034125374e-30,54.0,2.3924012107576713e-07,4.2141645495631734e-09,0.24808490656947102,7.676437181958207e-05,True,False,False
coarse,g08_c57,8,57,CNT_OC,0.9,10.0,0.2,600,completed,7.749368376320724e-05,0.00032063775032762477,7.749368376320724e-05,0.0008848981813954909,0.6941413184881656,1,True,0.025554061836696913,7.78201256956878e-24,2.6644325695290096e-30,53.5,0.00010485879680947072,1.864389422930917e-06,0.11529342457788694,0.0006394445106663316,True,False,False
coarse,g08_c58,8,58,CNT_OC,0.9,15.0,0.2,600,completed,0.042340572926581097,0.04113627446151422,0.03908494041963928,0.04729027922167717,0.05230840218083354,1,True,0.0036365629040757863,8.440634820231029e-24,2.6975175215388338e-30,53.0,0.057292111993420096,0.0010265816368617714,0.12427950821872213,0.0013479545795764825,True,False,False
coarse,g08_c59,8,59,CNT_OC,0.9,20.0,0.2,600,completed,28.94193381143445,10.23101176181253,3.0241187618917587,28.94193381143445,0.6826879365514669,1,True,0.030917780161149603,8.290893283974526e-24,2.6322838636270706e-30,51.5,39.13361952298747,0.7128981410042611,0.12499585044767214,0.0020092465509040647,True,False,False
coarse,g08_c60,8,60,CNT_OC,0.9,30.0,0.2,600,completed,16.248482795301495,477.20246219209935,16.248482795301495,3086.901481261284,1.4771592753394838,1,True,0.05460217884337478,1.6353215100424575e-24,2.210203433808018e-19,25.5,21.968187941696897,0.816590139555635,0.13827820027465132,0.0018715568024703089,True,False,False
coarse,g08_c61,8,61,CNT_OC,0.9,50.0,0.2,80,spectral_boundary,6851.215210768252,2306.9665625309817,257.84266693182184,6862.508465181797,0.965494092216689,1,True,0.06040846496782907,1.2443063220395014e-14,1.0111652363243523e-08,25.5,8849.442124971707,309.22078370733976,0.332378754696772,0.0017867607401808039,False,False,False
coarse,g08_c62,8,62,CNT_OC,0.9,100.0,0.2,80,spectral_boundary,6732.551854782864,4070.6752406331348,257.84266693182184,11281.216503739735,0.9804532785368986,2,False,0.09991925588576785,9.675405079780911e-11,0.0005691327591933525,15.0,8703.839197782545,396.9620228642383,0.2851477448658569,0.0012762145903525424,False,False,False
coarse,g08_c63,8,63,CNT_OC,0.9,150.0,0.2,60,spectral_boundary,15246.739254850332,3698.880686907351,257.84266693182184,15246.739254850332,1.2348688474051244,1,True,0.1078326657630554,2.6576282061875527e-13,1.0883995513934002e-06,24.5,19590.15046515175,719.7330053780682,0.31503995324854805,0.004013651379031757,False,False,False
coarse,g09_c00,9,0,CNT_OC,0.2,5.0,0.3,40,spectral_boundary,768.5019202307471,539.9594046275624,262.427883876755,771.2332586161084,0.30749908814522164,26,False,0.5774767514511528,3.418572616830245e-08,0.018498183057413048,1.5,4517.261363423757,262.82938498710735,0.10875014724725046,0.001959677801931403,False,False,False
coarse,g09_c01,9,1,CNT_OC,0.2,10.0,0.3,40,spectral_boundary,788.7089187636302,550.5639740099639,262.427883876755,798.3248687462124,0.31894372975069035,32,False,0.749420642786384,1.695473376765617e-07,0.026555060027706516,1.0,4633.954732710539,253.54423952918623,0.10799181688954484,0.001679111784376519,False,False,False
coarse,g09_c02,9,2,CNT_OC,0.2,15.0,0.3,40,spectral_boundary,820.8930624436925,561.9092085976803,262.427883876755,832.0084331674223,0.3313254685324271,31,False,0.8653729959368798,2.4254019669260613e-08,0.0325651253519222,1.0,4819.547538175897,275.81875717499946,0.10744781561849454,0.0014022072511178374,False,False,False
coarse,g09_c03,9,3,CNT_OC,0.2,20.0,0.3,20,spectral_boundary,563.0414769688377,399.32334327462695,262.427883876755,563.0414769688377,0.23195441705690933,1,True,0.04763517706856724,2.7622978424259176e-16,1.0738010613172845e-08,44.0,3308.420993465364,84.17883884031201,0.14992806078708998,0.00023722345517263044,False,False,False
coarse,g09_c04,9,4,CNT_OC,0.2,30.0,0.3,20,spectral_boundary,576.9290669462007,403.4650973427824,262.427883876755,576.9290669462007,0.23971238368846348,1,True,0.049082190474306765,3.483236728452201e-16,1.367979745395179e-08,44.0,3389.009072202183,86.17594348953585,0.20394271488042948,6.713983651995825e-05,False,False,False
coarse,g09_c05,9,5,CNT_OC,0.2,50.0,0.3,20,spectral_boundary,605.6895570410384,411.9460311303944,262.427883876755,605.6895570410384,0.2553378688681206,1,True,0.05224290249385401,5.512759631368288e-16,2.2068775176685546e-08,44.0,3555.847399836096,90.305082648308,0.26475700455089823,0.0006753328009254655,False,False,False
coarse,g09_c06,9,6,CNT_OC,0.2,100.0,0.3,20,spectral_boundary,683.6636713949536,434.35196669428217,262.427883876755,683.6636713949536,0.29494588520886256,1,True,0.061340397772574926,1.6899600055030723e-15,7.054454252446642e-08,44.0,4007.8373412591463,101.45582622243087,0.3239708597702965,0.0021925778835173437,False,False,False
coarse,g09_c07,9,7,CNT_OC,0.2,150.0,0.3,20,spectral_boundary,771.045983473121,458.5941538181234,262.427883876755,771.045983473121,0.33516497551061863,1,True,0.0715267085702301,4.9839287080877175e-15,2.151715089553504e-07,44.0,4513.878338393875,113.88244934207322,0.3438262091506026,0.0037049179391026588,False,False,False
coarse,g09_c08,9,8,CNT_OC,0.3,5.0,0.3,40,spectral_boundary,876.5677193546019,545.5331030598627,261.02751110415124,876.5677193546019,0.3500791645238577,1,True,0.044594725942892405,1.512062256713946e-12,1.1341812041174994e-06,53.5,3445.554061020604,68.9305378391659,0.128152905200475,0.0014527125412270303,False,False,False
coarse,g09_c09,9,9,CNT_OC,0.3,10.0,0.3,40,spectral_boundary,920.7497844614768,558.0329701129523,261.02751110415124,920.7497844614768,0.3649617508515307,1,True,0.04550294210434373,1.38441288729189e-12,1.3514887281930014e-06,53.5,3616.974976764748,72.2985544888555,0.1270201726546119,0.001168215322350341,False,False,False
coarse,g09_c10,9,10,CNT_OC,0.3,15.0,0.3,40,spectral_boundary,966.9086259476006,570.9220753140675,261.02751110415124,966.9086259476006,0.37991945350337253,1,True,0.04650237201771209,1.5229420836528126e-12,1.604770338861096e-06,53.5,3795.9733772411046,75.81534402076736,0.12625249223512008,0.0008848876648495096,False,False,False
coarse,g09_c11,9,11,CNT_OC,0.3,20.0,0.3,40,spectral_boundary,1015.1173277412238,584.2114525708897,261.02751110415124,1015.1173277412238,0.3949365120949705,1,True,0.04762195968746843,1.7006082309992473e-12,1.8986661062989895e-06,53.5,3982.8280970332135,79.48820925388088,0.12554034899166355,0.0006027625539969383,False,False,False
coarse,g09_c12,9,12,CNT_OC,0.3,30.0,0.3,40,spectral_boundary,1117.990617149605,612.0359634982069,261.02751110415124,1117.990617149605,0.42509052344246817,1,True,0.04999932873874671,2.3085379038636433e-12,2.622748936124805e-06,52.5,4381.275556586777,87.3295106360523,0.16651116303302815,4.2254231436666956e-05,False,False,False
coarse,g09_c13,9,13,CNT_OC,0.3,50.0,0.3,40,spectral_boundary,1351.6845140768537,672.9848760585534,261.02751110415124,1351.6845140768537,0.4854992530252738,3,False,0.055165071524978786,6.581974019104216e-12,6.178505054501198e-06,51.5,5285.195974396653,105.13001216427783,0.20908323305790344,0.001062856153069336,False,False,False
coarse,g09_c14,9,14,CNT_OC,0.3,100.0,0.3,40,spectral_boundary,2087.7802559590973,859.2195080534779,261.02751110415124,2087.7802559590973,0.6302358871805824,24,False,0.6590296900557716,1.0593227475431965e-07,0.038160141257182575,1.5,8113.912004692915,603.6638739724384,0.23576030574869056,0.0037261933336862896,False,False,False
coarse,g09_c15,9,15,CNT_OC,0.3,150.0,0.3,40,spectral_boundary,2633.1871340273683,1068.7354401115736,261.02751110415124,2633.1871340273683,0.7195514039867322,19,False,0.8916209468573788,3.605244539702572e-07,0.11763801329415562,1.0,10210.383853384837,1240.5120283053388,0.247875292261025,0.006334822957906439,False,False,False
coarse,g09_c16,9,16,CNT_OC,0.4,5.0,0.3,40,spectral_boundary,892.7448284277259,532.1806949322953,260.078018111651,892.7448284277259,0.3617423580096248,1,True,0.03923180688833188,4.4036487509830455e-14,2.625234624747412e-08,49.5,2636.3268876522616,58.976123588822645,0.15033289472285727,0.0011569104971625999,False,False,False
coarse,g09_c17,9,17,CNT_OC,0.4,10.0,0.3,40,spectral_boundary,940.1377998559781,544.9021405343743,260.078018111651,940.1377998559781,0.3778918742634282,1,True,0.03942921434603952,6.028622267488212e-14,3.7023665491547424e-08,49.5,2774.4378748449226,61.99592865388898,0.14880532267840046,0.0008667717521146923,False,False,False
coarse,g09_c18,9,18,CNT_OC,0.4,15.0,0.3,40,spectral_boundary,989.8487460443621,558.0518287474113,260.078018111651,989.8487460443621,0.3941318074250984,1,True,0.040231396051279615,8.164894239793655e-14,5.171547603343468e-08,49.5,2919.2194618099297,65.15644255156418,0.1476601676158048,0.0005776865333807502,False,False,False
coarse,g09_c19,9,19,CNT_OC,0.4,20.0,0.3,40,spectral_boundary,1041.9680106599901,571.6435810532433,260.078018111651,1041.9680106599901,0.41044684196175935,1,True,0.04177884499035433,1.0942129619156858e-13,7.160999532878624e-08,49.5,3070.929822855102,68.46271175426992,0.1578965647504531,0.0002896884242565845,False,False,False
coarse,g09_c20,9,20,CNT_OC,0.4,30.0,0.3,40,spectral_boundary,1153.798821672622,600.2100028924532,260.078018111651,1153.798821672622,0.4432444234635926,1,True,0.04495376569619753,1.9507628692735319e-13,1.3359683792794044e-07,48.5,3396.1868832407354,75.53288823974484,0.19971508804055904,0.00028290861277902035,False,False,False
coarse,g09_c21,9,21,CNT_OC,0.4,50.0,0.3,40,spectral_boundary,1410.4378028192828,663.2864954633869,260.078018111651,1410.4378028192828,0.5091316051083448,1,True,0.052124315244126335,6.117635593671721e-13,4.1609706915086364e-07,48.5,4141.5054981976755,91.64560185066239,0.2374476517986861,0.0014135046708813048,False,False,False
coarse,g09_c22,9,22,CNT_OC,0.4,100.0,0.3,40,spectral_boundary,2278.65289384739,861.4640496714271,260.078018111651,2278.65289384739,0.6709058609363814,1,True,0.07056677453518351,2.6510362497809238e-12,3.7901283132220696e-06,47.5,6655.862615585684,145.23065693409856,0.25486419481667055,0.0041407198121931055,False,False,False
coarse,g09_c23,9,23,CNT_OC,0.4,150.0,0.3,40,spectral_boundary,3543.4346161105527,1130.4206560275022,260.078018111651,3543.4346161105527,0.8195884070400558,27,False,0.3915428891627378,3.528329962951281e-10,0.0077453858641911835,1.0,10304.058661839523,470.73566648079776,0.24335638195414477,0.006695239538947462,False,False,False
coarse,g09_c24,9,24,CNT_OC,0.5,5.0,0.3,600,completed,3.0424757286967254e-05,0.00021003848861728385,3.0424757286967254e-05,0.0006906919399504018,0.8541718217028349,1,True,0.0318186571625952,6.855850029840573e-16,9.599073411758464e-30,123.5,7.410340978896424e-05,5.631039107996512e-07,0.48252563501993156,0.00022036416544990445,True,False,False
coarse,g09_c25,9,25,CNT_OC,0.5,10.0,0.3,80,spectral_boundary,1733.4593947489943,979.9675379000507,259.38910299528317,1733.4593947489943,0.5156256649905143,1,True,0.0360785648173343,1.4888212021048453e-14,1.7527452163729692e-08,50.5,4091.1398934881827,76.76845442649665,0.16654385645997044,0.003185796432543575,False,False,False
coarse,g09_c26,9,26,CNT_OC,0.5,15.0,0.3,80,spectral_boundary,2016.2511257995639,1073.162390092529,259.38910299528317,2016.2511257995639,0.557794098680758,13,False,0.08000436404927229,7.157268190057596e-10,0.0005556591723430739,2.0,4748.923227558839,131.1872555626722,0.1646617708895194,0.0029148321911824926,False,False,False
coarse,g09_c27,9,27,CNT_OC,0.5,20.0,0.3,80,spectral_boundary,2222.9102770550635,1170.2630335174676,259.38910299528317,2268.451862431828,0.5942159047864534,23,False,0.5158201261257741,3.330685014031914e-08,0.007465149654000712,1.0,5225.573044347453,214.84943904826883,0.1632909091645276,0.0026568917157866467,False,False,False
coarse,g09_c28,9,28,CNT_OC,0.5,30.0,0.3,60,spectral_boundary,2242.725500817722,954.2624506133972,259.38910299528317,2242.725500817722,0.6257063294923213,1,True,0.04316114498823639,1.4621005226640416e-13,2.846272412041765e-08,50.0,5264.827370667276,105.21990141506336,0.16509650969815987,0.0003851930092466649,False,False,False
coarse,g09_c29,9,29,CNT_OC,0.5,50.0,0.3,60,spectral_boundary,3280.98089019177,1206.34290671711,259.38910299528317,3280.98089019177,0.7442451326654735,2,False,0.052126200974478,8.581439438427543e-12,3.1732778011891594e-06,48.0,7670.460859306292,157.51462605449873,0.16226726053942125,0.0007784357993869673,False,False,False
coarse,g09_c30,9,30,CNT_OC,0.5,100.0,0.3,40,spectral_boundary,2329.527607181103,845.9748285604173,259.38910299528317,2329.527607181103,0.6895542757153955,1,True,0.0726684486283435,2.2795061277379754e-13,1.925167277305821e-07,44.5,5448.2761651405,131.2279795762134,0.2669770611873842,0.004415239235310953,False,False,False
coarse,g09_c31,9,31,CNT_OC,0.5,150.0,0.3,40,spectral_boundary,3730.3000531470025,1125.5518981711818,259.38910299528317,3730.3000531470025,0.8516743791313477,1,True,0.09173910736875697,1.7426525894530277e-12,3.800819685045248e-06,45.5,8686.056407206324,205.75998685647593,0.25373241241635636,0.007026743254786583,False,False,False
coarse,g09_c32,9,32,CNT_OC,0.6,5.0,0.3,600,completed,1.3903766267590977e-05,0.00011742393003164136,1.3903766267590977e-05,0.00041383610927315964,0.9168552183584245,1,True,0.03443444636126823,1.0002517960381153e-18,9.153033872107775e-30,114.0,2.8220342619111072e-05,2.335592240900953e-07,0.47624963382599006,0.00018818938548448294,True,False,False
coarse,g09_c33,9,33,CNT_OC,0.6,10.0,0.3,600,completed,0.007838967404047966,0.012588002490332664,0.007838967404047966,0.02107642948406075,0.29859968191771624,1,True,0.011569628600056541,1.1493551925445999e-18,9.176192757151376e-30,112.0,0.015910675640684928,0.00013366604806876195,0.3601237522436646,0.000994196241920542,True,False,False
coarse,g09_c34,9,34,CNT_OC,0.6,15.0,0.3,600,completed,4.409540359819321,2.1140428900480543,1.0607895426672376,4.409540359819321,0.4397813243913103,1,True,0.02099232919773836,8.933430324869922e-19,9.068750252581033e-30,110.5,8.94929426755601,0.07632118623713184,0.28440963240007977,0.0017894026015755626,True,False,False
coarse,g09_c35,9,35,CNT_OC,0.6,20.0,0.3,100,spectral_boundary,2474.224752469978,1533.6414991051577,258.8653428843953,2801.50858220295,0.6114233758436727,17,False,0.17308478922356763,1.4575186362149291e-09,0.0007284200453215828,1.5,4854.878132635384,165.05158800740062,0.1875388905134941,0.004412820628796665,False,False,False
coarse,g09_c36,9,36,CNT_OC,0.6,30.0,0.3,80,spectral_boundary,3545.933557058098,1495.458868035225,258.8653428843953,3545.933557058098,0.7318278145915662,12,False,0.24700204768259737,1.1590649481464986e-09,0.005580121722699784,1.5,6919.503409255556,323.38935570497034,0.18895325850688505,0.002114308390998354,False,False,False
coarse,g09_c37,9,37,CNT_OC,0.6,50.0,0.3,60,spectral_boundary,3598.872742832816,1227.052972532276,258.8653428843953,3598.872742832816,0.7890614223001787,1,True,0.05289076746492378,2.040555663148485e-13,3.0114884453152077e-08,47.0,7009.521274571709,151.82651813462266,0.19010094715825676,0.0010528115321842835,False,False,False
coarse,g09_c38,9,38,CNT_OC,0.6,100.0,0.3,60,spectral_boundary,6616.052030304811,2175.4660565485005,258.8653428843953,6827.653269116026,0.9867432899219722,27,False,0.8362290332247736,1.0742833657392772e-07,0.06720688327490255,1.0,12805.622715392215,1160.3690020725594,0.1838939143515207,0.00328667680810113,False,False,False
coarse,g09_c39,9,39,CNT_OC,0.6,150.0,0.3,40,spectral_boundary,3789.5516771066136,1105.8971912943757,258.8653428843953,3789.5516771066136,0.8694422596828517,1,True,0.09583321723354032,4.172644492035105e-14,7.391047317161757e-08,41.5,7357.50607718032,191.02834863772898,0.25518644303728666,0.0072475641460599816,False,False,False
coarse,g09_c40,9,40,CNT_OC,0.7,5.0,0.3,600,completed,3.973392648141179e-06,4.486018259342016e-05,3.973392648141179e-06,0.0001732439831986029,1.0018306543895117,1,True,0.03810861057439197,1.2906143006327877e-23,8.75065185755027e-30,104.0,6.912649201003017e-06,6.270666660202386e-08,0.4548794496267113,0.00014459998427363008,True,False,False
coarse,g09_c41,9,41,CNT_OC,0.7,10.0,0.3,600,completed,0.0016613573454158036,0.0034944796480114505,0.0016613573454158036,0.006955510176190595,0.426313385999265,1,True,0.01592580161591979,4.2088504943096995e-23,8.802190183459124e-30,102.5,0.0028903209994796566,2.6578098575025088e-05,0.3107863596224744,0.0009440738034370844,True,False,False
coarse,g09_c42,9,42,CNT_OC,0.7,15.0,0.3,600,completed,0.7799179454428697,0.4529283197986817,0.3015549325553115,0.7799179454428697,0.2981597158052251,1,True,0.015887750688748793,1.5005486366786353e-22,8.549102745466568e-30,101.0,1.3568325530434775,0.012624297597318278,0.25142956649903514,0.001740165170779795,True,False,False
coarse,g09_c43,9,43,CNT_OC,0.7,20.0,0.3,600,completed,500.0035100824167,121.23440811604685,15.65407481552619,500.0035100824167,1.0141196117025926,1,True,0.048909347991484275,2.3195430002260914e-22,9.130753729117055e-30,92.0,863.3236349866504,8.700321694483401,0.20373547688350585,0.002005988234796474,True,False,False
coarse,g09_c44,9,44,CNT_OC,0.7,30.0,0.3,100,spectral_boundary,3581.87673502458,2081.102204000586,258.4530522091942,4286.823654362948,0.7237785867604457,14,False,0.2058114679198545,1.798322712980428e-09,0.001726941150018275,1.5,6001.577871713744,212.97331013203066,0.2177791289237057,0.004599876705896899,False,False,False
coarse,g09_c45,9,45,CNT_OC,0.7,50.0,0.3,80,spectral_boundary,5870.677197395432,2260.73466756113,258.4530522091942,6123.073371537503,0.8919449813347091,15,False,0.5099012573062955,1.3887427773352818e-08,0.030629851510015495,1.5,9773.46223816201,645.605176918358,0.21865763710055647,0.0017321972377380979,False,False,False
coarse,g09_c46,9,46,CNT_OC,0.7,100.0,0.3,60,spectral_boundary,8789.08203462679,2312.9014628010264,258.4530522091942,8789.08203462679,1.0694918482897744,18,False,0.25873231110924766,3.617621738356503e-11,0.00022469694480020813,32.0,14571.426713243662,432.4489083595964,0.21920937207026153,0.003301440544417278,False,False,False
coarse,g09_c47,9,47,CNT_OC,0.7,150.0,0.3,60,spectral_boundary,8864.129592337904,3476.4432769975106,258.4530522091942,10755.877122879232,1.0621918190599122,28,False,0.8452079676278677,2.2744484491639973e-07,0.1094540836328922,1.0,14694.365151103462,870.9429380006727,0.2088364659874843,0.00519504101171353,False,False,False
coarse,g09_c48,9,48,CNT_OC,0.8,5.0,0.3,600,completed,5.399737818141998e-07,9.55701701297966e-06,5.399737818141998e-07,4.183365823931465e-05,1.1224968088783733,1,True,0.04361024704160986,5.3034723209130336e-24,8.145103045303018e-30,93.5,8.219847506652663e-07,8.28428771104055e-09,0.3975824515702965,7.673850903344714e-05,True,False,False
coarse,g09_c49,9,49,CNT_OC,0.8,10.0,0.3,600,completed,0.0001541023422346711,0.0005002812656434382,0.0001541023422346711,0.0012543749003252147,0.6096305330689333,1,True,0.02242248460475106,4.932598509114259e-24,8.80892644550039e-30,92.5,0.00023458504710990402,2.3925760150199875e-06,0.22285131060170993,0.0008600977516782793,True,False,False
coarse,g09_c50,9,50,CNT_OC,0.8,15.0,0.3,600,completed,0.054600373435762684,0.04430401519978543,0.04108027803653605,0.054600373435762684,0.08319601349077894,1,True,0.008031695897149714,5.662151906207463e-24,8.308757199970811e-30,91.5,0.08311632148693066,0.000855869601516819,0.20405432482545682,0.0016406081068970346,True,False,False
coarse,g09_c51,9,51,CNT_OC,0.8,20.0,0.3,600,completed,26.338073360853336,8.230379664480983,1.9441014155938539,26.338073360853336,0.7856003674492862,1,True,0.0357898992176942,5.734446035257961e-24,8.002958667963227e-30,90.5,40.07635856596561,0.41821368534629827,0.20324667606177516,0.0023847697639454157,True,False,False
coarse,g09_c52,9,52,CNT_OC,0.8,30.0,0.3,520,spectral_boundary,9917.907162792897,4369.622470351933,159.89056218372934,13056.101600046133,1.0692398637617966,7,False,0.07040760275440222,3.876274930419596e-15,1.7113507212403318e-07,51.0,14463.054598976221,249.75631163948694,0.24144348314290043,0.013158635056794044,False,False,False
coarse,g09_c53,9,53,CNT_OC,0.8,50.0,0.3,100,spectral_boundary,3672.551902554318,3132.9167882073334,258.11942051571174,7256.110392517248,0.8199788890239619,12,False,0.5834445771779166,4.4720828751136455e-08,0.01735082931555268,1.0,5384.752038088151,446.6065585503226,0.24760547726368232,0.0051230792301079076,False,False,False
coarse,g09_c54,9,54,CNT_OC,0.8,100.0,0.3,60,spectral_boundary,9717.356941477698,2354.2556524631264,258.11942051571174,9717.356941477698,1.1211267693905453,1,True,0.08331087635230627,1.0555361336538894e-12,1.6929849834398404e-07,38.5,14087.268699320502,364.59104810398424,0.2643959269446982,0.00335297514593913,False,False,False
coarse,g09_c55,9,55,CNT_OC,0.8,150.0,0.3,60,spectral_boundary,12624.284451207615,3979.9484728431476,258.11942051571174,15039.448562414302,1.1877964950131197,21,False,0.8343127611509943,8.163379925575159e-08,0.10268155676129521,1.0,18272.405287507285,1784.1518359797278,0.25283858840411366,0.004233537123565667,False,False,False
coarse,g09_c56,9,56,CNT_OC,0.9,5.0,0.3,600,completed,1.5317601226974873e-08,6.287360452697365e-07,1.5317601226974873e-08,3.3380537680479106e-06,1.3188569794656484,1,True,0.05350441822365039,5.54371739109588e-24,7.730754205631733e-30,81.5,2.072666002930326e-08,2.399550386165665e-10,0.24796615838639247,7.487224335334108e-05,True,False,False
coarse,g09_c57,9,57,CNT_OC,0.9,10.0,0.3,600,completed,2.017238333273328e-06,1.6341164795204448e-05,2.017238333273328e-06,5.858437758772544e-05,0.9243576150175681,1,True,0.03467530262096991,6.3213178393730275e-24,7.455052299492671e-30,80.5,2.7295796848940946e-06,3.190296711805693e-08,0.11552301713619195,0.0006435558280719622,True,False,False
coarse,g09_c58,9,58,CNT_OC,0.9,15.0,0.3,600,completed,0.0003404722094821223,0.000640563409314871,0.0003404722094821223,0.0012363409669938364,0.392153224791196,1,True,0.014947423272388767,6.897161515027056e-24,7.54210102941737e-30,80.5,0.00046070214200167887,5.4248227530487256e-06,0.12456485972455278,0.0013552897366893024,True,False,False
coarse,g09_c59,9,59,CNT_OC,0.9,20.0,0.3,600,completed,0.07769024706521566,0.04607162731092933,0.03299943676847083,0.07769024706521566,0.274938017525659,1,True,0.016106850873662724,6.962918083766458e-24,7.212204256691336e-30,79.5,0.10512463611942496,0.0012453769578833964,0.12672747623146463,0.002059500921104074,True,False,False
coarse,g09_c60,9,60,CNT_OC,0.9,30.0,0.3,600,completed,14699.041716186424,2369.7554935382823,46.815931089887634,14699.041716186424,1.548760332059675,1,True,0.08116048497831398,4.568308614280552e-24,1.811427122110172e-27,62.0,18998.17892414564,290.75252497872657,0.3313556669520168,0.005408187961178146,True,False,False
coarse,g09_c61,9,61,CNT_OC,0.9,50.0,0.3,600,completed,0.5302020708067421,1.5925593685637824,0.529950837271745,6.10174716383322,0.8708711237833662,1,True,0.03274538440538423,1.286713498814124e-24,6.1298216306638924e-30,52.5,0.717421140355044,0.012921580065846065,0.1961402383004116,0.0064087232552134665,True,False,False
coarse,g09_c62,9,62,CNT_OC,0.9,100.0,0.3,80,spectral_boundary,11174.170641666706,4781.090246751004,257.84266693182184,13944.795650029811,1.0545801092581168,10,False,0.35844706890721084,7.124053393999723e-09,0.00816914769777254,2.0,14407.424808541087,759.8148027912601,0.30727453243730035,0.0033646140713562422,False,False,False
coarse,g09_c63,9,63,CNT_OC,0.9,150.0,0.3,60,spectral_boundary,17715.201734926028,3877.595187207257,257.84266693182184,17715.201734926028,1.2846721998161283,1,True,0.10705776657657733,3.4949099566800817e-12,5.308993982372477e-07,33.5,22756.937325838113,666.1900043630727,0.321370340577246,0.0036147184363032325,False,False,False
fine,g00_c00,0,0,OC_CNT,0.2,5.0,-0.1,20,spectral_boundary,486.21511772586484,425.36808472240375,299.99556841314643,533.6241915243937,0.18017887187466206,17,False,0.39521385187721597,6.302475982594753e-07,0.003235188974769398,0.375,1944.8604709034598,256.9783026947474,0.11437193688112196,0.0006484679959157802,False,False,False
fine,g00_c01,0,1,OC_CNT,0.2,10.0,-0.1,20,spectral_boundary,491.13393324172625,427.28584287407364,299.99556841314643,538.3907060943452,0.18321115399952942,19,False,0.4171558331837403,8.547012799158421e-08,0.00413744835883229,0.375,1964.535732966905,235.1331544083787,0.11344163279445119,0.0004953856206284524,False,False,False
fine,g00_c02,0,2,OC_CNT,0.2,15.0,-0.1,20,spectral_boundary,491.7444480319263,428.99540015529465,299.99556841314643,543.1880468915537,0.18592570119607824,19,False,0.5056964804030046,5.677358935931172e-07,0.009783341523616125,0.25,1966.977792127705,311.0658120291374,0.15148061769805343,0.0003416482746290139,False,False,False
fine,g00_c03,0,3,OC_CNT,0.2,20.0,-0.1,20,spectral_boundary,498.4543281336126,431.0162897040691,299.99556841314643,548.0159459783458,0.1890709790469307,18,False,0.5192304392214703,3.39068821244681e-07,0.006494819988857658,0.25,1993.8173125344506,304.8993478453626,0.19029194813006245,0.0001888875878213181,False,False,False
fine,g00_c04,0,4,OC_CNT,0.2,30.0,-0.1,20,spectral_boundary,511.48978768806387,435.05166500173743,299.99556841314643,557.7621608572649,0.19532170040531904,16,False,0.5334381758495098,3.4159843576509503e-07,0.0033244821849500294,0.375,2045.959150752256,327.11500009884367,0.2417683076801127,0.00011668697599853672,False,False,False
fine,g00_c05,0,5,OC_CNT,0.2,50.0,-0.1,20,spectral_boundary,525.1297604049147,442.4472032920738,299.99556841314643,577.604751291803,0.20642412420309908,19,False,0.5773977980092321,5.005686982380664e-07,0.0070062098571497386,0.625,2100.5190416196583,377.51484932621025,0.30036186394921505,0.0007297690755480035,False,False,False
fine,g00_c06,0,6,OC_CNT,0.2,100.0,-0.1,20,spectral_boundary,587.4498901491793,464.25936959128546,299.99556841314643,628.9488687037201,0.23928131513482376,15,False,0.5966569956082665,7.966314146460191e-07,0.006125361576155934,0.375,2349.799560596717,449.5198970978701,0.3507242209920176,0.002254247774771456,False,False,False
fine,g00_c07,0,7,OC_CNT,0.2,150.0,-0.1,20,spectral_boundary,618.9481628045958,484.16565878804323,299.99556841314643,680.4173385292418,0.26554691305308503,20,False,0.6647184948238749,1.6053888445126185e-06,0.010022201372995075,0.5,2475.792651218383,456.7682797674156,0.3708959376379737,0.003783460315314291,False,False,False
fine,g00_c08,0,8,OC_CNT,0.3,5.0,-0.1,40,spectral_boundary,270.6777764514825,406.46997536261586,270.6777764514825,571.0223617577474,0.22070478474358213,20,False,0.5939244340519167,8.302611742466618e-08,0.0027037310698211107,0.5,631.5814783867927,103.52841606610868,0.14272973635858305,0.0008901428966284763,False,False,False
fine,g00_c09,0,9,OC_CNT,0.3,10.0,-0.1,40,spectral_boundary,275.7025145026058,411.1189516019047,275.7025145026058,579.3254717164102,0.22218688582985435,23,False,0.6598255972465001,1.4506872575816698e-07,0.003214316826912624,0.625,643.305867172747,100.9055369301063,0.20696373788455935,0.0005806478039751539,False,False,False
fine,g00_c10,0,10,OC_CNT,0.3,15.0,-0.1,40,spectral_boundary,289.62772184798666,419.13661688524525,289.62772184798666,587.6847510250757,0.2158708259578013,19,False,0.6344992513024615,3.1305931251982694e-07,0.00424513377610555,0.5,675.7980176453023,109.35954149843396,0.25568702701537493,0.0002798417868620229,False,False,False
fine,g00_c11,0,11,OC_CNT,0.3,20.0,-0.1,40,spectral_boundary,329.72896890108257,433.48359295120997,299.9948788636333,596.0948268826152,0.19658646967976726,14,False,0.6877266501017609,7.303635945739044e-07,0.0044600310453731815,0.5,769.367594102526,188.93562283218876,0.2769112775508761,4.3258835404902385e-06,False,False,False
fine,g00_c12,0,12,OC_CNT,0.3,30.0,-0.1,40,spectral_boundary,341.2319585280769,440.5372441463619,299.9948788636333,613.0430471545006,0.20330655948527424,21,False,0.6324705367543081,1.0854743748606846e-06,0.006508337885449804,0.625,796.2079032321794,156.95689160354928,0.31471695914181774,0.000628546171622224,False,False,False
fine,g00_c13,0,13,OC_CNT,0.3,50.0,-0.1,40,spectral_boundary,404.27429545651046,466.69388264769805,299.9948788636333,647.2510351211886,0.20125716410902636,16,False,0.7939893239125221,1.690528139077848e-06,0.008288616054248082,0.875,943.3066893985244,191.14485942640567,0.3408545124421535,0.0018456195252857244,False,False,False
fine,g00_c14,0,14,OC_CNT,0.3,100.0,-0.1,40,spectral_boundary,546.2701051322438,521.602170941598,299.9948788636333,738.4385552628037,0.22578822589368033,15,False,0.6688000670066068,2.22590324190043e-06,0.008019835769794242,0.5,1274.6302453085686,256.29949210073875,0.356152868573396,0.004913098729359522,False,False,False
fine,g00_c15,0,15,OC_CNT,0.3,150.0,-0.1,40,spectral_boundary,738.369321293579,603.0918550438641,299.9948788636333,840.1117610654576,0.27354972109135445,21,False,0.7129774244592467,1.7094021393618198e-06,0.0065798966298676225,0.5,1722.8617496850181,307.01516666088514,0.3511721533859228,0.0079114228628836,False,False,False
fine,g00_c16,0,16,OC_CNT,0.4,5.0,-0.1,40,spectral_boundary,382.22669483542745,446.70629832412953,299.9940554383945,593.5895246110579,0.1913860963110962,12,False,0.674992406445899,2.831470377064514e-08,0.00047533203675958504,0.625,573.3400422531411,117.00395655000737,0.1616190421652008,0.0008105439061951714,False,False,False
fine,g00_c17,0,17,OC_CNT,0.4,10.0,-0.1,40,spectral_boundary,396.6062997943963,452.96402354807935,299.9940554383945,606.2940807861953,0.1952682250052065,13,False,0.6221411350641646,3.9375537831569854e-08,0.0005695432593033037,0.75,594.9094496915943,111.03361088372989,0.19472987352979676,0.0005029978438223504,False,False,False
fine,g00_c18,0,18,OC_CNT,0.4,15.0,-0.1,40,spectral_boundary,413.2670001365539,458.9829458374064,299.9940554383945,619.431371923586,0.19958844114864077,15,False,0.5887425002728749,6.473195224063508e-08,0.0006850481808405666,0.75,619.9005002048309,112.08355891531038,0.24338543864400863,0.00019504919034429857,False,False,False
fine,g00_c19,0,19,OC_CNT,0.4,20.0,-0.1,40,spectral_boundary,415.5460633621988,463.6823805534306,299.9940554383945,632.7782459086072,0.20572520190984642,16,False,0.5929277547226804,7.713886568667636e-08,0.0008377957930920076,0.625,623.3190950432983,107.96893701510795,0.27525412220983503,0.00011596122356127836,False,False,False
fine,g00_c20,0,20,OC_CNT,0.4,30.0,-0.1,40,spectral_boundary,442.54604784742867,476.48280487382965,299.9940554383945,660.075355830166,0.21621856472163986,16,False,0.5598109633599445,1.486127474736431e-07,0.0014885315421553156,0.5,663.819071771143,99.67100211483157,0.30756720482792677,0.0007303964362160853,False,False,False
fine,g00_c21,0,21,OC_CNT,0.4,50.0,-0.1,40,spectral_boundary,509.9697111359744,506.57695068058126,299.9940554383945,716.796045051487,0.2382269056775826,16,False,0.5817134070509834,1.6332586895649251e-07,0.0024909859846631833,0.5,764.9545667039617,113.1936213570079,0.3328752921078061,0.0019495332715108171,False,False,False
fine,g00_c22,0,22,OC_CNT,0.4,100.0,-0.1,40,spectral_boundary,727.4214317575131,593.2736246244391,299.9940554383945,861.9681815551157,0.3029707323303858,18,False,0.6915798916255572,5.353506777837308e-08,0.0012194377122654873,0.5,1091.13214763627,133.14784982346404,0.3431903969929315,0.004971346022221823,False,False,False
fine,g00_c23,0,23,OC_CNT,0.4,150.0,-0.1,40,spectral_boundary,997.3325466237387,696.8710963289882,299.9940554383945,1026.8495910845588,0.373987668862768,20,False,0.6384508017550283,9.338708229998362e-07,0.007442990625665674,0.625,1495.998819935608,207.20246255552073,0.33747085073834715,0.007955217763272904,False,False,False
fine,g00_c24,0,24,OC_CNT,0.5,5.0,-0.1,40,spectral_boundary,510.881159885481,465.0607727609564,299.9930727893867,613.8224434133126,0.21253813885476133,8,False,0.6950609747214097,7.930113422433036e-09,5.4847803040277354e-05,0.625,510.8811598854811,89.551769646344,0.18411984320869246,0.0007396729519469902,False,False,False
fine,g00_c25,0,25,OC_CNT,0.5,10.0,-0.1,40,spectral_boundary,535.7437821685086,473.72322434234013,299.9930727893867,632.8342616311904,0.22348604931445742,8,False,0.6943351086828706,5.089154517871848e-09,3.531185348015579e-05,0.875,535.7437821685087,97.39656999570147,0.18184716335546502,0.0004355838156482328,False,False,False
fine,g00_c26,0,26,OC_CNT,0.5,15.0,-0.1,40,spectral_boundary,550.9656137735644,481.4905465649769,299.9930727893867,651.9535637356701,0.23317497784592167,8,False,0.609953143546626,2.5196717919788887e-09,4.766910670704016e-05,0.875,550.9656137735643,107.38428199119528,0.23048374351323908,0.0001297565725152383,False,False,False
fine,g00_c27,0,27,OC_CNT,0.5,20.0,-0.1,40,spectral_boundary,564.5441191438549,488.8826790716845,299.9930727893867,671.0450990073167,0.24212821530367803,8,False,0.5358309757330124,5.054520473230078e-09,0.00011321648136597102,0.75,564.5441191438549,134.63107117504788,0.2593868909378474,0.0001767406764372481,False,False,False
fine,g00_c28,0,28,OC_CNT,0.5,30.0,-0.1,40,spectral_boundary,580.159612924624,504.17134108954053,299.9930727893867,709.3756441972332,0.26041115150840416,11,False,0.5524583266703194,3.704877834661727e-08,0.0002570960854985914,0.625,580.1596129246241,90.6941059906839,0.2926457668130503,0.0007889727721056561,False,False,False
fine,g00_c29,0,29,OC_CNT,0.5,50.0,-0.1,40,spectral_boundary,669.9626925312605,542.4727676637206,299.9930727893867,795.7722529901409,0.3019210820234634,14,False,0.6749838753178476,8.201723275348511e-09,0.0001347482610479446,0.75,669.9626925312605,95.78270068366575,0.31593463562048085,0.0019983966628367433,False,False,False
fine,g00_c30,0,30,OC_CNT,0.5,100.0,-0.1,40,spectral_boundary,925.8377569225544,645.1575673579739,299.9930727893867,1022.0442682652526,0.3920404393890288,14,False,0.6062542078728751,4.343476948925331e-08,0.000279786387988787,0.5,925.8377569225544,206.258659671964,0.32630725975315267,0.0050073430403848596,False,False,False
fine,g00_c31,0,31,OC_CNT,0.5,150.0,-0.1,40,spectral_boundary,1289.23254972893,770.23098568641,299.9930727893867,1289.23254972893,0.4752711627599224,17,False,0.5583761728502707,3.464715750636179e-07,0.0013913935383448193,0.25,1289.2325497289298,172.2051054274419,0.3200381081050574,0.00797207801205757,False,False,False
fine,g00_c32,0,32,OC_CNT,0.6,5.0,-0.1,600,completed,32.52680967014272,34.49209133992126,32.52680967014272,36.72437713799789,0.03330242177078573,3,False,0.01618587843099008,1.2326501600282111e-24,4.604095728532677e-29,2.125,21.68453978009515,2.9190177089800877,0.3317777756008973,4.5068467743436535e-05,True,False,False
fine,g00_c33,0,33,OC_CNT,0.6,10.0,-0.1,60,spectral_boundary,445.1222276398467,488.1131927322847,299.99186622865653,656.6805703032425,0.2110031750939435,8,False,0.5190198280849838,8.4506257821168e-11,3.2061715499395416e-06,0.625,296.7481517598978,84.62311529073568,0.21070227931924124,0.0005823422320324623,False,False,False
fine,g00_c34,0,34,OC_CNT,0.6,15.0,-0.1,40,spectral_boundary,675.0114003264214,475.44682870075957,299.99186622865653,685.0824177801508,0.2577996436114195,6,False,0.14013723533261213,3.1189228837655145e-13,1.072401306830778e-08,4.0,450.00760021761437,45.005463582420056,0.21920622304181636,5.207797975326223e-05,False,False,False
fine,g00_c35,0,35,OC_CNT,0.6,20.0,-0.1,40,spectral_boundary,699.58681218425,485.1895687620478,299.99186622865653,713.5612417144465,0.2723041674304425,7,False,0.16483372089765597,1.0253209735061763e-12,6.706457136798882e-08,4.125,466.3912081228334,45.65557131125766,0.24486757033504847,0.0002505249664455089,False,False,False
fine,g00_c36,0,36,OC_CNT,0.6,30.0,-0.1,40,spectral_boundary,752.3843829398949,505.42997930498007,299.99186622865653,771.5455038511302,0.30104284857216396,7,False,0.31607112692062606,4.7251082546571695e-12,4.518504921211257e-07,1.25,501.58958862659654,61.19079963469843,0.27230708921870006,0.0008543852892053394,False,False,False
fine,g00_c37,0,37,OC_CNT,0.6,50.0,-0.1,40,spectral_boundary,855.7046652460698,548.4525679881866,299.99186622865653,895.6672502277163,0.3556790302659859,4,False,0.5214204587046498,1.1355290521573958e-09,2.1905567799207633e-05,0.625,570.4697768307132,135.3429523753367,0.2943872434558962,0.0020576971643814224,False,False,False
fine,g00_c38,0,38,OC_CNT,0.6,100.0,-0.1,40,spectral_boundary,1168.286923457687,671.8827049034323,299.99186622865653,1247.2336561322932,0.47524630075727387,6,False,0.4539989568840151,2.793457510517138e-08,0.00023131332941733895,0.25,778.8579489717915,222.2026308158017,0.3039719309448685,0.005037720671406731,False,False,False
fine,g00_c39,0,39,OC_CNT,0.6,150.0,-0.1,40,spectral_boundary,1612.4030353260212,821.7884183412701,299.99186622865653,1612.9813668684346,0.5742579634888593,11,False,0.5089220977735703,1.373849720452817e-07,0.0004782548288294696,0.375,1074.935356884014,138.4171514337116,0.2981853625544679,0.007970596696378118,False,False,False
fine,g00_c40,0,40,OC_CNT,0.7,5.0,-0.1,600,completed,23.386943275084754,26.102353678831427,23.386943275084754,29.427524066606352,0.06709534130790712,4,False,0.009396765326441936,1.6155150761131746e-24,5.601677049970123e-31,4.5,10.02297568932204,0.6577220117321159,0.37157829354164523,4.278473823915441e-05,True,False,False
fine,g00_c41,0,41,OC_CNT,0.7,10.0,-0.1,120,spectral_boundary,306.8495340158966,471.5041975931823,306.8495340158966,686.3369240487174,0.23963903271733478,4,False,0.5314126524733878,1.7124945291521976e-13,6.329658283076026e-08,0.625,131.50694314967,63.478741141154224,0.24557772275509993,0.0007979000504733103,False,False,False
fine,g00_c42,0,42,OC_CNT,0.7,15.0,-0.1,600,completed,445.1904360263564,474.5176671821866,444.12284527266996,514.6859865798186,0.04754971624308987,15,False,0.08498440457117076,8.863878337519596e-19,2.575704389340733e-13,0.875,190.79590115415277,19.611207835978448,0.2122205903049304,3.4335547903774355e-06,True,False,False
fine,g00_c43,0,43,OC_CNT,0.7,20.0,-0.1,600,completed,665.8453735751416,629.8029560515834,604.4943790891404,665.8453735751416,0.03136749462428532,19,False,0.032151856932808004,1.0132620699310922e-20,2.80789652604764e-15,1.0,285.362302960775,17.407761024748478,0.1987960409157568,0.00022368381175164043,True,False,False
fine,g00_c44,0,44,OC_CNT,0.7,30.0,-0.1,60,spectral_boundary,785.4979794176193,592.1321623340542,299.9903085357181,861.1410255371934,0.328334750637107,5,False,0.5230499481967559,1.7523434711040402e-11,1.639426112076971e-06,0.625,336.64199117897977,85.07481131098687,0.2525627583147626,0.0011563437327826165,False,False,False
fine,g00_c45,0,45,OC_CNT,0.7,50.0,-0.1,60,spectral_boundary,1045.4473780425901,689.8520991164938,299.9903085357181,1049.8406360773924,0.40475233615440825,10,False,0.5147442224875906,8.720262788454734e-11,4.054552700796882e-06,0.75,448.04887630396723,81.0852152245716,0.2624238091557741,0.002846543090251785,False,False,False
fine,g00_c46,0,46,OC_CNT,0.7,100.0,-0.1,60,spectral_boundary,2198.496817448818,1035.041799682775,299.9903085357181,2198.496817448818,0.5893072225652569,10,False,0.6595757716566535,3.1418968628690132e-09,2.7122047659073633e-05,0.625,942.2129217637791,144.8217999529723,0.2521443780539384,0.006838606125234237,False,False,False
fine,g00_c47,0,47,OC_CNT,0.7,150.0,-0.1,40,spectral_boundary,2159.6239142934455,846.5573804487216,299.9903085357181,2184.026254576174,0.6753099220465619,10,False,0.39919587724303446,1.937895129469478e-09,2.7858017125536368e-05,1.125,925.5531061257623,107.75422512725778,0.26665951580076763,0.007938339783273851,False,False,False
fine,g00_c48,0,48,OC_CNT,0.8,5.0,-0.1,600,completed,9.066485171323336,11.167477797533007,9.066485171323336,13.791347048738446,0.12248957175427208,5,False,0.012495257776024036,4.175777580154546e-24,4.523171498426064e-31,13.125,2.266621292830834,0.12055083149697686,0.38071558750975454,3.0992746847147146e-05,True,False,False
fine,g00_c49,0,49,OC_CNT,0.8,10.0,-0.1,600,completed,340.7451855976591,352.420403304462,340.7451855976591,361.4539395365683,0.011692031768430321,10,False,0.046294026217361145,5.77576476714412e-23,1.6983217086825534e-16,1.0,85.18629639941474,10.154762489479745,0.2657010370444871,0.00036118573166499246,True,True,False
fine,g00_c50,0,50,OC_CNT,0.8,15.0,-0.1,600,completed,453.4150606162116,479.06826144495926,453.4150606162116,522.9272753607572,0.0390442269299659,14,False,0.04373164594797488,7.948380826242514e-23,1.5563582872124248e-16,1.125,113.35376515405287,9.676623588541819,0.24056167720490362,9.489193309120125e-06,True,False,False
fine,g00_c51,0,51,OC_CNT,0.8,20.0,-0.1,60,spectral_boundary,823.8358088338705,548.0271928118881,299.98811163557195,856.8511047086432,0.3298180478498526,3,False,0.36610347191427556,3.4522608902750885e-13,2.4886955034846034e-07,0.625,205.95895220846757,71.74388086445329,0.2632742935889369,0.00030674612988801364,False,False,False
fine,g00_c52,0,52,OC_CNT,0.8,30.0,-0.1,60,spectral_boundary,968.1099609619341,598.7038614739357,299.98811163557195,997.2240958379872,0.3863137938704205,3,False,0.4199104887065633,5.005174480940745e-13,1.34582033581162e-07,1.375,242.0274902404835,38.05676039485207,0.24893467521862983,0.0011354634707148037,False,False,False
fine,g00_c53,0,53,OC_CNT,0.8,50.0,-0.1,60,spectral_boundary,1313.498652271167,716.4281055478006,299.98811163557195,1313.498652271167,0.49062077319311703,3,False,0.4879363938694533,2.6405129326622432e-11,3.860967694175809e-06,0.625,328.3746630677917,85.38606477649935,0.23171256234484033,0.002756934009340073,False,False,False
fine,g00_c54,0,54,OC_CNT,0.8,100.0,-0.1,60,spectral_boundary,2525.1160058726327,1113.0691424513366,299.98811163557195,2525.1160058726327,0.687572282428687,9,False,0.5777185567723594,9.621223286279471e-11,2.289675303620076e-05,0.625,631.279001468158,82.89377867345482,0.21948739085939062,0.006586689918847366,False,False,False
fine,g00_c55,0,55,OC_CNT,0.8,150.0,-0.1,60,spectral_boundary,4446.861742010038,1691.116564388189,299.98811163557195,4446.861742010038,0.8192930687516863,13,False,0.5860411674830452,1.0874187765443615e-09,7.068104394879673e-05,0.5,1111.715435502509,143.08689094338004,0.2218942022194627,0.010022822972042156,False,False,False
fine,g00_c56,0,56,OC_CNT,0.9,5.0,-0.1,600,completed,1.2103277955429244,2.2688381535974695,1.2103277955429244,3.7898084009854403,0.32857284691106814,5,False,0.01569522838142641,7.667704729260541e-24,3.1105091546792323e-31,6.0,0.134480866171436,0.007248745270898685,0.25041368524617,9.449054934729251e-05,True,False,False
fine,g00_c57,0,57,OC_CNT,0.9,10.0,-0.1,600,completed,210.25300605419525,189.07880503469656,158.58728764021478,210.25300605419525,0.08893283679180776,7,False,0.02236204303980272,4.184767666920706e-24,1.9449807673183655e-24,1.75,23.361445117132803,2.0973257407067862,0.24870473906844692,9.058109077364485e-06,True,True,False
fine,g00_c58,0,58,OC_CNT,0.9,15.0,-0.1,600,completed,441.5935968976552,462.9208238778342,441.5935968976552,491.55759369881105,0.035694353466384436,11,False,0.01753350802004271,1.617474367382852e-23,1.7649306552509082e-23,1.375,49.06595521085056,3.4886515238550126,0.2440114930527324,0.0001633042637402271,True,True,False
fine,g00_c59,0,59,OC_CNT,0.9,20.0,-0.1,600,completed,587.0897257552597,650.8349793622773,586.3640389223059,702.1908370929286,0.06558762183142464,13,False,0.041424082601861596,3.7809331339097215e-23,1.4685015775902994e-18,1.375,65.2321917505844,3.6865083384815693,0.2251863583365994,5.678932429786787e-05,True,False,False
fine,g00_c60,0,60,OC_CNT,0.9,30.0,-0.1,600,completed,1057.8907547599156,1026.96927213708,960.0740423798128,1074.2352225140623,0.03100990001309153,17,False,0.05160580159232042,9.852752079980648e-22,2.336194596553448e-15,1.0,117.54341719554618,9.704838531472166,0.2152059141734095,0.00014604424805730876,True,False,False
fine,g00_c61,0,61,OC_CNT,0.9,50.0,-0.1,80,spectral_boundary,1703.0803207866115,919.5640009352192,299.9843547746923,1754.6569078459424,0.5733052917828597,5,False,0.3747802273608009,7.934263783278773e-12,3.883594019201124e-06,0.75,189.23114675406788,32.262855588102454,0.2470225263821907,0.0026385727155684435,False,False,False
fine,g00_c62,0,62,OC_CNT,0.9,100.0,-0.1,80,spectral_boundary,4135.801232868437,1725.5500779907586,299.9843547746923,4135.801232868437,0.777944078634379,8,False,0.4351405642086361,2.1335806936338672e-10,1.6155307096110264e-05,0.75,459.53347031871516,45.15499881090546,0.2525327099758061,0.006161700817414073,False,False,False
fine,g00_c63,0,63,OC_CNT,0.9,150.0,-0.1,60,spectral_boundary,5296.037332634257,1716.4415930734465,299.9843547746923,5296.037332634257,0.9483482294233482,9,False,0.46490098428834087,1.2659616918815207e-10,1.4990951922315979e-05,0.5,588.4485925149173,69.08244889506152,0.23573344480817604,0.008810312508834794,False,False,False
fine,g01_c00,1,0,OC_CNT,0.2,5.0,0.0,40,spectral_boundary,199.26669132545385,425.01969500500746,199.26669132545385,590.46044165891,0.278848437642193,17,False,0.6094076622603996,4.3735891902443456e-07,0.002178030139176458,0.625,797.0667653018154,79.41758718414333,0.12389101364636762,0.0012832273525541504,False,False,False
fine,g01_c01,1,1,OC_CNT,0.2,10.0,0.0,40,spectral_boundary,208.60528714892206,432.75292505653806,208.60528714892206,599.058818920955,0.272104579776634,9,False,0.573185921436391,6.272852053642681e-07,0.002918365304091325,0.5,834.4211485956882,190.74315378795248,0.19739271599454922,0.0009880514787343753,False,False,False
fine,g01_c02,1,2,OC_CNT,0.2,15.0,0.0,40,spectral_boundary,216.00397908665968,437.3204294633333,216.00397908665968,607.7572823793785,0.2750035987160087,15,False,0.5438724674179715,4.4870392049882143e-07,0.004427672600201671,1.25,864.0159163466387,103.11798768136904,0.24922991286157414,0.0006822856720977155,False,False,False
fine,g01_c03,1,3,OC_CNT,0.2,20.0,0.0,40,spectral_boundary,210.47888354392592,441.4742961900432,210.47888354392592,616.973172253755,0.28248997733251097,22,False,0.6250779212315686,1.8722219295191167e-06,0.00792070076919922,0.625,841.9155341757037,70.37837930987294,0.2881125700933037,0.0003742671203412762,False,False,False
fine,g01_c04,1,4,OC_CNT,0.2,30.0,0.0,40,spectral_boundary,238.47881226876586,449.631498134144,238.47881226876586,635.8994462657178,0.2746394762576027,16,False,0.6072267085336146,4.062507880588645e-07,0.0034485816305288037,0.625,953.9152490750632,108.96162903217756,0.318887514206342,0.00023929522107024592,False,False,False
fine,g01_c05,1,5,OC_CNT,0.2,50.0,0.0,40,spectral_boundary,286.9631701514055,476.0319771051456,286.9631701514055,675.1144599438459,0.2650085649903358,13,False,0.557442510039683,8.882195380659537e-07,0.004635503939013599,0.875,1147.8526806056218,205.0598536720017,0.346265477412391,0.0014335152088539305,False,False,False
fine,g01_c06,1,6,OC_CNT,0.2,100.0,0.0,40,spectral_boundary,350.18519654537687,523.176416214017,299.99556841314643,780.0726004801127,0.28631043369548,30,False,0.6288324784582845,2.1076688810153375e-06,0.007218875616883599,0.625,1400.7407861815077,112.04065120706669,0.36980494441555,0.00448456585968926,False,False,False
fine,g01_c07,1,7,OC_CNT,0.2,150.0,0.0,40,spectral_boundary,512.8093979062419,584.3929450390181,299.99556841314643,880.2057265587996,0.28757259592770046,34,False,0.7007290521117333,1.205243982072463e-06,0.013616306450005049,0.375,2051.237591624967,163.00040131772232,0.3608320876308809,0.007480224678607428,False,False,False
fine,g01_c08,1,8,OC_CNT,0.3,5.0,0.0,40,spectral_boundary,452.66933930833375,504.31484708594144,299.9948788636333,651.5975269647397,0.22512836122612667,9,False,0.383502261494415,2.833892239002975e-09,3.4068901543055765e-05,1.375,1056.2284583861122,84.19321329323185,0.135653418316448,0.0011396765617376348,False,False,False
fine,g01_c09,1,9,OC_CNT,0.3,10.0,0.0,40,spectral_boundary,460.7440420605976,511.84912619748013,299.9948788636333,668.1609172112237,0.23326743701537808,6,False,0.41037391366842624,1.3064427059546344e-08,0.00010424313324283174,1.125,1075.069431474728,79.61972683263446,0.14682081787715973,0.0008373947181624652,False,False,False
fine,g01_c10,1,10,OC_CNT,0.3,15.0,0.0,40,spectral_boundary,465.75868776322534,519.3974489611295,299.9948788636333,685.5371316265646,0.24143079855631744,12,False,0.40387126289678216,6.3234884160632965e-09,0.00010092388984706335,1.0,1086.7702714475258,97.13404775501907,0.20382770282368856,0.0005350506614720807,False,False,False
fine,g01_c11,1,11,OC_CNT,0.3,20.0,0.0,40,spectral_boundary,471.43068997253465,526.8281513213984,299.9948788636333,703.2582567389996,0.24951644696651468,11,False,0.442710671568217,4.200611073241817e-08,0.0004864679496559582,0.75,1100.0049432692476,90.33841493666662,0.2406635812568565,0.00023243301889264156,False,False,False
fine,g01_c12,1,12,OC_CNT,0.3,30.0,0.0,40,spectral_boundary,478.73360148086135,541.7336740636936,299.9948788636333,739.6663568266072,0.2655017066460279,16,False,0.4007521174742441,8.183474514374291e-08,0.00045693811825326313,0.625,1117.0450701220102,105.70436966968232,0.2863214070786332,0.0003727542982925325,False,False,False
fine,g01_c13,1,13,OC_CNT,0.3,50.0,0.0,40,spectral_boundary,513.330557753676,573.8433207013021,299.9948788636333,816.2951871196478,0.29556305684264267,15,False,0.45299817179489754,1.346080146391454e-07,0.002115137845263897,0.625,1197.771301425244,164.12320427669133,0.3256211388634841,0.0015764408598976098,False,False,False
fine,g01_c14,1,14,OC_CNT,0.3,100.0,0.0,40,spectral_boundary,636.7496254568831,654.0459003973104,299.9948788636333,1027.475920461091,0.3560971372990688,15,False,0.5604551090606561,6.851938618278888e-07,0.00224812956424645,0.5,1485.7491260660609,184.3569313004019,0.34924052940065375,0.004583022058757713,False,False,False
fine,g01_c15,1,15,OC_CNT,0.3,150.0,0.0,40,spectral_boundary,788.940424627519,737.2106742021551,299.9948788636333,1233.6486374152496,0.40217901346342966,31,False,0.606355616971006,5.651261274656801e-07,0.005209963401488481,0.5,1840.8609907975442,143.17172646138985,0.3486458736159831,0.007579281726172837,False,False,False
fine,g01_c16,1,16,OC_CNT,0.4,5.0,0.0,60,spectral_boundary,198.94120105947667,479.9998305998602,198.94120105947667,691.6373974439289,0.31008899109916865,5,False,0.1272371180167651,5.420435933411592e-10,1.3216252808374377e-05,16.25,298.411801589215,8.856502166760668,0.1756283569282795,0.0013182039308465843,False,False,False
fine,g01_c17,1,17,OC_CNT,0.4,10.0,0.0,60,spectral_boundary,211.47926349550414,491.69691907816076,211.47926349550414,718.9149514546374,0.3169573289995084,5,False,0.12779655002171122,6.525321646572236e-10,1.323664788034554e-05,16.375,317.2188952432562,9.439577058875052,0.25481265649648654,0.0008691927097447261,False,False,False
fine,g01_c18,1,18,OC_CNT,0.4,15.0,0.0,60,spectral_boundary,225.19267594844177,503.656771522726,225.19267594844177,747.4266676955888,0.32367729243850357,4,False,0.12925839430848493,8.239125476211882e-10,1.8492970814063364e-05,16.375,337.7890139226626,10.061478799724416,0.29300594485925346,0.0004210489393851047,False,False,False
fine,g01_c19,1,19,OC_CNT,0.4,20.0,0.0,60,spectral_boundary,240.15617575031052,515.8971148883035,240.15617575031052,776.6775207722972,0.33017779593202645,4,False,0.12951812639873753,9.78646344982919e-10,1.9846682990839963e-05,16.5,360.23426362546576,10.737996015189161,0.3134037806434805,2.6170751095566658e-05,False,False,False
fine,g01_c20,1,20,OC_CNT,0.4,30.0,0.0,60,spectral_boundary,274.03490358460294,541.2350507731287,274.03490358460294,837.3079319167858,0.3424699733723224,3,False,0.1319040029739398,1.399163013817539e-09,2.7689437036256775e-05,16.625,411.05235537690453,12.223062684792833,0.3331760747852579,0.0009177843741079439,False,False,False
fine,g01_c21,1,21,OC_CNT,0.4,50.0,0.0,60,spectral_boundary,364.1374547764906,594.5372519068692,299.9940554383945,966.1997616576921,0.362948537978285,8,False,0.36354178323965586,1.0418268026047336e-08,8.039143621021763e-05,17.25,546.2061821647359,15.769578812168927,0.3435513153962697,0.0026919802506411017,False,False,False
fine,g01_c22,1,22,OC_CNT,0.4,100.0,0.0,40,spectral_boundary,1227.8980028944713,743.7195182324831,299.9940554383945,1320.4830923973464,0.47871059318734066,12,False,0.4665902228110366,2.6223541985118683e-08,0.00015802977103249546,1.875,1841.847004341707,204.22830882539498,0.3159474738344329,0.0046515265147881735,False,False,False
fine,g01_c23,1,23,OC_CNT,0.4,150.0,0.0,40,spectral_boundary,1405.9170158162372,885.4709077317873,299.9940554383945,1696.7780249649832,0.5519919992073619,16,False,0.48460264305414025,4.599656642197556e-07,0.0025584192603073587,0.75,2108.875523724356,343.21250165743123,0.3223286979882717,0.00756083086866588,False,False,False
fine,g01_c24,1,24,OC_CNT,0.5,5.0,0.0,60,spectral_boundary,407.32121679691585,532.6507365590685,299.9930727893867,718.2264398902171,0.2525379689210338,4,False,0.1127228170865283,2.6716133884713274e-12,4.33335016389811e-08,14.75,407.3212167969158,18.992109206514357,0.18730700112884902,0.0012922596030037203,False,False,False
fine,g01_c25,1,25,OC_CNT,0.5,10.0,0.0,60,spectral_boundary,417.99307667382334,550.0465759300309,299.9930727893867,759.910623550571,0.27006093198189446,5,False,0.11644991029450083,8.594645387035013e-12,8.323055298415126e-08,16.0,417.99307667382345,18.946391772268374,0.20568379704958373,0.00085492343126925,False,False,False
fine,g01_c26,1,26,OC_CNT,0.5,15.0,0.0,60,spectral_boundary,429.024075338452,567.6657046437883,299.9930727893867,803.2559983803192,0.28730487976178587,5,False,0.11731536514323734,3.723138911563216e-11,5.00714296223687e-07,14.5,429.024075338452,18.872769689367455,0.2506645231568013,0.00041822532176949423,False,False,False
fine,g01_c27,1,27,OC_CNT,0.5,20.0,0.0,60,spectral_boundary,441.19348071595687,585.515671367483,299.9930727893867,848.1982680635311,0.30410633139010074,5,False,0.11871517258441257,5.491854732619364e-11,1.8187739763698494e-06,15.0,441.1934807159569,18.82608287188486,0.27597743440733014,1.7800183957805693e-05,False,False,False
fine,g01_c28,1,28,OC_CNT,0.5,30.0,0.0,60,spectral_boundary,471.60838142310456,621.9933024184044,299.9930727893867,942.4863469084953,0.3359157935000516,6,False,0.12104441824075636,2.3879208269351454e-10,1.9406264748424507e-06,13.375,471.60838142310456,18.545817755256333,0.3019451218713032,0.0008875565390018547,False,False,False
fine,g01_c29,1,29,OC_CNT,0.5,50.0,0.0,60,spectral_boundary,565.5067769877169,698.8625834735797,299.9930727893867,1144.2670679537164,0.39087026481266984,7,False,0.12657253406365854,1.6007946743488218e-10,1.0809314629723685e-05,15.625,565.5067769877169,17.553951748947995,0.31847969507804486,0.0026155791562085806,False,False,False
fine,g01_c30,1,30,OC_CNT,0.5,100.0,0.0,60,spectral_boundary,1043.5719528824961,920.6380687921111,299.9930727893867,1697.2921238837048,0.4782323055532287,10,False,0.4350492957117595,1.3295992560863215e-07,0.0004441635350361633,0.625,1043.5719528824964,61.58670334045766,0.31107414208137807,0.006849479652017099,False,False,False
fine,g01_c31,1,31,OC_CNT,0.5,150.0,0.0,60,spectral_boundary,2052.7756874612487,1266.4198074704843,299.9930727893867,2292.126430023954,0.5497773133979625,11,False,0.4536410730343723,2.677492650826044e-07,0.0011448123657851795,1.125,2052.7756874612487,269.157798655721,0.2854175929499636,0.010739565953611363,False,False,False
fine,g01_c32,1,32,OC_CNT,0.6,5.0,0.0,600,completed,14.281441745087028,13.22094662280098,12.415552781469252,14.281441745087028,0.04137942258558639,3,False,0.0021086073332548766,1.3481514720315156e-23,6.9293982176210565e-31,3.375,9.520961163391352,0.508126078282464,0.38902373796802464,0.00012931080160027975,True,False,False
fine,g01_c33,1,33,OC_CNT,0.6,10.0,0.0,600,completed,248.30743819023937,209.39519969220598,189.48603183755063,248.30743819023937,0.080930382835398,13,False,0.010646186893488356,4.315107698915653e-22,9.382913149369021e-20,8.0,165.53829212682626,4.1232453051559315,0.22112477401771502,0.00014812723989887644,True,True,False
fine,g01_c34,1,34,OC_CNT,0.6,15.0,0.0,600,completed,326.5614990289836,450.2086075764417,323.85407860733653,593.0799147729208,0.22037499346823458,19,False,0.05221791709646819,3.611385855502212e-13,4.7373357854744686e-09,2.375,217.7076660193224,4.544954159057742,0.22937317881542174,1.5082684639011745e-06,True,False,False
fine,g01_c35,1,35,OC_CNT,0.6,20.0,0.0,260,spectral_boundary,614.0467660321306,488.80967624318413,232.05192818974388,819.217504798896,0.40507351316998935,13,False,0.07441129109840161,1.7726315527290312e-13,1.3302257059370961e-08,23.625,409.36451068808697,9.789157735222487,0.23291184606451487,0.0006333404600732395,False,False,False
fine,g01_c36,1,36,OC_CNT,0.6,30.0,0.0,200,spectral_boundary,1013.6562513057506,640.443959789246,354.99982799404347,1180.3842528298417,0.44388579391401806,6,False,0.07808519780256232,3.5701431762514365e-13,2.4973612916529186e-08,8.75,675.7708342038336,23.027593549003193,0.22968156163964226,0.0016394149237620725,False,False,False
fine,g01_c37,1,37,OC_CNT,0.6,50.0,0.0,60,spectral_boundary,1040.6223556247069,785.4060732309038,299.99186622865653,1379.7194426953106,0.47424302227111365,4,False,0.1173191988492987,4.346948626270553e-12,5.4057561167747625e-08,23.875,693.748237083138,30.360866431229628,0.2795966007553534,0.0025470898298439737,False,False,False
fine,g01_c38,1,38,OC_CNT,0.6,100.0,0.0,60,spectral_boundary,1451.3687376029065,1092.9690893518427,299.99186622865653,2221.7619460735013,0.5941208191201441,8,False,0.36525671491812245,1.441973104767459e-08,6.179321788984395e-05,1.0,967.5791584019375,52.17596679161297,0.28627164956243345,0.006613822018577076,False,False,False
fine,g01_c39,1,39,OC_CNT,0.6,150.0,0.0,60,spectral_boundary,2399.167889298791,1483.3445624607689,299.99186622865653,3103.883776572992,0.657747654730698,12,False,0.42509027075506334,1.0287080120803358e-07,0.00037936824965908734,0.375,1599.4452595325274,128.9174255968374,0.2699434931820126,0.010469537095998849,False,False,False
fine,g01_c40,1,40,OC_CNT,0.7,5.0,0.0,600,completed,5.911407333228052,6.0744274382104,5.911407333228052,6.40666571757054,0.024298113028816237,3,False,0.0018180176635876398,1.608551429308477e-23,5.434829549662189e-31,11.625,2.5334602856691655,0.09356474174097794,0.4268317891161015,0.00011585163714877833,True,False,False
fine,g01_c41,1,41,OC_CNT,0.7,10.0,0.0,600,completed,225.41223793131837,227.37497067844618,224.28537443109903,238.95421118484444,0.014712471771263861,8,False,0.009833848873222771,1.907705237940458e-22,4.3930162757030285e-20,3.625,96.6052448277079,3.5850926848300206,0.23956735450389577,0.00010004086874726426,True,True,False
fine,g01_c42,1,42,OC_CNT,0.7,15.0,0.0,600,completed,569.2661578430036,522.8484009208275,431.4917172524889,614.7856466633048,0.10623352116792814,11,False,0.03489741481494933,1.161440101576085e-16,2.4248887076599573e-12,5.25,243.97121050414444,12.125334207672996,0.216489205595097,0.00019365943556204357,True,False,False
fine,g01_c43,1,43,OC_CNT,0.7,20.0,0.0,600,completed,392.88628523055,596.0057776187193,382.1127632757219,874.5748700876775,0.29933484477588146,18,False,0.04803432394441738,1.3050259138442513e-14,4.849835070111876e-10,4.125,168.3798365273786,3.8601891941654327,0.21363720968418864,0.00035438511397367645,True,False,False
fine,g01_c44,1,44,OC_CNT,0.7,30.0,0.0,80,spectral_boundary,674.6860928140884,746.9439661920258,299.9903085357181,1244.6100337640046,0.4153880211797916,6,False,0.103927894944737,1.3539823648172972e-12,1.9529941558173283e-08,15.625,289.1511826346094,8.776635675728292,0.25550160257491505,0.0010940042838021302,False,False,False
fine,g01_c45,1,45,OC_CNT,0.7,50.0,0.0,320,spectral_boundary,1576.3402808943486,1911.5160269570304,1576.3402808943486,2281.1036564779342,0.11935936412535539,13,False,0.1356092754324539,5.7669860504108716e-11,1.0264095806096524e-06,1.0,675.5744060975782,42.26223108876125,0.19263604779220134,0.0002865300448581243,False,False,False
fine,g01_c46,1,46,OC_CNT,0.7,100.0,0.0,60,spectral_boundary,2343.769269732933,1262.8804257302802,299.9903085357181,2987.4483883324224,0.7359875266356669,7,False,0.1853348585306726,2.9373022539946935e-10,2.2631551939798e-06,16.125,1004.4725441712574,40.28334498168662,0.2487503491817601,0.006331588977496749,False,False,False
fine,g01_c47,1,47,OC_CNT,0.7,150.0,0.0,60,spectral_boundary,3280.9210347509706,1765.4580783457504,299.9903085357181,4310.021675546233,0.7916743783029379,18,False,0.40590967763911234,1.451346437754732e-08,0.00023221290814400648,0.625,1406.1090148932738,55.64782759800278,0.24065597902066638,0.009969182687109446,False,False,False
fine,g01_c48,1,48,OC_CNT,0.8,5.0,0.0,600,completed,1.8676894297640017,2.3559131682875267,1.8676894297640017,2.976969675133671,0.13645857683526005,3,False,0.00511573209248822,1.3698355355045376e-23,4.3003382135911504e-31,10.875,0.4669223574410003,0.016843773167900335,0.393547536260927,6.108530451243155e-05,True,False,False
fine,g01_c49,1,49,OC_CNT,0.8,10.0,0.0,600,completed,231.500614828924,344.1904919506615,231.500614828924,420.9973177829912,0.18683799236747414,7,False,0.033391355344077334,9.210156829627181e-23,8.333049689444022e-18,1.5,57.87515370723099,1.2515542925989116,0.2639713757297142,0.0003347530339241622,True,True,False
fine,g01_c50,1,50,OC_CNT,0.8,15.0,0.0,600,completed,406.6961666160848,405.4964088748434,394.40922297221937,413.7011522466637,0.01330771281797931,9,False,0.018523016550156878,9.158839907945321e-22,1.3470020175474154e-18,8.0,101.67404165402115,3.455953918664189,0.2409395410723088,0.00023752065084681195,True,True,False
fine,g01_c51,1,51,OC_CNT,0.8,20.0,0.0,600,completed,782.2767425244291,1029.4896085414641,782.2767425244291,1181.1595260822567,0.10061923007155044,9,False,0.04099986714774414,3.4375458374288485e-17,8.576584333741423e-13,9.75,195.56918563110722,7.258918341766261,0.23333426576975103,0.00113582768720899,True,False,False
fine,g01_c52,1,52,OC_CNT,0.8,30.0,0.0,600,completed,1435.9510382190879,905.4947539275444,598.319777812131,1435.9510382190879,0.28356994955027975,15,False,0.03464300882388189,2.578363234130072e-18,1.9026284669038584e-13,5.875,358.98775955477186,13.806303101097347,0.21998895159966303,0.0008463302796209993,True,False,False
fine,g01_c53,1,53,OC_CNT,0.8,50.0,0.0,600,completed,2283.3983194876696,2081.196402175688,1850.7272581726436,2286.6138905726075,0.05760907871877489,36,False,0.06155848135766367,1.4338622818424416e-13,2.817816578960779e-09,5.0,570.8495798719173,14.532821664660945,0.18689773064343546,6.535110554417578e-05,True,False,False
fine,g01_c54,1,54,OC_CNT,0.8,100.0,0.0,180,spectral_boundary,3957.8386602946844,3541.5216840337844,2905.3649173757185,3962.5131735695563,0.08465658119722176,18,False,0.05914689083377456,5.198072471001512e-13,3.950561593015336e-08,0.75,989.4596650736709,23.495280633868067,0.2109945782434059,0.0026850142427229384,False,False,False
fine,g01_c55,1,55,OC_CNT,0.8,150.0,0.0,60,spectral_boundary,4951.979152968302,2072.632530320373,299.98811163557195,6162.0747129961,0.9639874309394266,10,False,0.283649924673813,3.569637070260657e-09,1.8389547025236228e-05,1.375,1237.9947882420752,97.034652790642,0.22516974613406365,0.009228139875438024,False,False,False
fine,g01_c56,1,56,OC_CNT,0.9,5.0,0.0,600,completed,0.16617786739161533,0.3451576903417422,0.16617786739161533,0.621194273547645,0.3790611687442645,3,False,0.013271393509786808,1.5797343193149166e-23,3.0843018982089653e-31,4.875,0.018464207487957258,0.0007318365344887195,0.24902914898210382,8.793899949921524e-05,True,False,False
fine,g01_c57,1,57,OC_CNT,0.9,10.0,0.0,600,completed,130.99686013398065,86.34098735788703,56.52649171877429,130.99686013398065,0.24908047434892663,3,False,0.009849560902056565,1.463632278951477e-23,3.0758519259176976e-31,14.875,14.555206681553402,0.4242092260978818,0.21592507366122926,0.0003411581074459491,True,False,False
fine,g01_c58,1,58,OC_CNT,0.9,15.0,0.0,600,completed,301.62761450935625,468.3425370061023,301.62761450935625,840.4052799042308,0.36249624280640047,8,False,0.027230374697441447,1.7558734630767354e-22,3.0188273861409693e-21,8.375,33.51417938992846,0.8458499880546739,0.2130964189252189,0.00017200274161677243,True,False,False
fine,g01_c59,1,59,OC_CNT,0.9,20.0,0.0,600,completed,498.9836196372772,350.3601348346282,287.7070960534552,498.9836196372772,0.18392749093496974,7,False,0.010284988862749955,1.2403831512525192e-21,2.0202088698753955e-30,3.25,55.44262440414188,1.6542185655338562,0.2134503222475036,0.0009069736466034151,True,True,False
fine,g01_c60,1,60,OC_CNT,0.9,30.0,0.0,600,completed,1112.113954847182,1514.2338154328736,1112.113954847182,1894.0647601861122,0.14540836540290678,13,False,0.0433536915994184,2.121568790081785e-19,9.116810527898582e-15,8.625,123.56821720524242,3.3587234758587803,0.22074820242772708,0.001456332741133437,True,False,False
fine,g01_c61,1,61,OC_CNT,0.9,50.0,0.0,600,completed,2281.956524697524,1964.9053867478203,926.5873861256946,2853.7496666597935,0.2948126330550026,17,False,0.06460372692868312,1.8965905129307287e-16,7.143837272543298e-12,6.875,253.55072496639147,11.160689950680261,0.20386089855632272,0.00014418815735839363,True,False,False
fine,g01_c62,1,62,OC_CNT,0.9,100.0,0.0,80,spectral_boundary,4066.823424738317,2070.054916395725,299.9843547746923,5822.72549738654,0.9062524755063361,5,False,0.13557956760004067,2.9335680543296734e-13,1.2972224501786483e-08,15.875,451.8692694153685,13.449085343474303,0.24841354577323238,0.005258937255054996,False,False,False
fine,g01_c63,1,63,OC_CNT,0.9,150.0,0.0,380,spectral_boundary,6297.012274018822,6288.677634219236,5704.974682843273,7446.433205247122,0.06957622006258991,41,False,0.1541020697195639,1.295666729501689e-12,2.9958993814998676e-08,1.0,699.6680304465356,21.167935508467053,0.13797161059690022,0.00028195513706175124,False,False,False
fine,g02_c00,2,0,OC_CNT,0.2,5.0,0.1,40,spectral_boundary,504.1840194894563,524.6503500507451,299.99556841314643,658.6721083577593,0.2191118837743877,28,False,0.5981159276941915,4.817352876666146e-09,7.80345198173424e-05,1.0,2016.7360779578253,149.17246999596068,0.11245713684061165,0.0016380896467557138,False,False,False
fine,g02_c01,2,1,OC_CNT,0.2,10.0,0.1,40,spectral_boundary,510.428580280985,531.1289637208478,299.99556841314643,675.8642774245512,0.2256816425671909,24,False,0.5951494609563055,9.94647343271538e-09,5.0274167481776765e-05,1.0,2041.71432112394,158.989465574891,0.11145344888038017,0.0013385115780453205,False,False,False
fine,g02_c02,2,2,OC_CNT,0.2,15.0,0.1,40,spectral_boundary,520.4236115384898,539.0724360852118,299.99556841314643,693.4429094671638,0.23336748062442905,26,False,0.5885945253300114,4.614417041369115e-09,0.0001244718673441747,0.625,2081.6944461539592,181.8716412439028,0.13830349590264845,0.0010441566267814784,False,False,False
fine,g02_c03,2,3,OC_CNT,0.2,20.0,0.1,40,spectral_boundary,512.1893524262608,544.5919541596417,299.99556841314643,711.3319862599983,0.2401369744536492,29,False,0.6143861864335739,2.8253108147787615e-08,0.00039546993885901594,0.625,2048.7574097050433,150.20085574601939,0.18145696693744784,0.0007403758179652664,False,False,False
fine,g02_c04,2,4,OC_CNT,0.2,30.0,0.1,40,spectral_boundary,509.7025554654964,555.0483657173885,299.99556841314643,747.6033445753587,0.252156214791662,33,False,0.6756981088909476,1.258126545545649e-07,0.0006274281237809228,0.625,2038.8102218619856,163.0860581274943,0.23719621390084267,0.00013198906966160884,False,False,False
fine,g02_c05,2,5,OC_CNT,0.2,50.0,0.1,40,spectral_boundary,543.7454106215271,580.4931873835086,299.99556841314643,814.530967644683,0.2736493270487823,32,False,0.694044046745882,1.3775421275136802e-07,0.0015782858780917816,0.5,2174.9816424861087,200.0436091372712,0.2892977837009987,0.0010665244006913266,False,False,False
fine,g02_c06,2,6,OC_CNT,0.2,100.0,0.1,40,spectral_boundary,596.6059105895603,638.3977947510219,299.99556841314643,977.1202788224692,0.32067852293465315,44,False,0.7272192413598935,6.402152999744107e-07,0.004197832162167627,0.625,2386.4236423582415,158.55559469787528,0.3369094125275235,0.004083288616710812,False,False,False
fine,g02_c07,2,7,OC_CNT,0.2,150.0,0.1,40,spectral_boundary,753.0448674026237,725.1714059223142,299.99556841314643,1153.3265035776876,0.36788024033941297,43,False,0.7368274517378987,7.200155177438834e-07,0.007349224851746908,0.625,3012.1794696104953,240.21160240349863,0.33933633304431376,0.0069942252579163755,False,False,False
fine,g02_c08,2,8,OC_CNT,0.3,5.0,0.1,600,completed,2.871520477194844,2.9257927803968307,2.8628340310902893,3.0906078497241776,0.02319956375034985,1,True,0.0022540559658440476,3.428152094270674e-24,1.600472237879526e-30,48.25,6.700214446787971,0.12989192440027805,0.4190264891551817,0.00024499486237772317,True,False,False
fine,g02_c09,2,9,OC_CNT,0.3,10.0,0.1,600,completed,105.89897158105528,181.41232623899398,105.89897158105528,324.028842069201,0.3572879361144141,1,True,0.014071547454122386,1.7871584739322652e-23,1.3939961120354421e-30,21.0,247.0976003557957,10.186749444981901,0.2655719154278555,2.98715260510507e-05,True,True,False
fine,g02_c10,2,10,OC_CNT,0.3,15.0,0.1,600,completed,905.6658737299782,655.2807709469979,376.4183085517917,910.2392529766146,0.2748435303605007,44,False,0.03774058656418595,1.7813434659364687e-22,2.0798158093916987e-17,24.375,2113.2203720366165,32.74663359801557,0.11020272007623733,0.002210830134790065,True,False,False
fine,g02_c11,2,11,OC_CNT,0.3,20.0,0.1,600,completed,252.55683885102417,285.1848848302257,240.63682831453565,450.4608094815875,0.19753602735749495,55,False,0.046620722865825255,2.6230802276760517e-21,2.2658525196271337e-17,19.25,589.2992906523899,8.583581053317141,0.2442506725679634,0.0009536178867258771,True,True,False
fine,g02_c12,2,12,OC_CNT,0.3,30.0,0.1,320,spectral_boundary,1585.6827486790567,823.4425491789476,438.9305065707865,1673.4281775656923,0.5349044864460014,32,False,0.43249394756358145,3.2261636692751245e-10,2.8290390369234456e-06,1.0,3699.926413584466,129.94530553775655,0.11080753669335708,0.0008141390801289505,False,False,False
fine,g02_c13,2,13,OC_CNT,0.3,50.0,0.1,60,spectral_boundary,627.1294356037865,760.9818200422552,299.9948788636333,1133.0727838226094,0.36428954185851575,19,False,0.6119051344552865,1.232365025188139e-08,0.00015211017870262532,1.125,1463.302016408836,131.97291035615643,0.30313904477852294,0.0016990164334605984,False,False,False
fine,g02_c14,2,14,OC_CNT,0.3,100.0,0.1,60,spectral_boundary,818.4494136520032,904.4889203138698,299.9948788636333,1608.964374384857,0.4368098482681413,25,False,0.7148024316366235,2.332069328071796e-07,0.002394773999265067,0.625,1909.715298521341,172.91472799997024,0.3229373204858813,0.006015727344928945,False,False,False
fine,g02_c15,2,15,OC_CNT,0.3,150.0,0.1,40,spectral_boundary,1744.8037081767266,973.2451533306296,299.9948788636333,2015.7477463186833,0.5923964554839003,39,False,0.7647478760550017,6.002912928080337e-07,0.006020377425313677,0.625,4071.2086524123624,488.51107925185573,0.3013221296975669,0.0069577999273634505,False,False,False
fine,g02_c16,2,16,OC_CNT,0.4,5.0,0.1,600,completed,2.5069034511082533,2.703819490396524,2.5069034511082533,3.010690096723991,0.05446803126332701,1,True,0.0030475698849178295,6.915646530548949e-24,1.2499752480518645e-30,44.5,3.7603551766623795,0.0788137051227218,0.4443699194926145,0.00022810092329061948,True,False,False
fine,g02_c17,2,17,OC_CNT,0.4,10.0,0.1,600,completed,157.26958948565382,308.2237929540568,157.26958948565382,462.61304419580324,0.3367352633752239,1,True,0.01419242754468192,1.8093911269018742e-23,1.1568042092794937e-30,19.0,235.90438422848075,10.430940751417818,0.24963850582210956,0.0005011659430396165,True,True,False
fine,g02_c18,2,18,OC_CNT,0.4,15.0,0.1,600,completed,1029.757365311741,767.6528051743732,432.6160569921898,1040.9231542968234,0.268953468172664,39,False,0.025848509525705325,1.8529538462347704e-22,1.5683903345312858e-20,23.375,1544.6360479676118,23.938413675513377,0.1299209731016192,0.002083412716864963,True,False,False
fine,g02_c19,2,19,OC_CNT,0.4,20.0,0.1,600,completed,344.6742665450391,371.7146793715672,321.4856026374879,569.3443718274362,0.17592149815801944,39,False,0.03174190750451952,3.2614696914636884e-21,2.3337388913361773e-19,12.625,517.0113998175586,9.025770952647523,0.2360751383090396,0.000799267798060721,True,False,False
fine,g02_c20,2,20,OC_CNT,0.4,30.0,0.1,600,completed,972.4965692374569,901.3698569299044,840.7193697851251,977.9790377679305,0.048918823834093274,5,False,0.022098536602575602,2.310310857233973e-18,6.505279700527235e-15,15.375,1458.7448538561855,33.85757037837022,0.1583397137430509,0.00027901750062364616,True,False,False
fine,g02_c21,2,21,OC_CNT,0.4,50.0,0.1,220,spectral_boundary,2098.549000011405,798.4970828433172,358.2249260497839,2098.549000011405,0.5372436955383405,17,False,0.25630766484288525,3.251290170739615e-12,5.519582507424564e-08,1.25,3147.8235000171076,125.23826095718628,0.16236010022190372,0.003435657166723227,False,False,False
fine,g02_c22,2,22,OC_CNT,0.4,100.0,0.1,60,spectral_boundary,1230.3561424523375,1173.3121796973892,299.9940554383945,2323.3703015930123,0.5764332235119414,23,False,0.6511249866000902,1.4558235913789187e-07,0.001888237655184917,0.875,1845.5342136785064,149.36199643709352,0.3054743944758287,0.005748892545999196,False,False,False
fine,g02_c23,2,23,OC_CNT,0.4,150.0,0.1,60,spectral_boundary,1543.2037209129844,1396.1297411941168,299.9940554383945,3084.4173116216284,0.6141780068703112,27,False,0.7776444311182648,6.239711240662682e-07,0.004748158373529695,0.75,2314.8055813694764,224.10014353004422,0.30198616885658536,0.009904761755576863,False,False,False
fine,g02_c24,2,24,OC_CNT,0.5,5.0,0.1,600,completed,1.838844258734306,2.150699110521292,1.838844258734306,2.5735323540846027,0.0990977571858399,1,True,0.004388299945343504,4.4649350194024706e-24,1.0995168717226102e-30,41.125,1.838844258734306,0.041714244910611986,0.4624513221670461,0.00020668455935124452,True,False,False
fine,g02_c25,2,25,OC_CNT,0.5,10.0,0.1,600,completed,292.88869054766974,454.8371170765015,292.88869054766974,528.7781765318882,0.15314340967324525,1,True,0.013986412677315398,1.201964827794125e-23,1.0101955035496488e-30,18.375,292.88869054766974,12.685162665907844,0.2111721964944968,0.0009916069546513917,True,False,False
fine,g02_c26,2,26,OC_CNT,0.5,15.0,0.1,600,completed,1101.6486096223298,755.0188249463331,424.6271640172547,1101.6486096223298,0.29135146513275395,22,False,0.017854194871327105,1.942600770369058e-22,1.7231868933383472e-22,23.125,1101.6486096223298,16.623582522312063,0.15333147267193237,0.001545023168868731,True,False,False
fine,g02_c27,2,27,OC_CNT,0.5,20.0,0.1,600,completed,388.5313562943553,459.85174963196914,373.4254373227724,777.7386945560418,0.23943414943365696,21,False,0.02435834622804259,3.990458761858873e-21,1.7713544952636445e-21,17.75,388.53135629435536,6.52117418306892,0.23448521460918248,0.0006279536382698403,True,False,False
fine,g02_c28,2,28,OC_CNT,0.5,30.0,0.1,600,completed,1009.6325108350494,1052.381159478874,1006.2735391584632,1132.6556916249747,0.03588712504611422,6,False,0.013517060082151176,1.5872612198002358e-18,2.2044727456383465e-16,14.75,1009.6325108350495,21.351846453705953,0.17439851210357327,0.00038777587684313275,True,False,False
fine,g02_c29,2,29,OC_CNT,0.5,50.0,0.1,240,spectral_boundary,2310.845668694069,1222.396666517667,448.1255892658164,2723.4438691563346,0.6022204006978422,24,False,0.5350233843967103,4.702026532560582e-10,3.241026560797605e-06,0.875,2310.845668694068,142.03319079689564,0.17083920527869845,0.002038625442736919,False,False,False
fine,g02_c30,2,30,OC_CNT,0.5,100.0,0.1,60,spectral_boundary,2690.4259389516674,1410.8001582612658,299.9930727893867,3132.340786969323,0.718364088525536,19,False,0.4953465608188464,1.5360089844338845e-08,0.00029903629026816603,0.625,2690.4259389516674,253.65589549406246,0.2541535407987213,0.005515030358155704,False,False,False
fine,g02_c31,2,31,OC_CNT,0.5,150.0,0.1,60,spectral_boundary,2044.453269687925,1762.5842104099959,299.9930727893867,4322.201490725078,0.7503100799081117,24,False,0.7162170661001338,9.388938175627984e-07,0.006066019237173951,0.625,2044.4532696879253,188.14606572991894,0.2860110602564141,0.009421676530984135,False,False,False
fine,g02_c32,2,32,OC_CNT,0.6,5.0,0.1,600,completed,1.1827580827332962,1.5450595372733182,1.1827580827332962,2.027601802221552,0.15824111775316008,1,True,0.006298899257481242,9.311875345622432e-24,8.218194717762764e-31,38.0,0.7885053884888641,0.0193881384535971,0.46752084344361705,0.00017763985287677642,True,False,False
fine,g02_c33,2,33,OC_CNT,0.6,10.0,0.1,600,completed,566.2457270610792,479.45656777315946,291.45290923711343,588.312752284549,0.20471097018548687,1,True,0.010641524141043964,6.4337461909542924e-24,9.139213555915944e-31,22.25,377.4971513740528,13.52413632824391,0.19512026028707308,0.0009393694382741069,True,False,False
fine,g02_c34,2,34,OC_CNT,0.6,15.0,0.1,600,completed,972.8816136738235,624.7123670288049,398.8471015274487,972.8816136738235,0.28188664609899766,3,False,0.014522392378462713,1.9386183636094507e-22,7.951035388682255e-28,24.375,648.5877424492155,9.188775816057081,0.18183677964834466,0.0007190768077213194,True,False,False
fine,g02_c35,2,35,OC_CNT,0.6,20.0,0.1,600,completed,404.3028626684137,624.5144441347633,404.3028626684137,1223.6017390039906,0.37587276315449214,4,False,0.017313897807659868,3.777565725991008e-21,1.615708306288469e-23,13.5,269.53524177894246,5.624892023444072,0.22873446731752278,0.00014351974226489705,True,False,False
fine,g02_c36,2,36,OC_CNT,0.6,30.0,0.1,600,completed,1123.9719172910336,1150.9106750205453,1095.2199332924815,1246.8098871947548,0.04642246807590656,5,False,0.0072144038332117985,1.3284369833064605e-18,4.716815342245898e-19,15.625,749.3146115273559,15.175838987037348,0.17437153446473141,0.0003718484380985654,True,False,False
fine,g02_c37,2,37,OC_CNT,0.6,50.0,0.1,600,completed,3178.810664813812,2410.750664644399,1981.7373398835675,3178.810664813812,0.13480004910958604,48,False,0.16816842643418267,5.215304091488242e-14,5.468192579704475e-12,7.125,2119.2071098758747,44.38592318665836,0.13226789774687642,0.0022007261816398005,True,False,False
fine,g02_c38,2,38,OC_CNT,0.6,100.0,0.1,80,spectral_boundary,1189.523558648189,1757.6507478197068,299.99186622865653,4139.012013580021,0.7308266198651027,14,False,0.5755351970457333,1.6764443324454454e-08,0.00015979865056584417,1.625,793.0157057654593,55.00601202647752,0.2838590871915051,0.006740704559359267,False,False,False
fine,g02_c39,2,39,OC_CNT,0.6,150.0,0.1,60,spectral_boundary,3621.201072243461,2165.6258278288315,299.99186622865653,5779.227466689505,0.8822058503011041,29,False,0.6198708028552609,6.185931756098101e-08,0.0011309163801910224,0.5,2414.1340481623074,198.19205007948847,0.2493824856452519,0.008817967983831054,False,False,False
fine,g02_c40,2,40,OC_CNT,0.7,5.0,0.1,600,completed,0.6783636062077081,1.0298351319171963,0.6783636062077081,1.5168008042926293,0.23507448958944507,1,True,0.00885270968322411,9.146350540825477e-24,7.035452316205423e-31,34.875,0.2907272598033035,0.007746185387454818,0.4520005848126383,0.0001359480907023869,True,False,False
fine,g02_c41,2,41,OC_CNT,0.7,10.0,0.1,600,completed,498.40395773633145,299.73452413955494,155.7384713637428,498.40395773633145,0.3389273311679885,1,True,0.012140609481773089,5.3270981062175536e-24,6.625831249040658e-31,29.0,213.60169617271347,6.474020698185462,0.23107287194084153,0.0001745703375382046,True,True,False
fine,g02_c42,2,42,OC_CNT,0.7,15.0,0.1,600,completed,638.6921750758021,486.87240616287477,431.98941341805477,638.6921750758021,0.12001529327096161,3,False,0.016111916724807742,1.8327825492181085e-22,6.282747217775945e-31,15.875,273.7252178896295,5.971702173767461,0.21492761011825057,5.5801904309205064e-05,True,False,False
fine,g02_c43,2,43,OC_CNT,0.7,20.0,0.1,600,completed,489.6920960688701,1001.7714661740893,489.6920960688701,1625.1459940607738,0.3885369235668198,9,False,0.016551052638960364,2.5669977990296245e-21,5.959223618011186e-25,16.0,209.86804117237293,4.402663364096059,0.20646597597848704,0.0011146116452375177,True,False,False
fine,g02_c44,2,44,OC_CNT,0.7,30.0,0.1,600,completed,1152.6538178907601,1272.6164592440714,1152.6538178907601,1344.8809963787296,0.04712627860663114,5,False,0.005854842777733626,6.25382558362978e-19,7.90865642008806e-23,14.25,493.99449338175447,11.618871639842453,0.182018943628032,0.0005444077133105463,True,False,False
fine,g02_c45,2,45,OC_CNT,0.7,50.0,0.1,600,completed,2714.7841691898307,2424.3616728706334,2250.3520787519474,2714.7841691898307,0.06698094985511464,45,False,0.06494815167834743,1.7450579928698464e-14,3.2930747028251237e-13,12.25,1163.4789296527852,19.76577848430276,0.15561576910635583,0.0015838102283387556,True,False,False
fine,g02_c46,2,46,OC_CNT,0.7,100.0,0.1,80,spectral_boundary,2185.427261131237,2189.8447963550166,299.9903085357181,5440.655265401873,0.8114425518755678,8,False,0.3662842068369613,1.6057491666827773e-12,5.868833997162986e-08,1.0,936.6116833419592,71.28216128309377,0.24271679539302793,0.005749852043431258,False,False,False
fine,g02_c47,2,47,OC_CNT,0.7,150.0,0.1,140,spectral_boundary,6361.516879867351,4055.7298670412288,1739.539896575183,7696.896489274748,0.50665910384019,42,False,0.6778186867862878,4.428775711935939e-09,9.431696462898319e-05,0.5,2726.364377086008,182.35602846651918,0.1861048689040612,0.008327712649419672,False,False,False
fine,g02_c48,2,48,OC_CNT,0.8,5.0,0.1,600,completed,0.33502572313742596,0.6306262102940406,0.33502572313742596,1.0764785276387792,0.338133017440618,1,True,0.012322058885055099,8.599250663971085e-24,4.991811739571456e-31,32.25,0.08375643078435646,0.0024016373682583304,0.3966943953203475,6.855984181741714e-05,True,False,False
fine,g02_c49,2,49,OC_CNT,0.8,10.0,0.1,600,completed,183.21184769487883,111.12325317789592,65.835908227797,183.21184769487883,0.30375773884834206,1,True,0.011710851259258852,4.9920149826694124e-24,5.464118302893911e-31,30.75,45.80296192371969,1.3680652926091323,0.26174229805040977,0.00046688398698591094,True,False,False
fine,g02_c50,2,50,OC_CNT,0.8,15.0,0.1,600,completed,448.09471626861813,627.2244478674106,448.09471626861813,799.9744500328115,0.20052896532857087,6,False,0.013090012599420074,8.696958681645849e-23,5.250716190355403e-31,14.125,112.0236790671545,4.60190929506168,0.24187486805917574,0.0005169759921662687,True,False,False
fine,g02_c51,2,51,OC_CNT,0.8,20.0,0.1,600,completed,1046.853037625946,1285.3129695042844,1019.9110770393813,1447.9240008007014,0.10300281716335027,3,False,0.014766081277386317,6.955920853833329e-22,4.670100151702905e-30,16.625,261.7132594064864,5.586514919391954,0.23680939286442954,0.00201626140984712,True,False,False
fine,g02_c52,2,52,OC_CNT,0.8,30.0,0.1,600,completed,1433.576156128287,1192.6061135706905,892.1684517587407,1435.6313956487352,0.15484094249611638,3,False,0.00735092163631604,1.0561795967797959e-19,5.243075350465312e-27,13.25,358.39403903207165,8.312936307320548,0.21647191539506183,0.00013433630770831595,True,False,False
fine,g02_c53,2,53,OC_CNT,0.8,50.0,0.1,600,completed,1860.1924801727514,2338.4351118020027,1847.3022330554165,2803.4128189680487,0.16225620358717127,30,False,0.05194351007759851,1.2506717469889865e-15,1.6553175971600766e-16,9.375,465.04812004318774,7.896802697337047,0.1736392937921471,0.0009072736260919978,True,False,False
fine,g02_c54,2,54,OC_CNT,0.8,100.0,0.1,380,spectral_boundary,9030.197869201518,6250.8136469825295,4505.985248220298,9339.56048696532,0.2679343321052889,30,False,0.4294909983713538,2.1902334895003594e-12,1.878775674010208e-07,1.25,2257.549467300379,69.0384263150901,0.18565602630574168,0.006699082195831707,False,False,False
fine,g02_c55,2,55,OC_CNT,0.8,150.0,0.1,180,spectral_boundary,12600.471941740336,4635.051942204666,1619.5630169215856,12600.471941740336,0.5967703740061976,40,False,0.7114792042079436,1.4228633922892798e-08,0.00011734076431073968,0.5,3150.117985435083,248.510881219814,0.2208737962021578,0.006547068846438631,False,False,False
fine,g02_c56,2,56,OC_CNT,0.9,5.0,0.1,600,completed,0.09819397444319537,0.2761305837475128,0.09819397444319537,0.5937127337824564,0.510881284768838,1,True,0.018324923737476906,7.950612544995792e-24,3.7329793735065124e-31,30.25,0.010910441604799483,0.00032583365094606906,0.24877937626674307,8.609830951988862e-05,True,False,False
fine,g02_c57,2,57,OC_CNT,0.9,10.0,0.1,600,completed,21.52985965737205,18.480808235997568,17.10410720790543,21.52985965737205,0.0713894183978315,1,True,0.004434954847051379,4.25769292631483e-24,3.59176074659536e-31,28.625,2.392206628596894,0.07636005034863937,0.1171672921819431,0.0005668565332627162,True,False,False
fine,g02_c58,2,58,OC_CNT,0.9,15.0,0.1,600,completed,772.2478694532397,475.0682748126363,240.38080699311277,772.2478694532397,0.3388242438245461,1,True,0.01265352765210596,8.777802461918403e-24,3.6052985305200415e-31,23.625,85.80531882813771,3.076110935559242,0.28500974713494365,0.00021931689309540037,True,False,False
fine,g02_c59,2,59,OC_CNT,0.9,20.0,0.1,600,completed,725.2800626197183,857.4335221712514,720.7932666539084,1026.1588957327529,0.13474455333024335,6,False,0.013025475710806596,1.2614369044789804e-22,3.606219126570224e-31,12.625,80.58667362441311,2.595314343620809,0.24405772545099458,0.0007338006709450839,True,False,False
fine,g02_c60,2,60,OC_CNT,0.9,30.0,0.1,600,completed,724.3670160649181,999.3527185710005,723.004623753462,1649.5318118900855,0.2823186033508306,3,False,0.014996754794891978,5.839204427549551e-21,3.6027471039319826e-31,13.625,80.4852240072131,1.9223042215719903,0.17982834883004795,0.0002559395554210253,True,False,False
fine,g02_c61,2,61,OC_CNT,0.9,50.0,0.1,600,completed,2329.172005124119,2766.024184669581,2329.172005124119,3054.8176325998666,0.07877204592528955,26,False,0.02552636634486276,1.6616547107417718e-17,2.4844016582016712e-21,8.75,258.79688945823546,5.09813552966439,0.20166705395952467,0.002692391679442352,True,False,False
fine,g02_c62,2,62,OC_CNT,0.9,100.0,0.1,600,completed,8142.845837669615,5080.688331243637,2002.597461139716,8742.289425224837,0.49947333529458127,18,False,0.09126109921141018,2.8372327595076095e-12,1.0065331029302345e-12,10.75,904.7606486299571,18.700649229996422,0.1744967580751905,0.0032104438336336694,True,False,False
fine,g02_c63,2,63,OC_CNT,0.9,150.0,0.1,300,spectral_boundary,15784.811845367858,7424.91322099896,4637.885591009559,15784.811845367858,0.30946146334114505,21,False,0.4179391111008839,8.428156752128931e-12,9.013355258443614e-07,0.75,1753.86798281865,98.43499956988308,0.23189425541470943,0.004198293224404903,False,False,False
fine,g03_c00,3,0,OC_CNT,0.2,5.0,0.2,600,completed,0.013367387990556614,0.02817131259007739,0.013367387990556614,0.052714379691221606,0.39864461128739337,1,True,0.014612027372471161,2.3140502545428138e-20,1.5585937805912904e-30,104.875,0.053469551962226455,0.00047859389973056336,0.4727819037433024,0.00028323948145581035,True,False,False
fine,g03_c01,3,1,OC_CNT,0.2,10.0,0.2,600,completed,65.66707204365248,33.595554820836156,16.669782505413902,65.66707204365248,0.4104732442785906,1,True,0.01781970329877592,4.861217743968475e-21,1.4352327815679069e-30,93.625,262.6682881746099,2.574761927194342,0.27683616257282095,0.0008059246784563046,True,False,False
fine,g03_c02,3,2,OC_CNT,0.2,15.0,0.2,80,spectral_boundary,468.4713013355182,633.1573171272072,299.99556841314643,806.8023267754239,0.234432868825361,24,False,0.4315816858309414,3.2633233415464704e-12,3.965258794082137e-08,1.25,1873.8852053420726,93.19934759124264,0.14579347495838735,0.0027110843927204975,False,False,False
fine,g03_c03,3,3,OC_CNT,0.2,20.0,0.2,80,spectral_boundary,426.2832577654293,651.489802427859,299.99556841314643,847.6532021613966,0.258859783417059,25,False,0.5762877907472812,1.3574567637558297e-10,1.6028564873109993e-06,1.0,1705.1330310617172,73.5291058491843,0.19815606540582287,0.0021786364768110467,False,False,False
fine,g03_c04,3,4,OC_CNT,0.2,30.0,0.2,60,spectral_boundary,717.5162354197605,709.802309597042,299.99556841314643,943.0725199675103,0.2976524919784748,37,False,0.6681275362672083,5.160129430152001e-09,0.00012652896614979308,0.75,2870.064941679042,201.65593722660847,0.18825778671928983,0.00097390745408521,False,False,False
fine,g03_c05,3,5,OC_CNT,0.2,50.0,0.2,60,spectral_boundary,560.9073711890385,733.535685697873,299.99556841314643,1129.063253463426,0.34224722769416877,44,False,0.7242759655451695,1.841982171168585e-07,0.0017881071801825698,1.5,2243.6294847561535,116.95946893118793,0.2793422369984109,0.0008642057463241759,False,False,False
fine,g03_c06,3,6,OC_CNT,0.2,100.0,0.2,40,spectral_boundary,1191.158673719895,797.748722300404,299.99556841314643,1406.902792690858,0.4574054355875915,71,False,0.7469794611237693,7.169633802688765e-07,0.004922709992139624,0.375,4764.63469487958,316.88988199644115,0.27565888842010644,0.0035094419623861173,False,False,False
fine,g03_c07,3,7,OC_CNT,0.2,150.0,0.2,40,spectral_boundary,983.8940782251093,850.9055467129529,299.99556841314643,1528.0622616597539,0.4623516342872879,72,False,0.7729944727101262,1.4758744300571264e-06,0.01340331140226151,0.375,3935.576312900437,271.60137456532465,0.32139066923264925,0.006559200751984795,False,False,False
fine,g03_c08,3,8,OC_CNT,0.3,5.0,0.2,600,completed,0.02923297568339322,0.06062771735061204,0.02923297568339322,0.11213247421999434,0.39060463507056725,1,True,0.014323129646381438,2.004136381131285e-23,1.3318408019696935e-30,96.625,0.06821027659458419,0.0006629052180151148,0.47842688910451653,0.0002647324355443681,True,False,False
fine,g03_c09,3,9,OC_CNT,0.3,10.0,0.2,600,completed,66.27448700175982,35.885775485314355,19.33461276401988,66.27448700175982,0.36977882965621606,1,True,0.01605381506287105,8.07652793903037e-24,1.2060237687508093e-30,91.5,154.64046967077297,1.5814479760217566,0.29274663759222386,0.0008498757202297647,True,False,False
fine,g03_c10,3,10,OC_CNT,0.3,15.0,0.2,600,completed,224.5471634778424,881.8195722462417,224.5471634778424,1328.1425460294008,0.43806773826812495,1,True,0.03169257324649137,2.7785307588050736e-24,1.3143700327523656e-30,44.5,523.9433814482991,10.143495463883454,0.23683482965167524,0.00349325129255873,True,False,False
fine,g03_c11,3,11,OC_CNT,0.3,20.0,0.2,600,completed,142.12920341599136,167.28554413901304,138.97971162324166,248.8951475888091,0.1897213366782911,1,True,0.009075029480246147,9.136771046949114e-24,1.246205284217084e-30,52.625,331.6348079706466,5.793097247002521,0.28409364336010956,0.001678637977494013,True,True,False
fine,g03_c12,3,12,OC_CNT,0.3,30.0,0.2,80,spectral_boundary,970.9160281667855,906.8284502687842,299.9948788636333,1306.56085874311,0.3759234277756951,33,False,0.5804106402276504,4.771370065527837e-10,9.639129533607961e-06,1.25,2265.4707323891666,109.38443656736726,0.19621133975723637,0.0010536731875876448,False,False,False
fine,g03_c13,3,13,OC_CNT,0.3,50.0,0.2,80,spectral_boundary,755.2976505187933,1014.3955533945673,299.9948788636333,1767.9023803030855,0.44870571871578413,31,False,0.67880239547671,1.2039675972123563e-07,0.00046887931714749225,0.875,1762.3611845438509,97.42255061673653,0.28013552332836666,0.0010273681230020815,False,False,False
fine,g03_c14,3,14,OC_CNT,0.3,100.0,0.2,60,spectral_boundary,1375.3361612021667,1197.9695966553795,299.9948788636333,2454.624646656627,0.5592382171127541,51,False,0.7659162635569001,9.550996264846255e-07,0.005669639125911829,0.875,3209.117709471724,186.5614436995887,0.2831650491628478,0.004905572148046433,False,False,False
fine,g03_c15,3,15,OC_CNT,0.3,150.0,0.2,40,spectral_boundary,2780.1786655848928,1072.1447435141672,299.9948788636333,2780.1786655848928,0.6951123863644264,25,False,0.44495296391194783,1.4183214083698801e-09,0.00027760317855300156,0.5,6487.083553031418,383.8988671617402,0.2544040278265084,0.006668558997847351,False,False,False
fine,g03_c16,3,16,OC_CNT,0.4,5.0,0.2,600,completed,0.05654033590725466,0.11539238768104593,0.05654033590725466,0.21084947807451015,0.382366289536602,1,True,0.01401996985400374,3.7647632197516246e-24,1.0840615508072528e-30,89.375,0.08481050386088197,0.0008906815826206552,0.4822965083692483,0.00024302399175069045,True,False,False
fine,g03_c17,3,17,OC_CNT,0.4,10.0,0.2,600,completed,77.3427697370821,43.48770269749256,24.621087189812563,77.3427697370821,0.3438199987399819,1,True,0.01490689292961705,1.908950950459052e-24,1.0520859135975037e-30,85.25,116.01415460562315,1.2739639343974152,0.28673086781196133,0.0008291263410759031,True,False,False
fine,g03_c18,3,18,OC_CNT,0.4,15.0,0.2,600,completed,466.33867148610955,1156.8076855842712,466.33867148610955,1514.368664873055,0.27554584699528095,1,True,0.02914021161855678,6.668391436655478e-25,1.1147833888197264e-30,43.25,699.5080072291641,13.521596077219904,0.1886751066971838,0.004002924456004031,True,False,False
fine,g03_c19,3,19,OC_CNT,0.4,20.0,0.2,600,completed,128.73983350361414,220.23409141315707,128.73983350361414,436.0566381715632,0.39183888744610423,1,True,0.015668616665990853,2.3137039923268004e-24,1.0322263604322435e-30,47.5,193.1097502554212,3.7394520453310274,0.29086748011181696,0.0015795907093677508,True,True,False
fine,g03_c20,3,20,OC_CNT,0.4,30.0,0.2,100,spectral_boundary,1162.2635104657124,1099.803459500166,299.9940554383945,1669.0317903880036,0.4285325285030343,22,False,0.3916249336689232,3.5181349402712195e-12,5.915321100071863e-08,0.75,1743.3952656985684,74.51996340543042,0.20456623210023162,0.001331365421672559,False,False,False
fine,g03_c21,3,21,OC_CNT,0.4,50.0,0.2,80,spectral_boundary,1474.5061291222405,1269.1498324897923,299.9940554383945,2413.972624274637,0.558888392567703,33,False,0.6872798914189246,5.4771927202533375e-08,0.00023696691360403964,0.875,2211.759193683361,122.31568959611661,0.236104769056651,0.0008271628788697472,False,False,False
fine,g03_c22,3,22,OC_CNT,0.4,100.0,0.2,60,spectral_boundary,2884.1343702095273,1559.642222074214,299.9940554383945,3851.170792063694,0.7514750486188668,53,False,0.7343414340162436,2.3183631711623343e-07,0.004666989478671135,0.25,4326.201555314291,395.84984825191583,0.23473031105584563,0.004525412182139976,False,False,False
fine,g03_c23,3,23,OC_CNT,0.4,150.0,0.2,60,spectral_boundary,2340.2412277216617,1821.310414223397,299.9940554383945,4651.352058289301,0.7353890335277565,60,False,0.8150133247045905,6.143379257469401e-07,0.006867621414904319,0.875,3510.361841582493,224.11682542326753,0.2761139229965529,0.00858674985755059,False,False,False
fine,g03_c24,3,24,OC_CNT,0.5,5.0,0.2,600,completed,0.10002891611255131,0.20239332105750293,0.10002891611255131,0.36691745053798847,0.37735642952610715,1,True,0.013821360027339828,5.542739759866332e-24,9.095191167356109e-31,83.125,0.10002891611255131,0.0011305511608687424,0.48267531645300893,0.00021679764695614612,True,False,False
fine,g03_c25,3,25,OC_CNT,0.5,10.0,0.2,600,completed,82.39612773102286,48.472672178782815,29.115366844345466,82.39612773102286,0.3127940104865297,1,True,0.013612342197481612,1.328963200252047e-24,8.84035400141316e-31,79.625,82.39612773102287,0.9697368325729442,0.2762940417203533,0.0008089627902674312,True,False,False
fine,g03_c26,3,26,OC_CNT,0.5,15.0,0.2,600,completed,884.6041088781494,1315.7691555935994,884.6041088781494,1605.8727244231422,0.17478550478859706,1,True,0.0228898237838633,8.233391388179115e-25,8.939812857871746e-31,44.875,884.6041088781492,16.30311076921427,0.14900398817989163,0.0040133673926946445,True,False,False
fine,g03_c27,3,27,OC_CNT,0.5,20.0,0.2,600,completed,146.67827100050033,322.87699105341386,146.67827100050033,732.1846468623937,0.5082751301565581,1,True,0.019129278692812644,3.376460255703975e-24,8.324686014746152e-31,43.375,146.67827100050033,3.1015161729424565,0.2783557861562579,0.0012485271944230325,True,False,False
fine,g03_c28,3,28,OC_CNT,0.5,30.0,0.2,600,completed,1151.7781006878604,1128.1801146976616,839.3697944785587,1264.972039717906,0.11727648097935547,1,True,0.006903029688541852,2.626160956443496e-23,7.589436217721348e-31,32.125,1151.7781006878602,31.449707942371408,0.16108762576866775,0.0007381575372794602,True,False,False
fine,g03_c29,3,29,OC_CNT,0.5,50.0,0.2,180,spectral_boundary,1900.9944635907916,1313.6644136207015,783.9569628333029,3053.7353433803055,0.4097010897004423,23,False,0.4762362086562541,1.797705094706358e-11,1.7054525176364365e-07,0.875,1900.9944635907918,95.2584275039426,0.2045072595825027,0.0018095046725817854,False,False,False
fine,g03_c30,3,30,OC_CNT,0.5,100.0,0.2,80,spectral_boundary,1814.728777857763,1980.6738251631643,299.9930727893867,5214.092055267882,0.7477794234721433,35,False,0.744858092022641,1.6961380578475472e-07,0.002823689444979748,0.625,1814.7287778577627,117.46513612492468,0.2738053571569148,0.005404646963501292,False,False,False
fine,g03_c31,3,31,OC_CNT,0.5,150.0,0.2,60,spectral_boundary,3228.890477135568,2241.773809020497,299.9930727893867,6626.9937526672,0.8794896099326526,51,False,0.7951820432919194,8.24875698169577e-07,0.009142384039280962,0.375,3228.8904771355683,324.2151483669522,0.25913664102009226,0.008126199351596752,False,False,False
fine,g03_c32,3,32,OC_CNT,0.6,5.0,0.2,600,completed,0.1568838292081308,0.3203515088059298,0.1568838292081308,0.5824328174955339,0.3803002132599182,1,True,0.013890061951043543,6.668528858304396e-24,7.572474988637577e-31,77.375,0.10458921947208721,0.0012684992523198356,0.4760737963706747,0.00018374465114923133,True,False,False
fine,g03_c33,3,33,OC_CNT,0.6,10.0,0.2,600,completed,79.34349145384918,49.45540832108029,32.01710385051362,79.34349145384918,0.27335442108140934,1,True,0.01207129487576006,3.124440167771686e-24,7.650852652049587e-31,74.375,52.89566096923278,0.6666370527640753,0.26004887219099015,0.0007913131436548815,True,False,False
fine,g03_c34,3,34,OC_CNT,0.6,15.0,0.2,600,completed,1377.2192463358408,1294.1935176983732,698.1677156430638,1619.1519960686287,0.22875675210255708,1,True,0.013544298312498542,1.0501538620268416e-24,7.066880319519933e-31,49.375,918.1461642238938,15.843064791706045,0.17602002673220535,0.003406345681817635,True,False,False
fine,g03_c35,3,35,OC_CNT,0.6,20.0,0.2,600,completed,187.9168415799072,543.9038839734467,187.9168415799072,1285.9421598653714,0.5881202812965423,1,True,0.021561114905823544,4.336886058061133e-24,6.902615834649021e-31,39.625,125.27789438660481,2.862788603147984,0.25658017586769244,0.00047993852231154044,True,False,False
fine,g03_c36,3,36,OC_CNT,0.6,30.0,0.2,600,completed,1557.990144933852,1129.2435152134462,688.4834131022494,1558.0974776614278,0.2599750924950149,1,True,0.010804180103702177,3.29107559353287e-23,6.842061397243085e-31,32.625,1038.6600966225678,27.79077943064944,0.15359465648802917,0.000312526351012421,True,False,False
fine,g03_c37,3,37,OC_CNT,0.6,50.0,0.2,100,spectral_boundary,2470.877409512662,1849.7294284292166,299.99186622865653,3828.1261138273335,0.6930839428213209,23,False,0.5712560439102379,2.5564140570230623e-10,1.6152721717884185e-06,0.75,1647.2516063417745,83.35158452196457,0.20746093263997278,1.0172595389379424e-06,False,False,False
fine,g03_c38,3,38,OC_CNT,0.6,100.0,0.2,80,spectral_boundary,2552.2753168549552,2488.7157110202743,299.99186622865653,6867.401090093981,0.8535242905261784,34,False,0.7251977372544447,1.3322356769711155e-07,0.0012159380405134714,0.625,1701.5168779033033,124.70085874054236,0.24977085003039468,0.004382382189823786,False,False,False
fine,g03_c39,3,39,OC_CNT,0.6,150.0,0.2,60,spectral_boundary,7554.278796131235,2732.761800265564,299.99186622865653,9267.012451279199,1.049139115538909,51,False,0.6632869255388181,1.910714203027827e-07,0.004497019240358327,0.5,5036.185864087491,380.5216313497045,0.19385276415971775,0.007409502277370805,False,False,False
fine,g03_c40,3,40,OC_CNT,0.7,5.0,0.2,600,completed,0.2062425219726468,0.4388226671541955,0.2062425219726468,0.8155690803878085,0.39740541958299497,1,True,0.0144410266468346,5.1098473509849326e-24,5.971020101723183e-31,72.125,0.0883896522739915,0.0011485098662507788,0.4544525840830494,0.0001390837541473955,True,False,False
fine,g03_c41,3,41,OC_CNT,0.7,10.0,0.2,600,completed,66.49494182657736,44.84500765708801,32.06460178135181,66.49494182657736,0.22038648977793962,1,True,0.010120279025869186,2.545212725687749e-24,6.158553286029164e-31,69.5,28.497832211390303,0.384761984723112,0.25935124858847497,0.0007736347528757292,True,False,False
fine,g03_c42,3,42,OC_CNT,0.7,15.0,0.2,600,completed,1571.7489522250924,1070.931385802586,505.80960606563457,1571.7489522250924,0.32865866508370245,1,True,0.014827300411998178,1.4315874194176384e-24,5.6438593617843965e-31,54.625,673.6066938107541,10.999045334420336,0.2113541265449312,0.002233746061811037,True,False,False
fine,g03_c43,3,43,OC_CNT,0.7,20.0,0.2,600,completed,309.01053939708856,980.9361926062891,309.01053939708856,1868.93397200985,0.517623110101653,1,True,0.021369381976918077,4.668949177820224e-24,5.785252666652703e-31,37.125,132.43308831303798,3.1069957053619808,0.22190161732684577,0.0010193381681475877,True,False,False
fine,g03_c44,3,44,OC_CNT,0.7,30.0,0.2,600,completed,1421.2599241754415,817.1473610101907,537.6126457493422,1421.2599241754415,0.3218646100545601,1,True,0.01391756563079661,3.749820787712861e-23,5.780042700911936e-31,35.5,609.1113960751894,15.398679526920864,0.18260587732206884,0.0011202592070402861,True,False,False
fine,g03_c45,3,45,OC_CNT,0.7,50.0,0.2,600,completed,1054.8257339934155,2965.813445585928,1054.8257339934155,4290.366372117502,0.3859050445702751,34,False,0.027689288439044047,1.4411021339502267e-20,3.792326147699762e-21,32.375,452.06817171146383,5.21266295857491,0.17507657017343825,0.0035005815858718536,True,False,False
fine,g03_c46,3,46,OC_CNT,0.7,100.0,0.2,80,spectral_boundary,5174.7430306312635,3010.3154243730737,299.9903085357181,8552.565892548675,0.9640433325212332,29,False,0.6896513197313289,5.769654583376689e-08,0.0004461563624548845,0.5,2217.7470131276855,178.9287727466362,0.20458334692800673,0.0033018907337868386,False,False,False
fine,g03_c47,3,47,OC_CNT,0.7,150.0,0.2,80,spectral_boundary,2944.3867416189614,3664.597113163868,299.9903085357181,11810.104047307655,0.9662413538118301,37,False,0.7144630123889792,5.976307553955193e-08,0.0024082811511536833,0.5,1261.8800321224126,82.03464020253318,0.23299541685847003,0.007760971752836965,False,False,False
fine,g03_c48,3,48,OC_CNT,0.8,5.0,0.2,600,completed,0.20534391863297397,0.4834653965601556,0.20534391863297397,0.9500436261355977,0.4400602006525359,1,True,0.01587408011211165,7.731732211658289e-24,4.524663825388679e-31,67.25,0.05133597965824347,0.0007149110693933087,0.39697525203349654,6.979336298462702e-05,True,False,False
fine,g03_c49,3,49,OC_CNT,0.8,10.0,0.2,600,completed,43.52516512032048,33.22267727780999,27.48219630479924,43.52516512032048,0.1401484749104682,1,True,0.007252099088513958,5.294131072036631e-24,4.550359019839722e-31,64.75,10.881291280080116,0.15776666125935432,0.24212855921504933,0.0007389308375674863,True,False,False
fine,g03_c50,3,50,OC_CNT,0.8,15.0,0.2,600,completed,1220.3462842961476,694.1615015936145,318.7621941198762,1220.3462842961476,0.38991852551480105,1,True,0.014443065444198697,1.939831883125111e-24,4.600729678512053e-31,58.0,305.0865710740368,4.857625795609066,0.25626939393400655,0.0007727179177171584,True,False,False
fine,g03_c51,3,51,OC_CNT,0.8,20.0,0.2,600,completed,735.2572476443339,1517.867663856707,735.2572476443339,1917.1416421509296,0.25224727044456224,1,True,0.019761716045877425,3.7225170050712484e-24,4.376481200006147e-31,38.875,183.81431191108345,3.9293145759871573,0.22541418450907247,0.0027913227980911337,True,False,False
fine,g03_c52,3,52,OC_CNT,0.8,30.0,0.2,600,completed,650.8295367299107,497.5420063749081,440.2709281566149,650.8295367299107,0.11182675826069609,1,True,0.012184623024086762,3.8266181021441005e-23,4.582996015581608e-31,35.5,162.70738418247763,4.198712216205492,0.18719095454019635,0.0022833027485970048,True,False,False
fine,g03_c53,3,53,OC_CNT,0.8,50.0,0.2,600,completed,1994.8679002981094,3096.386887991658,1994.8679002981094,3563.9371740584984,0.14812996549147642,27,False,0.021255615182126063,6.381884246459539e-21,2.4782139568929497e-29,34.0,498.7169750745273,5.413919947963482,0.17080122261082697,0.003521881792999726,True,False,False
fine,g03_c54,3,54,OC_CNT,0.8,100.0,0.2,180,spectral_boundary,4308.101239444528,3020.280512777689,914.7144260509801,10029.846933539697,0.7428038417042521,17,False,0.4545177615925793,6.3279930811313355e-12,9.068088684124901e-08,1.125,1077.0253098611317,80.61738010647235,0.21122709265251743,0.004819967011806314,False,False,False
fine,g03_c55,3,55,OC_CNT,0.8,150.0,0.2,80,spectral_boundary,3180.8322292250323,4553.372722082911,299.98811163557195,14836.88120588348,1.0629550002286745,25,False,0.6988072241192377,1.5730711417167724e-08,0.00042759508700840023,0.875,795.208057306258,56.30126781431221,0.19907877048059097,0.005516590893831386,False,False,False
fine,g03_c56,3,56,OC_CNT,0.9,5.0,0.2,600,completed,0.10073646488649572,0.31460953748521964,0.10073646488649572,0.7140715166611777,0.5531207985956229,1,True,0.01997579433879446,6.968999590396815e-24,3.3135322873328956e-31,62.375,0.011192940542943966,0.00016709866756167474,0.24873104597783924,8.568811838793877e-05,True,False,False
fine,g03_c57,3,57,OC_CNT,0.9,10.0,0.2,600,completed,12.844604232168464,13.223491301173638,12.697977021627247,14.720330340623395,0.044660889159379304,1,True,0.002477647346650707,6.205452693599932e-24,3.3354267061129696e-31,59.875,1.427178248018718,0.022290584271813126,0.11413985292709361,0.0005859733704480785,True,False,False
fine,g03_c58,3,58,OC_CNT,0.9,15.0,0.2,600,completed,380.4138908049514,219.72841453325182,124.60418553674438,380.4138908049514,0.33422911955924467,1,True,0.013182679075213328,3.1030070637323822e-24,3.396659269574674e-31,57.125,42.26821008943904,0.6915470818074855,0.2336950810140862,0.0006203948969993878,True,True,False
fine,g03_c59,3,59,OC_CNT,0.9,20.0,0.2,600,completed,1680.5092814099326,1247.375264142375,649.5030099630684,1686.4532758657613,0.27676948694125725,1,True,0.01282112228483992,2.591612330550852e-24,3.4012088464033657e-31,50.625,186.7232534899925,3.3503468391349593,0.29417517728934145,0.0020288218715999173,True,False,False
fine,g03_c60,3,60,OC_CNT,0.9,30.0,0.2,600,completed,375.1063836050989,877.3785827839733,375.1063836050989,1919.187356108962,0.5160174461602626,1,True,0.01922496720904294,1.8837317176900595e-23,3.2016555921272075e-31,33.0,41.678487067233206,1.1155046477188306,0.1172633142625008,0.0006867737291433862,True,False,False
fine,g03_c61,3,61,OC_CNT,0.9,50.0,0.2,600,completed,2460.402085233504,2696.514366301298,1945.9902220043093,3037.9982314509784,0.1092618531165841,3,False,0.01966280536913189,1.6950479895307693e-21,3.3080164860642195e-31,22.0,273.3780094703892,6.002481373989876,0.20445600394743402,0.002467851414415745,True,False,False
fine,g03_c62,3,62,OC_CNT,0.9,100.0,0.2,600,completed,3733.723291160124,3403.0082115379987,3109.388517404557,4336.401463029593,0.08785400887291418,23,False,0.03943406802312541,1.297109281255814e-19,1.3892847803547271e-25,11.25,414.85814346223594,7.183086806256352,0.11491718111889215,0.002489507138296876,True,False,False
fine,g03_c63,3,63,OC_CNT,0.9,150.0,0.2,600,completed,3917.7119283380334,6924.478691507609,3855.6283085560085,10257.562679463696,0.3578841716697083,12,False,0.0962684662245431,1.1486963464719443e-16,2.6998951843673655e-15,10.25,435.3013253708925,9.28226433778924,0.061003760179296096,0.0017081027203061927,True,False,False
fine,g04_c00,4,0,OC_CNT,0.2,5.0,0.3,60,spectral_boundary,744.8194475817436,644.8922866171921,299.99556841314643,811.1894128816773,0.25944517321273297,23,False,0.4207674303718068,2.486198800451251e-12,6.818698067029653e-08,1.125,2979.2777903269744,135.57638414433643,0.10787201087763021,0.0030900633882111617,False,False,False
fine,g04_c01,4,1,OC_CNT,0.2,10.0,0.3,60,spectral_boundary,759.1345229525915,667.3331112069332,299.99556841314643,865.2573103508653,0.27623924492057983,41,False,0.5742104217985696,1.4204995212354227e-09,4.8282497942006585e-06,1.0,3036.5380918103665,147.29884783662968,0.10686048914996538,0.0027164966420450964,False,False,False
fine,g04_c02,4,2,OC_CNT,0.2,15.0,0.3,60,spectral_boundary,751.5277612218881,687.1787472394851,299.99556841314643,920.074427778751,0.2907432774286395,42,False,0.6623659262733966,1.1513771834928533e-09,1.3908015668550199e-05,0.75,3006.1110448875525,120.05367311711666,0.10632951599790574,0.0023284524087943126,False,False,False
fine,g04_c03,4,3,OC_CNT,0.2,20.0,0.3,60,spectral_boundary,728.1287370674137,703.9074558370529,299.99556841314643,972.7590987295137,0.3033750200796923,53,False,0.7092199109077589,1.1871388976956886e-08,5.626736070037401e-05,0.625,2912.514948269655,124.30347410033033,0.1300375704450405,0.0019237114065939753,False,False,False
fine,g04_c04,4,4,OC_CNT,0.2,30.0,0.3,60,spectral_boundary,749.2257125563874,741.082814457442,299.99556841314643,1072.8241032904375,0.3278557031925011,60,False,0.7087089718982695,1.5673437957579787e-08,0.00027599166777316354,0.5,2996.90285022555,116.46084981092497,0.18127927878021677,0.0011378415398182185,False,False,False
fine,g04_c05,4,5,OC_CNT,0.2,50.0,0.3,60,spectral_boundary,793.8487906317273,810.8098198800989,299.99556841314643,1270.6517261654508,0.36848813528402663,59,False,0.7798709463049892,2.790544694553049e-07,0.0012098906411633647,0.625,3175.3951625269087,175.66700816395215,0.2383297522115646,0.0004562528712395153,False,False,False
fine,g04_c06,4,6,OC_CNT,0.2,100.0,0.3,40,spectral_boundary,1453.6771863901874,837.8217387441567,299.99556841314643,1566.9023598603035,0.501936835072958,83,False,0.8055893426244999,4.449152428675411e-07,0.006045233230192151,0.25,5814.708745560751,447.12683145383664,0.2513857115733711,0.0033548118285017248,False,False,False
fine,g04_c07,4,7,OC_CNT,0.2,150.0,0.3,40,spectral_boundary,1310.6377767232252,949.5481044801396,299.99556841314643,1852.5037771973512,0.5357864972930981,94,False,0.8202222517494531,8.435725199257303e-07,0.012746060854891317,0.375,5242.551106892901,360.3866399129413,0.2982735104549038,0.0062061893862649375,False,False,False
fine,g04_c08,4,8,OC_CNT,0.3,5.0,0.3,600,completed,0.0020982196291593333,0.006703771676688888,0.0020982196291593333,0.01584917836769446,0.5767922962958,1,True,0.021020669024943973,5.67093748512429e-12,1.3843492336265853e-30,147.5,0.004895845801371779,3.116297094869145e-05,0.4784398126336259,0.00026602431511024704,True,False,False
fine,g04_c09,4,9,OC_CNT,0.3,10.0,0.3,600,completed,2.326776146426381,1.7297707324513574,1.443510882970071,2.326776146426381,0.1483679133815331,1,True,0.00856735009805676,2.4796991842820703e-12,1.3380863393296633e-30,144.125,5.429144341661557,0.035332206079027866,0.37166532700959753,0.0010676119644529303,True,False,False
fine,g04_c10,4,10,OC_CNT,0.3,15.0,0.3,600,completed,2148.2307658967056,1232.6383003765802,329.5482706963843,2198.8987432099834,0.5323186006597861,1,True,0.026694336895883006,2.392545110205117e-13,1.5049408017081235e-30,102.375,5012.53845375898,44.88692134327625,0.10560995503545906,0.005861652905001957,True,False,False
fine,g04_c11,4,11,OC_CNT,0.3,20.0,0.3,80,spectral_boundary,1145.5234043937112,892.5318871693235,299.9948788636333,1310.606152969233,0.38583100232650364,37,False,0.6143120831767428,7.695361634480248e-12,3.3560196203688605e-07,0.875,2672.887943585327,94.17345714105305,0.12149054287881889,0.002298685883774576,False,False,False
fine,g04_c12,4,12,OC_CNT,0.3,30.0,0.3,60,spectral_boundary,1500.780356878175,845.8684443105647,299.9948788636333,1502.1998688523026,0.455884898971108,32,False,0.5143637322656908,2.717797526788723e-11,3.705645658655017e-07,1.0,3501.8208327157427,149.38280152596798,0.14073946476018817,0.0006027316443607544,False,False,False
fine,g04_c13,4,13,OC_CNT,0.3,50.0,0.3,60,spectral_boundary,1696.0067297853736,1002.8346020748447,299.9948788636333,1866.1434747124772,0.5316639609128627,57,False,0.7203748991598017,2.8775930426403827e-08,0.00015354078185942372,0.625,3957.3490361658714,186.31192351842918,0.19165853239164088,0.0007524201277545606,False,False,False
fine,g04_c14,4,14,OC_CNT,0.3,100.0,0.3,60,spectral_boundary,1665.042429506297,1297.0497103262712,299.9948788636333,2743.9583716619945,0.5958383646805104,65,False,0.8268259726537163,1.616355308087161e-06,0.005368829601431158,0.625,3885.0990021813604,187.18986008085392,0.26488187274211095,0.004523111784839662,False,False,False
fine,g04_c15,4,15,OC_CNT,0.3,150.0,0.3,40,spectral_boundary,3128.309122355089,1104.965403062924,299.9948788636333,3128.309122355089,0.7316566981785485,22,False,0.2428732235907102,5.828560116377498e-12,3.817070153543892e-07,2.0,7299.387952161876,183.50807987676828,0.24094164509077054,0.006571071900447922,False,False,False
fine,g04_c16,4,16,OC_CNT,0.4,5.0,0.3,600,completed,0.008547475576046414,0.024406745532925603,0.008547475576046414,0.05430681858158601,0.5298189292607036,1,True,0.019281683553135046,8.913166796578971e-14,1.1972298702444644e-30,136.625,0.012821213364069623,8.807973996458401e-05,0.4826573211745749,0.0002442556003486862,True,False,False
fine,g04_c17,4,17,OC_CNT,0.4,10.0,0.3,600,completed,5.253746169361763,3.8592275756628744,3.163441655795429,5.253746169361763,0.15689334035929825,1,True,0.00876463186027656,7.619094104896293e-14,1.1869373269875222e-30,133.375,7.880619254042646,0.05544327801826468,0.3489678949863978,0.001035847401328227,True,False,False
fine,g04_c18,4,18,OC_CNT,0.4,15.0,0.3,600,completed,1098.4061860005502,390.97555580822774,97.82647616669756,1098.4061860005502,0.7068305254042713,1,True,0.028381973681378007,5.3485910356206386e-14,1.0989787470807205e-30,112.875,1647.6092790008252,13.42253432342071,0.13150175270898506,0.00017636195063908122,True,False,False
fine,g04_c19,4,19,OC_CNT,0.4,20.0,0.3,600,completed,354.3467600304265,2113.230934492135,354.3467600304265,3329.036976534975,0.4603388015759537,1,False,0.052104850644080075,5.749356272063432e-15,3.0314234727447397e-30,73.375,531.5201400456399,6.078658665806347,0.23500384519198902,0.008015782975789754,True,False,False
fine,g04_c20,4,20,OC_CNT,0.4,30.0,0.3,80,spectral_boundary,2068.3486147477665,1098.0907161858256,299.9940554383945,2072.75392595396,0.5435931426431392,28,False,0.4654516087290563,2.1218464797750874e-12,3.2114612376394776e-08,1.25,3102.5229221216505,84.9428516849218,0.13948572723879715,0.0010963418256955126,False,False,False
fine,g04_c21,4,21,OC_CNT,0.4,50.0,0.3,80,spectral_boundary,1903.2479689831544,1354.8324009461846,299.9940554383945,2650.8426668533875,0.5928089812922331,46,False,0.7247087029777656,4.809544941414954e-09,5.814857507202047e-05,1.0,2854.8719534747315,147.7793894758816,0.20656028704064566,0.0004613500417864902,False,False,False
fine,g04_c22,4,22,OC_CNT,0.4,100.0,0.3,60,spectral_boundary,2978.682763533755,1616.8267502512967,299.9940554383945,4084.033905423924,0.776361259145296,58,False,0.8301465196012183,7.136231553014016e-07,0.0031389047061006073,0.5,4468.024145300632,393.4059765016483,0.2305332660841225,0.004344920755527615,False,False,False
fine,g04_c23,4,23,OC_CNT,0.4,150.0,0.3,60,spectral_boundary,2561.804100038459,1930.311397496239,299.9940554383945,5156.3546242452685,0.7744261990716866,68,False,0.8186877419318763,4.7859136452793985e-06,0.012756715631169691,0.75,3842.7061500576892,196.09245316393063,0.2690085146131381,0.008245414965214248,False,False,False
fine,g04_c24,4,24,OC_CNT,0.5,5.0,0.3,600,completed,0.028265370642468104,0.07352735093610041,0.028265370642468104,0.1550567070495252,0.48931496519138207,1,True,0.017788152140922164,2.524360622008426e-16,9.496226972971286e-31,127.125,0.0282653706424681,0.00020846319811411066,0.4832724460467679,0.00021796668026852206,True,False,False
fine,g04_c25,4,25,OC_CNT,0.5,10.0,0.3,600,completed,10.632431577336398,7.778441442388319,6.312542989132784,10.632431577336398,0.16065202020555966,1,True,0.008763148977550692,3.799711155292432e-16,9.548857770885658e-31,123.875,10.632431577336398,0.08053265195919909,0.3232855620274715,0.0009929951670153425,True,False,False
fine,g04_c26,4,26,OC_CNT,0.5,15.0,0.3,600,completed,1131.0671460225183,437.9575431242249,125.11076644077072,1131.0671460225183,0.6439124329040544,1,True,0.024906194374851035,3.6673710233812776e-16,8.767899330331154e-31,107.75,1131.067146022518,9.688333821601004,0.15441819975076954,0.00014452062169401092,True,False,False
fine,g04_c27,4,27,OC_CNT,0.5,20.0,0.3,600,completed,738.3816676530562,2348.864737041806,738.3816676530562,3353.690183787023,0.33460689057679505,1,True,0.04488967291095639,1.446014717886821e-16,9.943036416085238e-31,73.375,738.3816676530562,8.490369543349994,0.18285290495712503,0.007766894435120686,True,False,False
fine,g04_c28,4,28,OC_CNT,0.5,30.0,0.3,600,completed,32.66894645958646,56.177736320806,32.30442030612866,139.0044697763443,0.5079868851027382,1,True,0.020273913882769126,1.7572950884123234e-16,1.0147225621529993e-30,79.875,32.66894645958645,0.38095421479793773,0.31493986225403103,0.004038266878363284,True,False,False
fine,g04_c29,4,29,OC_CNT,0.5,50.0,0.3,80,spectral_boundary,3498.02427858355,1548.9745520277593,299.9930727893867,3811.78854361556,0.7476782997742784,51,False,0.6919559675766913,4.767393428287396e-09,3.1804443427157625e-05,0.75,3498.02427858355,159.0895385260299,0.1590954834980708,0.0004273969537689215,False,False,False
fine,g04_c30,4,30,OC_CNT,0.5,100.0,0.3,60,spectral_boundary,5732.168922093979,1761.1206088762556,299.9930727893867,5799.988799672517,0.9284173564878414,62,False,0.6229423408392855,3.805671397300306e-09,0.0003269769443948568,0.625,5732.168922093979,278.5463098082791,0.17691622273825647,0.004523642553377782,False,False,False
fine,g04_c31,4,31,OC_CNT,0.5,150.0,0.3,60,spectral_boundary,3849.660934961458,2479.726033846779,299.9930727893867,8087.00927743852,0.9471462703271898,64,False,0.831381888018003,1.0363694757932803e-06,0.011373992981455028,0.5,3849.660934961458,270.15246302348254,0.24627034766514155,0.007480524080403783,False,False,False
fine,g04_c32,4,32,OC_CNT,0.6,5.0,0.3,600,completed,0.07120747280818399,0.17479091429385857,0.07120747280818399,0.3554899571836732,0.4628324728058353,1,True,0.016800534026276178,2.423339319264559e-21,7.866011615069734e-31,118.75,0.04747164853878932,0.000375091756135922,0.47666528131812735,0.0001847875290426071,True,False,False
fine,g04_c33,4,33,OC_CNT,0.6,10.0,0.3,600,completed,17.94977756502688,13.344237362111022,10.963536949502004,17.94977756502688,0.15172968214266208,1,True,0.00828453191788826,7.829392670954204e-21,7.571038616521713e-31,115.25,11.966518376684586,0.0973454199439902,0.3014224354352264,0.0009379829851433596,True,False,False
fine,g04_c34,4,34,OC_CNT,0.6,15.0,0.3,600,completed,1074.5655521920253,454.18037240695486,149.61661381270278,1074.5655521920253,0.5779772004805397,1,True,0.02175934027174288,2.1755812064225116e-20,7.539129231652632e-31,103.375,716.3770347946836,6.430024460955096,0.18178880438459777,4.515818728156873e-05,True,False,False
fine,g04_c35,4,35,OC_CNT,0.6,20.0,0.3,600,completed,1301.1122296076444,2390.8281704865435,1301.1122296076444,3172.2462783097144,0.24923475306058473,1,True,0.03461393357358565,4.7661665408549553e-20,7.898930924828747e-31,75.875,867.408153071763,9.889818054784326,0.16251978497184721,0.006980999123860188,True,False,False
fine,g04_c36,4,36,OC_CNT,0.6,30.0,0.3,600,completed,30.673375772918128,153.8609525308294,30.673375772918128,610.1763717541974,0.9576211034255607,1,True,0.035211765659692425,3.033175491560791e-18,8.12429196520323e-31,69.875,20.44891718194542,0.26954112085600596,0.2929106251029465,0.003645417210723201,True,False,False
fine,g04_c37,4,37,OC_CNT,0.6,50.0,0.3,100,spectral_boundary,3158.6902815314197,2081.6384445552567,299.99186622865653,5025.691154473861,0.7675901996528847,36,False,0.6444917952597887,1.3458241260807624e-09,1.2928132134319823e-05,0.875,2105.793521020946,89.29870921932292,0.18305462026847974,0.0009408727431485797,False,False,False
fine,g04_c38,4,38,OC_CNT,0.6,100.0,0.3,80,spectral_boundary,3619.403481615822,2681.6066273452147,299.99186622865653,8071.815264155282,0.8805017368459594,42,False,0.7604016995182205,2.836813310560138e-07,0.0015874485309662813,0.875,2412.9356544105476,134.3735709615353,0.22610062426898303,0.0037475940015369025,False,False,False
fine,g04_c39,4,39,OC_CNT,0.6,150.0,0.3,60,spectral_boundary,7925.739350815071,2918.30668879691,299.99186622865653,10967.019427979401,1.1067210056112202,81,False,0.7738681852708759,6.707312576696695e-07,0.009222209301738223,0.25,5283.8262338767145,439.8811869020026,0.1900017726885047,0.006958233638822975,False,False,False
fine,g04_c40,4,40,OC_CNT,0.7,5.0,0.3,600,completed,0.13186631007847222,0.3201388191459031,0.13186631007847222,0.6442813895616699,0.4561439243072702,1,True,0.016513413477821797,5.2625032536034e-24,6.282944374941132e-31,110.625,0.05651413289077381,0.00047890684642731504,0.4548008323220606,0.0001398796002476388,True,False,False
fine,g04_c41,4,41,OC_CNT,0.7,10.0,0.3,600,completed,23.930890385695932,18.631890604143916,16.019229052462507,23.930890385695932,0.12405308972708673,1,True,0.0071220157322155475,4.9196355443894855e-24,5.834945012688917e-31,107.25,10.256095879583974,0.08958240114723433,0.2805992499181875,0.0008716089911000591,True,False,False
fine,g04_c42,4,42,OC_CNT,0.7,15.0,0.3,600,completed,918.1460335775411,422.87998371798085,162.15348769976566,918.1460335775411,0.5109688386993758,1,True,0.01895431892517232,1.125801968237853e-24,5.815681309372286e-31,99.125,393.49115724751766,3.69839218756649,0.21502456014524424,0.00016503773508436126,True,False,False
fine,g04_c43,4,43,OC_CNT,0.7,20.0,0.3,600,completed,1902.3841264355356,2229.5832661593,1119.5318560978085,2857.8371410667137,0.23732004050638542,1,True,0.02224845947428345,7.048303930414428e-25,6.718238436588958e-31,79.375,815.3074827580867,9.159822881545772,0.1968625873423136,0.005712514006772529,True,False,False
fine,g04_c44,4,44,OC_CNT,0.7,30.0,0.3,600,completed,54.11975876985724,331.9888741696896,54.11975876985724,1318.7035623454678,0.9890877339045818,1,True,0.03699008977421649,8.845683831814154e-24,6.279353721874844e-31,65.125,23.194182329938826,0.32237664535438687,0.2558219006390805,0.00298276388646157,True,False,False
fine,g04_c45,4,45,OC_CNT,0.7,50.0,0.3,600,completed,678.0327255244737,2527.983316260532,678.0327255244737,4690.639229496128,0.5840482128189948,1,False,0.032631055669326905,4.18096428363488e-21,3.914003434072799e-27,45.5,290.58545379620307,5.628023103596918,0.1975632908119419,0.0018301822138693247,True,False,False
fine,g04_c46,4,46,OC_CNT,0.7,100.0,0.3,80,spectral_boundary,5716.225812092158,3255.22659426194,299.9903085357181,10886.445810715148,1.0240891759172401,58,False,0.7584250799486825,1.3711261900575354e-08,0.0005055173453404996,0.625,2449.811062325211,142.43900361563314,0.20540667434417303,0.002571923293958722,False,False,False
fine,g04_c47,4,47,OC_CNT,0.7,150.0,0.3,80,spectral_boundary,4301.691678159574,4141.9576466604685,299.9903085357181,15146.874445190404,1.0119412719668177,38,False,0.8066985145368155,1.234311742253008e-07,0.003951984103153307,0.625,1843.5821477826748,107.67222788804658,0.21850463415517996,0.0063392823035742785,False,False,False
fine,g04_c48,4,48,OC_CNT,0.8,5.0,0.3,600,completed,0.16905322616695861,0.43479547675458075,0.16905322616695861,0.8990068261849533,0.47824794991715014,1,True,0.017243877406540025,3.4688261934331826e-24,4.804876164590855e-31,102.5,0.04226330654173964,0.00038627586457646906,0.3970547072334606,7.024457416338059e-05,True,False,False
fine,g04_c49,4,49,OC_CNT,0.8,10.0,0.3,600,completed,23.14710801698043,19.83719882158903,18.604236151417478,23.14710801698043,0.06763820743763224,1,True,0.0048884499315936195,5.346506065971769e-24,4.6360130976229025e-31,99.5,5.786777004245106,0.05449589235565624,0.23473704587839023,0.0007859663267982819,True,False,False
fine,g04_c50,4,50,OC_CNT,0.8,15.0,0.3,600,completed,653.415594028834,329.0409132046633,150.17199817855396,653.415594028834,0.43750817912176726,1,True,0.01646842546970019,2.244139702492002e-24,4.580768041964622e-31,94.375,163.35389850720847,1.618208515146962,0.24980971538876223,0.0004938825245976997,True,False,False
fine,g04_c51,4,51,OC_CNT,0.8,20.0,0.3,600,completed,2281.9772446687257,1829.9930365685732,823.169421779925,2461.26259208458,0.30332096962232175,1,True,0.016448577073371624,1.2986523826312056e-24,4.722439072560737e-31,82.75,570.4943111671812,6.321900493472625,0.24317373770239908,0.003923347170135427,True,False,False
fine,g04_c52,4,52,OC_CNT,0.8,30.0,0.3,600,completed,129.5170626598747,801.2779978269429,129.5170626598747,2672.656075748507,0.8893213883310309,1,True,0.03499704141779932,2.3603426823275215e-24,4.829487640926411e-31,63.125,32.37926566496867,0.44869336562379075,0.20227089459270986,0.0013262297503313647,True,False,False
fine,g04_c53,4,53,OC_CNT,0.8,50.0,0.3,600,completed,7473.519566710234,2053.3238278703952,309.8863650957239,7473.519566710234,0.9833292533043585,1,True,0.04260758505621746,8.072147702845647e-24,4.660613972918092e-31,58.625,1868.3798916775581,29.257525539454193,0.2097134962468259,3.8409069693323694e-05,True,False,False
fine,g04_c54,4,54,OC_CNT,0.8,100.0,0.3,600,completed,6432.282564154064,5476.491704990496,4269.084495636142,6468.732998653532,0.13330541715860078,6,False,0.3564704831233129,5.324264211643132e-16,1.7003351152457224e-11,34.25,1608.070641038516,16.68747631303235,0.12962773537310784,0.003929326917847087,True,False,False
fine,g04_c55,4,55,OC_CNT,0.8,150.0,0.3,80,spectral_boundary,5030.686319301192,5352.445034401944,299.98811163557195,19197.58411996675,1.1201427969760778,40,False,0.7501625340617373,9.903369127056247e-08,0.0016151759752148006,0.75,1257.6715798252976,87.80340514014695,0.20805042211921776,0.003298846094929586,False,False,False
fine,g04_c56,4,56,OC_CNT,0.9,5.0,0.3,600,completed,0.10108391074983389,0.32974929043522766,0.10108391074983389,0.7645224048464767,0.5700593274465436,1,True,0.020702311541233566,3.9054311147313185e-24,3.345054997429844e-31,92.625,0.011231545638870428,0.0001122593191364356,0.2487087703480897,8.550069908874747e-05,True,False,False
fine,g04_c57,4,57,OC_CNT,0.9,10.0,0.3,600,completed,10.009500377461997,11.149337625796795,10.009500377461997,13.342451865885693,0.08770059099523046,1,True,0.00396759826956286,3.4044195296808096e-24,3.2161991288259725e-31,90.875,1.112166708606888,0.011445594444057603,0.11430737295693494,0.0005935323907676482,True,False,False
fine,g04_c58,4,58,OC_CNT,0.9,15.0,0.3,600,completed,233.98260084572246,141.6027220479251,88.81671217298361,233.98260084572246,0.29323144836499715,1,True,0.012798525939932899,1.670727899137237e-24,3.4733225145767633e-31,87.875,25.998066760635822,0.2767495890826486,0.19100558587005567,0.0008777379444218081,True,False,False
fine,g04_c59,4,59,OC_CNT,0.9,20.0,0.3,600,completed,1617.2795829847623,895.4893667560631,382.9534422648044,1617.2795829847623,0.4171649980311214,1,True,0.015823167696878738,1.802786469220357e-24,3.325228891123552e-31,83.75,179.69773144275132,2.0028882067080773,0.29438139876075553,0.0008827499161179198,True,False,False
fine,g04_c60,4,60,OC_CNT,0.9,30.0,0.3,600,completed,585.6197901452597,1986.1694974901918,585.6197901452597,3279.8978419634213,0.47452362322462854,1,True,0.02521337817365477,2.5769562841949264e-24,3.254479577752833e-31,68.75,65.06886557169551,0.8267046180659986,0.15291579047468318,0.0029063434868464855,True,False,False
fine,g04_c61,4,61,OC_CNT,0.9,50.0,0.3,600,completed,950.4115923361452,405.88283551224225,264.58660975975977,950.4115923361452,0.4480445702025969,1,True,0.03148026353563512,1.0794615956347469e-23,3.2294089234846657e-31,58.125,105.60128803734943,1.6904669255708622,0.11241141944572564,0.005023561729635251,True,False,False
fine,g04_c62,4,62,OC_CNT,0.9,100.0,0.3,600,completed,4362.193319858981,4839.854605888144,2582.735778858927,6318.660108544968,0.24445995771473547,2,False,0.017507918444040815,1.2460424609671423e-20,3.495749072822807e-31,29.375,484.6881466509978,11.442095141799825,0.12833951009368005,0.002365215589428926,True,False,False
fine,g04_c63,4,63,OC_CNT,0.9,150.0,0.3,220,spectral_boundary,5369.190553629106,5056.912079443637,1254.344668946078,11428.5460639812,0.5870729182820542,15,False,0.6219796172958449,1.9607640488401573e-11,1.139370182333208e-06,1.0,596.5767281810118,48.06586043500339,0.16559117476888274,0.003872612290103161,False,False,False
fine,g05_c00,5,0,CNT_OC,0.2,5.0,-0.1,20,spectral_boundary,448.32759947048635,387.01212041529595,262.42780440207497,495.94866696230724,0.19794854216355925,20,False,0.5428844178572295,5.306932524551545e-07,0.0071673575958660415,0.375,2629.291026465228,531.6348078849297,0.11398137605379854,0.0006717761110243137,False,True,False
fine,g05_c01,5,1,CNT_OC,0.2,10.0,-0.1,20,spectral_boundary,449.2894055417522,388.5372730058473,262.42780440207497,500.31586363037536,0.20050793172149833,19,False,0.5654291655650938,8.574560244620257e-07,0.0072799921110612035,0.5,2634.905913769642,527.4168854970226,0.11319547139813596,0.0005180389361028048,False,False,False
fine,g05_c02,5,2,CNT_OC,0.2,15.0,-0.1,20,spectral_boundary,450.5597256335317,390.0689263595269,262.42780440207497,504.7071503393821,0.20305342865170448,15,False,0.6562332161231443,1.8426562210808405e-07,0.007846707982125178,0.5,2641.9807660184174,579.0904878059977,0.14589417069337574,0.0003643299806858069,False,False,False
fine,g05_c03,5,3,CNT_OC,0.2,20.0,-0.1,20,spectral_boundary,450.5717003073256,391.53854661889795,262.42780440207497,509.1218774242125,0.2055006294131975,20,False,0.6226796717547456,2.6061700996182414e-07,0.008696298484393636,0.5,2642.569263627871,462.7737985038084,0.1880600152220051,0.00021044904049394297,False,False,False
fine,g05_c04,5,4,CNT_OC,0.2,30.0,-0.1,20,spectral_boundary,457.1687446363951,394.90055958946766,262.42780440207497,518.0185199879559,0.21102103630566255,17,False,0.5918872430790045,3.4166394538493907e-07,0.01042482064013997,0.25,2680.8235530404054,619.251181288365,0.24179170929838323,9.59862625280472e-05,False,False,False
fine,g05_c05,5,5,CNT_OC,0.2,50.0,-0.1,20,spectral_boundary,486.7793971609218,403.29882811957776,262.42780440207497,536.0501158336087,0.2251530062379564,18,False,0.5678769398020762,1.7406362196294294e-07,0.005304082792282444,0.375,2852.525164527147,507.82379487986776,0.295680084606034,0.0007042584258655227,False,False,False
fine,g05_c06,5,6,CNT_OC,0.2,100.0,-0.1,20,spectral_boundary,528.1588673091712,421.84552085069663,262.42780440207497,581.5717600376822,0.25404812774688607,14,False,0.672030892412662,3.1215819255232193e-06,0.013319581389656986,0.25,3092.5321084868615,907.938058168834,0.35033060892995105,0.0022317259653890087,False,False,False
fine,g05_c07,5,7,CNT_OC,0.2,150.0,-0.1,20,spectral_boundary,567.2821853950247,440.30275619544426,262.42780440207497,621.2962968644096,0.2799369412641443,20,False,0.6866874462177068,1.664122391583889e-06,0.011176845951968132,0.25,3319.2667951791454,772.61425273791,0.3684655738811238,0.0037587797919445,False,False,False
fine,g05_c08,5,8,CNT_OC,0.3,5.0,-0.1,40,spectral_boundary,259.6569491949829,381.2161715157075,259.6569491949829,553.8115195298608,0.23656674284171314,16,False,0.6826032617220137,8.97277197840018e-07,0.005388077223259566,0.625,1028.3021453522329,178.95880534139957,0.14102331363167997,0.0009585082681854429,False,False,False
fine,g05_c09,5,9,CNT_OC,0.3,10.0,-0.1,40,spectral_boundary,273.28496507859063,385.7636745704969,261.02749624588455,561.5444267560384,0.2349645176215126,16,False,0.7159135348397876,1.225001810524184e-06,0.005708183628155197,0.625,1081.604979596465,199.45139259251062,0.19222109150911892,0.0006506191311324017,False,False,False
fine,g05_c10,5,10,CNT_OC,0.3,15.0,-0.1,40,spectral_boundary,287.939077984698,391.6475080640355,261.02749624588455,569.3544687566955,0.2303262876920903,11,False,0.7114788399728146,1.578912329898739e-06,0.005871325959076315,0.625,1137.8542805602056,311.0133387907878,0.24171826437010846,0.00034648437402817756,False,False,False
fine,g05_c11,5,11,CNT_OC,0.3,20.0,-0.1,40,spectral_boundary,295.52150421899836,395.76833931014846,261.02749624588455,577.2405113854668,0.23100020445007635,15,False,0.6886166264319112,1.8949357901262971e-06,0.006415219934681427,0.625,1168.3305356773726,230.1495973576921,0.27411711013027973,3.718605662450525e-05,False,False,False
fine,g05_c12,5,12,CNT_OC,0.3,30.0,-0.1,40,spectral_boundary,304.17118163801945,402.5410082146103,261.02749624588455,593.2351629043633,0.23529870286382526,17,False,0.659510089130295,1.9956619422882216e-06,0.007934163318553891,0.5,1202.7927748697082,204.51867647979958,0.31289576296898025,0.0005856812108141485,False,False,False
fine,g05_c13,5,13,CNT_OC,0.3,50.0,-0.1,40,spectral_boundary,355.11056714518406,425.1602156045503,261.02749624588455,626.0645207775749,0.2331141401558853,23,False,0.6651351962798068,5.718494499183072e-07,0.008453533394139654,0.5,1402.0123059161992,194.79469117902372,0.3405798073026505,0.0018047027510134095,False,False,False
fine,g05_c14,5,14,CNT_OC,0.3,100.0,-0.1,40,spectral_boundary,525.3556762167298,504.3382621513116,261.02749624588455,711.7954304523507,0.2526262381160773,17,False,0.70121629726548,4.928158755207018e-07,0.007175820650501151,0.5,2063.6852258128533,382.1835089659049,0.35207746968488995,0.004787257668102729,False,False,False
fine,g05_c15,5,15,CNT_OC,0.3,150.0,-0.1,40,spectral_boundary,721.4238445513358,563.1218074348956,261.02749624588455,794.2478731850822,0.28784825557131777,17,False,0.8066656668723546,2.7184248194068376e-06,0.01024315655676314,0.375,2823.5592161712575,672.1631698480437,0.346684977267919,0.007822521027594176,False,False,False
fine,g05_c16,5,16,CNT_OC,0.4,5.0,-0.1,40,spectral_boundary,371.4714439055676,432.2101643888218,260.0780374880379,608.7793583910454,0.23004670438563504,17,False,0.6118281641885914,7.947902548724566e-08,0.0006878979241210539,0.5,1101.7097078023721,190.92334425001147,0.15994897746100084,0.0009050490230687602,False,False,False
fine,g05_c17,5,17,CNT_OC,0.4,10.0,-0.1,40,spectral_boundary,384.328426667278,438.7053610695292,260.0780374880379,620.995910547435,0.23362261372317278,13,False,0.6477833942513923,9.337873073763848e-08,0.0007748683812933492,0.5,1139.2764722395432,250.12553537828853,0.18304692545538392,0.0005996236004982558,False,False,False
fine,g05_c18,5,18,CNT_OC,0.4,15.0,-0.1,40,spectral_boundary,400.102177026516,444.6494100271053,260.0780374880379,633.3825299374445,0.23740153306957085,16,False,0.6797984190518147,1.3300790999649277e-07,0.0010873194731966602,0.5,1185.2246270148944,219.30472649141169,0.233124375915577,0.0002930491000111557,False,False,False
fine,g05_c19,5,19,CNT_OC,0.4,20.0,-0.1,40,spectral_boundary,409.21167470864486,449.3451577760852,260.0780374880379,645.93399717035,0.2421916255707409,14,False,0.7129108398278058,2.1137894894408109e-07,0.0013793460752650286,0.625,1212.2180628007086,205.60903466510226,0.2645958133232793,1.6520437116862574e-05,False,False,False
fine,g05_c20,5,20,CNT_OC,0.4,30.0,-0.1,40,spectral_boundary,425.839569790642,458.62857272551446,260.0780374880379,671.5047573215973,0.2518777159278023,23,False,0.702259217861273,4.152748462213687e-07,0.0023438450385835407,1.125,1261.900168233697,130.67228460591647,0.3004758496732659,0.0006358904969285817,False,False,False
fine,g05_c21,5,21,CNT_OC,0.4,50.0,-0.1,40,spectral_boundary,491.9559048468918,484.672571994338,260.0780374880379,724.2450988652736,0.269676647774385,15,False,0.5745683358068577,4.797247264355331e-07,0.003369903572414291,0.625,1455.2453069264552,217.86162107205698,0.3273104856867518,0.0018564475756290832,False,False,False
fine,g05_c22,5,22,CNT_OC,0.4,100.0,-0.1,40,spectral_boundary,691.6772872266625,570.9158624498797,260.0780374880379,857.3464043365566,0.3271334989621838,24,False,0.6655010615620627,1.837873754017284e-07,0.0036298821941474014,1.0,2038.5878391641781,195.9497452283184,0.3396886701418935,0.0048577142416361685,False,False,False
fine,g05_c23,5,23,CNT_OC,0.4,150.0,-0.1,40,spectral_boundary,984.0206071464629,671.6988412085736,260.0780374880379,1005.2300859118457,0.39143069913604395,19,False,0.6691866345350995,3.055631842622401e-07,0.005080602563273166,0.5,2888.1472684011915,413.16182675072685,0.33306860902193247,0.007821163624230021,False,False,False
fine,g05_c24,5,24,CNT_OC,0.5,5.0,-0.1,40,spectral_boundary,484.6249542606405,468.17404282838834,259.3891410478112,671.1487534963728,0.27158560579174307,9,False,0.7119185138426105,1.0196053270398739e-08,0.00015065580683245463,0.5,1148.1127491282373,294.23037742346287,0.18290499166089597,0.0008637510814550886,False,False,False
fine,g05_c25,5,25,CNT_OC,0.5,10.0,-0.1,40,spectral_boundary,508.27728327135276,475.93857911523963,259.3891410478112,688.5255752987935,0.27922454612575237,11,False,0.6377373002830424,1.4642126538235594e-08,0.00018719322820478712,0.5,1203.5794217056919,271.87196308894335,0.17924534453318525,0.0005598234356963827,False,False,False
fine,g05_c26,5,26,CNT_OC,0.5,15.0,-0.1,40,spectral_boundary,527.403053785035,483.1178037658407,259.3891410478112,705.7233774182846,0.2864723963907726,13,False,0.5476339313313074,2.3831999896942555e-08,0.00025031371936131645,0.75,1248.448217592741,293.80086026910317,0.22191129668920295,0.0002546854846283697,False,False,False
fine,g05_c27,5,27,CNT_OC,0.5,20.0,-0.1,40,spectral_boundary,531.3720241098706,489.3041187096586,259.3891410478112,723.364762378717,0.293453051885863,9,False,0.5688865625911401,3.396741261936979e-08,0.0002871108898719027,0.5,1257.928268603762,371.90537930070803,0.2533561760359355,5.2716342711089936e-05,False,False,False
fine,g05_c28,5,28,CNT_OC,0.5,30.0,-0.1,40,spectral_boundary,563.20179563693,505.05071980084847,259.3891410478112,762.2579782347293,0.3088365697676658,10,False,0.5197681015815744,1.2735020285578952e-07,0.0003672639599196258,0.5,1332.6575489907189,362.9055913528786,0.28575243910052417,0.0006602788026706108,False,False,False
fine,g05_c29,5,29,CNT_OC,0.5,50.0,-0.1,40,spectral_boundary,662.9511713037793,543.9033329217976,259.3891410478112,842.4841985776732,0.3431734982546246,13,False,0.6268325300123273,5.2648986766717627e-08,0.0003730560417012797,0.5,1565.8831713679015,336.7489633679122,0.30960860605864915,0.0018598660317152849,False,False,False
fine,g05_c30,5,30,CNT_OC,0.5,100.0,-0.1,40,spectral_boundary,921.9457378303091,640.2845852847778,259.3891410478112,1046.99072698708,0.41468105306925385,16,False,0.6154091731515642,2.456465767390052e-07,0.0012845264488291362,0.625,2170.509603719093,287.1256899548965,0.32150030739851576,0.004858376913073559,False,False,False
fine,g05_c31,5,31,CNT_OC,0.5,150.0,-0.1,40,spectral_boundary,1278.3018703290193,765.7143083493078,259.3891410478112,1278.3018703290193,0.49046652450263073,16,False,0.578872598418775,3.262196127992862e-07,0.001881110161992125,0.625,2999.617850150629,391.61972425094797,0.31584764153633815,0.007795240627543998,False,False,False
fine,g05_c32,5,32,CNT_OC,0.6,5.0,-0.1,40,spectral_boundary,641.3996318494649,490.1660949112373,258.8653912512822,744.6075723741681,0.32426050899793596,4,False,0.5370647830304562,6.615939865764193e-09,6.785849061826142e-05,0.5,1263.710877080173,420.9329947335024,0.2100518019294481,0.0008266062014722353,False,False,False
fine,g05_c33,5,33,CNT_OC,0.6,10.0,-0.1,40,spectral_boundary,667.8205687375413,500.52714076756604,258.8653912512822,771.727177683724,0.33695623451533513,7,False,0.6591203873609689,6.053768499661583e-09,6.472433466088184e-05,0.375,1315.6243586990558,307.90916197015116,0.20606106494639126,0.0005270551354177311,False,False,False
fine,g05_c34,5,34,CNT_OC,0.6,15.0,-0.1,40,spectral_boundary,719.4254726731454,512.030457841258,258.8653912512822,799.1436862474234,0.3509178147323155,6,False,0.7796266089922678,5.6378114841850355e-09,5.016338152467392e-05,0.5,1415.5858806778065,338.37694531962296,0.20221752385181152,0.00022989062781486602,False,False,False
fine,g05_c35,5,35,CNT_OC,0.6,20.0,-0.1,40,spectral_boundary,741.4095834440263,522.2348610570012,258.8653912512822,826.6522837073603,0.3623209360835136,6,False,0.7562446124807037,3.2370217221757686e-09,3.9262537198114766e-05,0.5,1458.5316294211034,350.6012234232082,0.23022342258469608,6.993875481564604e-05,False,False,False
fine,g05_c36,5,36,CNT_OC,0.6,30.0,-0.1,40,spectral_boundary,770.7065175654777,541.3217389443255,258.8653912512822,880.7660896607067,0.38156400703797777,7,False,0.531007191324265,7.696660567044736e-09,9.748829428247465e-05,0.5,1516.0519777620834,390.20793418282295,0.2627673917499743,0.0006720547711837055,False,False,False
fine,g05_c37,5,37,CNT_OC,0.6,50.0,-0.1,40,spectral_boundary,884.2256697612818,586.4699879337625,258.8653912512822,996.2946382616933,0.42503215106416786,10,False,0.7271336490597763,3.2428857809933225e-08,0.00021603856692759688,0.5,1737.3117750583476,321.83704689691257,0.28673329032610495,0.001862775049779053,False,False,False
fine,g05_c38,5,38,CNT_OC,0.6,100.0,-0.1,40,spectral_boundary,1226.6135755020568,712.7945659900261,258.8653912512822,1312.6291165755447,0.5183607492274896,9,False,0.5706053426920356,4.492849809568007e-08,0.00035663058513062194,0.5,2401.7953623650283,566.1440395424023,0.29788097517268497,0.004812732271653353,False,False,False
fine,g05_c39,5,39,CNT_OC,0.6,150.0,-0.1,40,spectral_boundary,1629.5738228471469,858.2370365493728,258.8653912512822,1657.1694134248228,0.5920279426274214,13,False,0.5884111840968114,2.698085446137083e-07,0.0011764404577142402,0.375,3183.4775196469436,458.6639313673125,0.2939099470558487,0.00772471127643648,False,False,False
fine,g05_c40,5,40,CNT_OC,0.7,5.0,-0.1,60,spectral_boundary,558.0052339774257,559.5075591054855,258.45310616946057,845.7414357306128,0.32221322404305214,5,False,0.5786917798616128,1.0507884073492326e-10,1.3809332859145748e-05,0.75,944.4774370430432,362.9334589615677,0.24842103188146947,0.0013370226235627225,False,False,False
fine,g05_c41,5,41,CNT_OC,0.7,10.0,-0.1,60,spectral_boundary,603.9936432210563,579.5374974204939,258.45310616946057,885.3502327297485,0.33478704186084834,5,False,0.522845040580457,3.608517865029162e-10,1.2853012737190656e-05,0.75,1021.5591763785477,355.75784724187906,0.240715787784808,0.0009097325736272532,False,False,False
fine,g05_c42,5,42,CNT_OC,0.7,15.0,-0.1,60,spectral_boundary,648.9679648173151,596.6220521303399,258.45310616946057,926.8520495384585,0.3452357852855271,10,False,0.5364294315184358,2.8139879338655287e-10,1.3948100703135652e-05,0.625,1098.2512272998883,196.8744657238181,0.23412307124101062,0.0004753875212216707,False,False,False
fine,g05_c43,5,43,CNT_OC,0.7,20.0,-0.1,60,spectral_boundary,681.4309864261688,621.9333513309326,258.45310616946057,968.3802212088135,0.3617046705003822,5,False,0.6011258602238851,4.0903751577749723e-11,9.446776783269913e-06,0.75,1152.1791877103155,357.02324698184,0.22821719067061452,6.107992523407546e-05,False,False,False
fine,g05_c44,5,44,CNT_OC,0.7,30.0,-0.1,60,spectral_boundary,812.477135956547,666.8686581015878,258.45310616946057,1048.2049855348139,0.38599020114086136,7,False,0.5196409583953904,6.568431660357267e-10,1.2675270848337026e-05,0.625,1371.7467240598678,382.8578902086697,0.24468283656400203,0.0007805052381251176,False,False,False
fine,g05_c45,5,45,CNT_OC,0.7,50.0,-0.1,40,spectral_boundary,1182.4851536778585,609.4340568062624,258.45310616946057,1222.6126255970185,0.5000343704987784,8,False,0.28173763581408734,1.760729341244267e-10,4.4511232826272525e-06,1.5,1986.186787377338,215.71561273171034,0.25639074872724243,0.0018641907872505303,False,False,False
fine,g05_c46,5,46,CNT_OC,0.7,100.0,-0.1,40,spectral_boundary,1575.4791226228233,765.9106158767657,258.45310616946057,1697.7895407460328,0.6196485563084358,5,False,0.5397587854700625,1.444604719575718e-09,0.00014241639106557267,0.5,2639.4920290719747,740.2265867253526,0.2679918441699374,0.004754790708051182,False,False,False
fine,g05_c47,5,47,CNT_OC,0.7,150.0,-0.1,40,spectral_boundary,2072.5173975995845,950.4161402232967,258.45310616946057,2194.004223460359,0.7067269805760084,11,False,0.48915041527658687,6.925405770723667e-08,0.00039754034791243437,0.375,3465.3116972168295,430.58536109107496,0.2646622636657634,0.007594273006330421,False,False,False
fine,g05_c48,5,48,CNT_OC,0.8,5.0,-0.1,60,spectral_boundary,779.0709642994196,617.3241116109651,258.1194772985899,999.6110372923524,0.39411955057774173,6,False,0.4708119757979811,9.452643328884776e-13,1.298821658387888e-06,0.875,1152.005542117996,246.2675844203695,0.2949673739700653,0.0014267604184792226,False,False,False
fine,g05_c49,5,49,CNT_OC,0.8,10.0,-0.1,60,spectral_boundary,843.6621397738658,644.3636905261325,258.1194772985899,1059.3269800139383,0.4143726485464724,6,False,0.5276656235168268,1.3343545232808782e-11,3.253763408432028e-06,0.875,1246.587288583698,292.8565276300523,0.28462330940678193,0.0010225242753938435,False,False,False
fine,g05_c50,5,50,CNT_OC,0.8,15.0,-0.1,60,spectral_boundary,908.5543052567276,671.3770364119932,258.1194772985899,1117.4970249296427,0.43289540906438434,6,False,0.49371559584520786,1.2124613579974697e-11,2.0787626986632496e-06,0.75,1341.623942508263,332.07553912024974,0.27586937853678606,0.0006183722905329647,False,False,False
fine,g05_c51,5,51,CNT_OC,0.8,20.0,-0.1,60,spectral_boundary,978.0663764083947,700.0069481487833,258.1194772985899,1182.981303411424,0.45142256327692787,6,False,0.538620947326229,4.1412547600502725e-11,3.857784303040733e-06,0.625,1443.1960481250949,407.43421747445126,0.268470585681377,0.0002181020162074221,False,False,False
fine,g05_c52,5,52,CNT_OC,0.8,30.0,-0.1,60,spectral_boundary,1146.115500103458,759.575985750832,258.1194772985899,1305.0334710014708,0.48543833326655844,8,False,0.5005913749169164,3.405321133518932e-11,7.713819318233996e-06,1.0,1688.700795700598,248.2777254526956,0.25718054448646804,0.0005765328332362207,False,False,False
fine,g05_c53,5,53,CNT_OC,0.8,50.0,-0.1,60,spectral_boundary,1496.1157231779214,893.949634068175,258.1194772985899,1579.5752531178487,0.548176335059727,9,False,0.575923716145219,2.6098328246231097e-10,3.0178006354660956e-05,0.875,2198.8977696736465,331.9765828304663,0.24208065086187613,0.0021290670631979314,False,False,False
fine,g05_c54,5,54,CNT_OC,0.8,100.0,-0.1,60,spectral_boundary,2688.528249524038,1308.0779611999335,258.1194772985899,2688.528249524038,0.6670997455767776,12,False,0.4908775433163384,3.6801083032684784e-09,3.734338088978538e-05,0.625,3930.110190711893,571.4506750894994,0.22795368721308984,0.005819158358512211,False,False,False
fine,g05_c55,5,55,CNT_OC,0.8,150.0,-0.1,40,spectral_boundary,3112.497907105683,1024.1218032359473,258.1194772985899,3112.497907105683,0.838298772378433,8,False,0.3000222627495967,2.3604527332088433e-10,5.511047416531655e-06,1.625,4536.19929425669,467.69242365602855,0.21830104414925355,0.007351286893696685,False,False,False
fine,g05_c56,5,56,CNT_OC,0.9,5.0,-0.1,60,spectral_boundary,1142.1931812349117,667.0166310105724,257.8427248645186,1264.9631698125477,0.49166358491880474,2,False,0.3341910432365144,4.801108669431694e-12,3.949791595546128e-06,0.625,1495.40061897824,439.0552391192253,0.370960029610583,0.0015556401528816766,False,False,False
fine,g05_c57,5,57,CNT_OC,0.9,10.0,-0.1,60,spectral_boundary,1233.1671798820826,699.3813688024858,257.8427248645186,1358.1677155122807,0.5174946440042859,4,False,0.46152993626849226,9.21635403509245e-12,1.5298829558347608e-06,1.5,1613.3503716229666,268.0718623876107,0.3517378867603399,0.0012006201513833359,False,False,False
fine,g05_c58,5,58,CNT_OC,0.9,15.0,-0.1,60,spectral_boundary,1327.9774976639442,733.1438440005295,257.8427248645186,1457.8834595162084,0.5420936561396273,4,False,0.4346919123289942,5.4876771377229055e-11,1.4308292875786334e-05,0.75,1736.060407961816,323.8020376577967,0.33598955120324436,0.0008489789681153104,False,False,False
fine,g05_c59,5,59,CNT_OC,0.9,20.0,-0.1,60,spectral_boundary,1423.4418206435216,768.3807328921677,257.8427248645186,1556.575945015708,0.5655493385084897,4,False,0.3959923085367342,1.3700030284809923e-11,8.226823715239781e-06,0.75,1859.624076250097,358.12290026029973,0.3227711976183036,0.0005008741685627038,False,False,False
fine,g05_c60,5,60,CNT_OC,0.9,30.0,-0.1,60,spectral_boundary,1598.0543615914983,841.9795032064862,257.8427248645186,1764.0598095214964,0.6076155219529457,4,False,0.4335092584467563,1.1568736084845995e-10,3.2036962828004326e-05,1.25,2085.985040220844,370.90316902182167,0.3011289298573764,0.00018761112362508658,False,False,False
fine,g05_c61,5,61,CNT_OC,0.9,50.0,-0.1,60,spectral_boundary,2030.4302537389171,1007.6559351249028,257.8427248645186,2199.5993565978565,0.6800466666297186,5,False,0.4353823763592324,2.868643582661955e-10,3.677844978896567e-05,0.625,2644.2618779415943,478.24608078284274,0.27448869786593344,0.0015203201993495563,False,False,False
fine,g05_c62,5,62,CNT_OC,0.9,100.0,-0.1,60,spectral_boundary,3566.4034050383634,1533.5288390204287,257.8427248645186,3566.4034050383634,0.8049516616809823,7,False,0.5104190522685903,1.4848191480213634e-10,2.2061627927158886e-05,0.5,4623.2901372741335,987.5894585032869,0.25331336843481256,0.004585833499018976,False,False,False
fine,g05_c63,5,63,CNT_OC,0.9,150.0,-0.1,60,spectral_boundary,5133.3242603981,2179.990058066048,257.8427248645186,5133.3242603981,0.8625664627009529,15,False,0.6025020918417106,4.877231225031755e-10,0.0002005205196110663,0.625,6638.945132620589,804.0655740137241,0.24136176878079885,0.007359062136695571,False,False,False
fine,g06_c00,6,0,CNT_OC,0.2,5.0,0.0,40,spectral_boundary,175.43410123227235,386.5997338151662,175.43410123227235,555.5141963041978,0.30128164097238525,19,False,0.5090511070887587,4.4087759815655825e-07,0.001760843567128792,0.375,1046.2720852533157,88.08729148692103,0.12361602856150689,0.00132716918970055,False,False,False
fine,g06_c01,6,1,CNT_OC,0.2,10.0,0.0,40,spectral_boundary,188.62071264342825,394.14795404509107,188.62071264342825,563.4955259841727,0.2893210450084915,20,False,0.5500356637784858,1.2272542421688297e-06,0.00401098696128949,0.625,1123.594631017204,94.22301208602134,0.19241806212498602,0.001035057191686506,False,False,False
fine,g06_c02,6,2,CNT_OC,0.2,15.0,0.0,40,spectral_boundary,192.91910942377453,396.751126744671,192.91910942377453,571.564379134607,0.2932765725799963,23,False,0.5730201621966081,4.5982421685412356e-07,0.003307725341402433,0.5,1149.1277139627368,117.9511373336423,0.24626111732406308,0.0007236780615063054,False,False,False
fine,g06_c03,6,3,CNT_OC,0.2,20.0,0.0,40,spectral_boundary,224.84352468355377,406.9259200852068,224.84352468355377,579.7236306981586,0.2783024767677071,14,False,0.549877349958711,2.961779940747145e-07,0.004711798447374979,1.25,1334.4215499345191,200.40195051575043,0.265650148693816,0.0004425477976219838,False,False,False
fine,g06_c04,6,4,CNT_OC,0.2,30.0,0.0,40,spectral_boundary,217.2154704121183,417.6218122276162,217.2154704121183,597.2365368428204,0.2863304349395291,18,False,0.660277505568881,7.18825385960521e-07,0.008213769611535223,1.0,1291.7214354225982,112.3424964497993,0.31517315095616005,0.00016114648451992508,False,False,False
fine,g06_c05,6,5,CNT_OC,0.2,50.0,0.0,40,spectral_boundary,249.7030778364866,426.83288304422865,249.7030778364866,633.3350959705414,0.28923136102353186,25,False,0.6082335265895468,3.962696659632013e-07,0.003112882544121588,0.75,1482.4405719492745,116.80697116214175,0.346466082349553,0.0014092370539154908,False,False,False
fine,g06_c06,6,6,CNT_OC,0.2,100.0,0.0,40,spectral_boundary,327.85123266588096,467.5829558657624,262.42780440207497,722.044156971604,0.2919143886751755,21,False,0.6463758793172328,9.459561945628399e-07,0.007046000540835852,0.625,1939.709160602351,234.13194680832058,0.36612261506721444,0.004463004884554533,False,False,False
fine,g06_c07,6,7,CNT_OC,0.2,150.0,0.0,40,spectral_boundary,469.2151686334932,527.8343497037704,262.42780440207497,810.4349128316418,0.29739792304601353,35,False,0.6752397600219292,9.680533135143991e-07,0.012571016138248833,0.625,2764.517620379964,187.95329186945668,0.35863076328535637,0.007438196506547312,False,False,False
fine,g06_c08,6,8,CNT_OC,0.3,5.0,0.0,40,spectral_boundary,380.14599250564726,477.9770013863539,261.02749624588455,648.8499993234012,0.2619730025827905,14,False,0.5139049636503495,4.6714013369092355e-08,0.000526912798778665,0.625,1500.9734753018072,153.01340586770917,0.13627537169678794,0.0012328208885088454,False,False,False
fine,g06_c09,6,9,CNT_OC,0.3,10.0,0.0,40,spectral_boundary,376.6043471525543,483.4603525575694,261.02749624588455,664.5642083009101,0.2701197522959384,16,False,0.46208168314067205,2.733704153375916e-08,0.0004939646888912545,0.75,1487.6271888978208,134.10239839764026,0.15619004316081475,0.0009266040575449663,False,False,False
fine,g06_c10,6,10,CNT_OC,0.3,15.0,0.0,40,spectral_boundary,393.44170556550364,491.35982302786687,261.02749624588455,680.5324973846867,0.27619380419257056,16,False,0.4884895271811274,8.657640014820247e-08,0.0009287536553342648,0.875,1553.1361010619867,155.19891393654424,0.20859561375582059,0.0006281176398560406,False,False,False
fine,g06_c11,6,11,CNT_OC,0.3,20.0,0.0,40,spectral_boundary,403.9501116109642,497.8243320954016,261.02749624588455,696.7513499093095,0.28272001397125274,15,False,0.49658081062116183,3.2187851007281385e-08,0.0004468890211944413,0.75,1594.185544238786,181.49010794298323,0.2431829326279289,0.0003253096937377853,False,False,False
fine,g06_c12,6,12,CNT_OC,0.3,30.0,0.0,40,spectral_boundary,420.10805802784375,511.4004423453679,261.02749624588455,729.924494497662,0.29633403370586286,18,False,0.5141470244675705,2.2100496715382386e-07,0.0007006090252301943,0.5,1657.334059843713,168.9329848764817,0.2855750771796103,0.0002786976424479226,False,False,False
fine,g06_c13,6,13,CNT_OC,0.3,50.0,0.0,40,spectral_boundary,457.0630237135672,542.8739752305099,261.02749624588455,799.0784253034494,0.32232731462365205,13,False,0.538277958032315,2.0817568936608886e-07,0.0019087377239981097,0.625,1801.3138456080387,329.01067156655364,0.32445891102318336,0.0014745265330046164,False,False,False
fine,g06_c14,6,14,CNT_OC,0.3,100.0,0.0,40,spectral_boundary,617.675325691589,627.8409561338073,261.02749624588455,982.3939030426974,0.37912219264555624,18,False,0.6162130327538615,1.0753244272067428e-06,0.007075194723550909,0.375,2426.0726364870447,410.32391598412113,0.3439859382103213,0.0044421060028714265,False,False,False
fine,g06_c15,6,15,CNT_OC,0.3,150.0,0.0,40,spectral_boundary,765.212546760887,695.3079025372843,261.02749624588455,1165.9088509054127,0.41205995470857243,29,False,0.6583887713971358,2.3107126721443174e-07,0.004154548434104141,0.625,2999.9113726147525,216.37852801200785,0.3441720747547643,0.007456271204620002,False,False,False
fine,g06_c16,6,16,CNT_OC,0.4,5.0,0.0,60,spectral_boundary,161.0700731470361,460.87663965636256,161.0700731470361,738.9786122498115,0.39477832573032995,3,False,0.1452258389237096,1.901338522345614e-09,3.6346770849892395e-05,16.25,484.3539374018187,14.942044568505343,0.17723472423062886,0.0014547270163474124,False,False,False
fine,g06_c17,6,17,CNT_OC,0.4,10.0,0.0,60,spectral_boundary,172.86836336797126,471.21238762453487,172.86836336797126,764.6754517470536,0.3986719085242573,3,False,0.20109528056328058,1.8506822387499782e-09,3.251869963641694e-05,16.375,519.4816101868623,15.996435028022237,0.2589644770631825,0.0010055481149332524,False,False,False
fine,g06_c18,6,18,CNT_OC,0.4,15.0,0.0,60,spectral_boundary,185.98072918872742,481.47157495533116,185.98072918872742,790.9052163488176,0.4024817741139464,4,False,0.30155956160325703,4.54630135713597e-09,7.170066805646154e-05,16.375,558.518911434639,17.147389626455322,0.2958738693969706,0.0005561880906395089,False,False,False
fine,g06_c19,6,19,CNT_OC,0.4,20.0,0.0,60,spectral_boundary,201.1834356006757,492.09108006900243,201.1834356006757,817.6449567196057,0.405040892721494,5,False,0.3838378929718509,3.775638760354378e-09,4.8863458087773575e-05,16.5,603.7678282031317,18.336229435236227,0.3151243663000707,0.0001082026830513394,False,False,False
fine,g06_c20,6,20,CNT_OC,0.4,30.0,0.0,60,spectral_boundary,249.82810396457973,517.7840236555013,249.82810396457973,872.5445606547347,0.40084422762817307,8,False,0.39606432321317364,2.1020359897765857e-08,0.00014165791235474205,0.875,748.2595036872717,36.341315046841736,0.33045427214062795,0.0007717579281324438,False,False,False
fine,g06_c21,6,21,CNT_OC,0.4,50.0,0.0,40,spectral_boundary,860.0360749969738,612.7934407873609,260.0780374880379,987.0404328639456,0.4126915552095542,9,False,0.41727533915600656,1.633227881907562e-08,8.131434210120254e-05,1.5,2526.373616951265,244.2666508628511,0.2874074708277595,0.0015528037940332196,False,False,False
fine,g06_c22,6,22,CNT_OC,0.4,100.0,0.0,40,spectral_boundary,990.2903566569967,725.1837543055823,260.0780374880379,1295.4317946003598,0.48882533298753866,20,False,0.514185617593493,7.032291607201773e-08,0.0010069750660837795,0.5,2907.867327471432,280.61710980054636,0.3218091158281866,0.004497559454976208,False,False,False
fine,g06_c23,6,23,CNT_OC,0.4,150.0,0.0,40,spectral_boundary,1119.3097519201124,840.1393430546507,260.0780374880379,1618.7457376341736,0.5432256353674175,20,False,0.6280489220591217,5.157577366162372e-07,0.006746749638224214,0.875,3284.1149016602412,361.69513214492235,0.3276190792281678,0.0074348853321358765,False,False,False
fine,g06_c24,6,24,CNT_OC,0.5,5.0,0.0,60,spectral_boundary,268.9825853688383,539.0695061688452,259.3891410478112,838.5549466575483,0.3589071191999096,6,False,0.13827300644825005,4.663029998548701e-10,6.556690096979103e-06,14.5,644.9712801544578,22.263534866691423,0.19238963188512637,0.0015084045082837116,False,False,False
fine,g06_c25,6,25,CNT_OC,0.5,10.0,0.0,60,spectral_boundary,283.76807457476855,553.6987463531862,259.3891410478112,877.2195292694031,0.3705363762608378,6,False,0.1382874738156488,4.4867327356183315e-10,8.93947492810248e-06,15.0,680.0136593914148,22.077149445151278,0.22746472025124886,0.001068619072117416,False,False,False
fine,g06_c26,6,26,CNT_OC,0.5,15.0,0.0,60,spectral_boundary,300.1450613822718,568.6175474359303,259.3891410478112,916.862123372742,0.3815899404134864,5,False,0.13875776781946758,3.59936414378164e-10,1.1534820079666393e-05,15.125,718.7947809381533,23.009558590647778,0.26676499425185296,0.0006297637570824577,False,False,False
fine,g06_c27,6,27,CNT_OC,0.5,20.0,0.0,60,spectral_boundary,318.1660281213932,583.8486371436934,259.3891410478112,957.406725618436,0.3920369287704265,4,False,0.1389864839931045,3.2181818992063174e-10,1.1985365529493375e-05,15.25,761.4348994340472,24.27742490959291,0.28794251063990217,0.00019190845440386628,False,False,False
fine,g06_c28,6,28,CNT_OC,0.5,30.0,0.0,60,spectral_boundary,359.3812791233337,615.3288517224034,259.3891410478112,1040.8292827298603,0.41106717807066256,4,False,0.1420248910033423,4.2984832611325147e-10,1.5743308890466104e-05,15.625,858.8468333405144,27.0908514187,0.308742661782903,0.0006805512800672764,False,False,False
fine,g06_c29,6,29,CNT_OC,0.5,50.0,0.0,60,spectral_boundary,467.40439618935727,682.4898898720041,259.3891410478112,1213.772301805813,0.4412829638104621,6,False,0.3777051104243468,2.8979089202839956e-09,6.135701561702636e-05,16.125,1113.7805772859992,33.75464611139237,0.3206004033289732,0.002411927087304866,False,False,False
fine,g06_c30,6,30,CNT_OC,0.5,100.0,0.0,60,spectral_boundary,978.3662294477026,908.6472969603553,259.3891410478112,1684.3469362969386,0.4825031657875352,6,False,0.41479598464551787,1.3688414668096414e-07,0.0007882596704471306,0.625,2311.2096693071744,249.16525357178017,0.3083106825584049,0.006559505356823592,False,False,False
fine,g06_c31,6,31,CNT_OC,0.5,150.0,0.0,40,spectral_boundary,1946.3900299457287,978.8378822041639,259.3891410478112,2180.579966892146,0.681882416973169,14,False,0.5414417439892724,1.9057337209714012e-07,0.0016032601064643625,0.5,4546.150399548971,650.7407223500882,0.2972155038695645,0.007359878942446718,False,False,False
fine,g06_c32,6,32,CNT_OC,0.6,5.0,0.0,60,spectral_boundary,499.891576799964,613.9349627798515,258.8653912512822,956.4524193649829,0.3740398610751934,5,False,0.1347451701397393,1.4342964411989215e-11,1.5231445812450592e-07,13.5,992.5309529323479,47.65016848293196,0.2122660787103422,0.0015770460117219276,False,False,False
fine,g06_c33,6,33,CNT_OC,0.6,10.0,0.0,60,spectral_boundary,508.75744519046293,634.7150881941142,258.8653912512822,1013.4124832120522,0.39144219642542183,5,False,0.13574869720820307,4.512738039247378e-11,8.685357767956401e-07,14.0,1010.248854976257,46.98477201957847,0.2071966845534658,0.001151455497223064,False,False,False
fine,g06_c34,6,34,CNT_OC,0.6,15.0,0.0,60,spectral_boundary,519.7749476908432,655.7035280806243,258.8653912512822,1071.7947725252418,0.4080971354238703,6,False,0.1371823461619139,3.9308566721379505e-11,1.3991590659124478e-06,14.625,1032.0861491225546,46.126402239099455,0.22640163993714446,0.0007264891556096886,False,False,False
fine,g06_c35,6,35,CNT_OC,0.6,20.0,0.0,60,spectral_boundary,533.6037152552168,676.9320265902103,258.8653912512822,1131.2895923434949,0.4239542811528696,6,False,0.1379941559891659,4.767889873032395e-11,1.574640129190237e-06,12.125,1059.3407502543914,45.168987624860414,0.25125952416322694,0.00030224200521722366,False,False,False
fine,g06_c36,6,36,CNT_OC,0.6,30.0,0.0,60,spectral_boundary,571.4373465917216,720.2738323263517,258.8653912512822,1253.604242390244,0.45313404568907034,8,False,0.13888442765021392,1.4284035569618506e-10,3.761905832381687e-06,13.375,1133.5691895090476,42.758411844255555,0.27650628047792614,0.0005436229247105517,False,False,False
fine,g06_c37,6,37,CNT_OC,0.6,50.0,0.0,60,spectral_boundary,688.5833883962543,811.4252607112769,258.8653912512822,1510.7222418637393,0.5014381008768514,5,False,0.14341826247042394,1.1300473613190277e-10,6.935954972746288e-06,14.875,1362.656057107178,44.300817511569534,0.2926475875153305,0.0022222977372777786,False,False,False
fine,g06_c38,6,38,CNT_OC,0.6,100.0,0.0,60,spectral_boundary,1282.8804370065598,1094.669805023533,258.8653912512822,2198.395434442779,0.5720736114862847,7,False,0.36932556863510524,1.1527402970174948e-08,0.00010202142831375522,0.875,2520.5785340607927,236.23084455756626,0.2859752807190665,0.006262800975397997,False,False,False
fine,g06_c39,6,39,CNT_OC,0.6,150.0,0.0,60,spectral_boundary,2176.8290912508082,1451.4330701378785,258.8653912512822,2919.5323174161595,0.6166244813865274,14,False,0.4709913261533302,1.456593215766523e-07,0.0018905951041695082,0.375,4253.81189297817,486.27856474227224,0.26877738492964287,0.010098262519781298,False,False,False
fine,g06_c40,6,40,CNT_OC,0.7,5.0,0.0,600,completed,2.534682115276195,2.694603399656489,2.534682115276195,2.9347043346308084,0.043361390853662495,3,False,0.0022314665468604893,1.4738356180549153e-23,5.575225129668075e-31,9.75,4.408955903186969,0.1641781158552751,0.44028918375164766,0.00012681050925489323,True,False,False
fine,g06_c41,6,41,CNT_OC,0.7,10.0,0.0,600,completed,197.1752558016999,180.24427777931632,172.41210401042093,197.1752558016999,0.036393469677478835,13,False,0.008027998294244984,1.31549548738398e-22,4.221690159586082e-19,5.75,340.8519162320953,7.171806803011058,0.2397432053763116,0.0001607433122198243,True,True,False
fine,g06_c42,6,42,CNT_OC,0.7,15.0,0.0,600,completed,362.26844481291965,352.18781630921484,295.8178567593403,506.3958335692664,0.17955623208166857,18,False,0.01958741296893775,3.753940823185247e-19,2.0710943618710734e-13,4.75,624.7662970029429,16.60198159658099,0.21649509026895514,0.00023545282940395929,True,False,False
fine,g06_c43,6,43,CNT_OC,0.7,20.0,0.0,600,completed,536.2947588958049,581.4653052763875,480.04350119633665,694.7750600901636,0.11887544580715934,26,False,0.07536074790016595,1.0186377278873515e-13,5.510059826593545e-09,3.125,922.2143069602182,25.013415632995493,0.20318903308295988,4.92291480123086e-05,True,False,False
fine,g06_c44,6,44,CNT_OC,0.7,30.0,0.0,60,spectral_boundary,1058.6410001583217,827.1146354023691,258.45310616946057,1546.076744435417,0.5351111367219051,4,False,0.1352754565694637,1.74536883144143e-12,2.0468316870603594e-08,21.5,1786.3730218593178,85.39325218363739,0.2286386600804794,0.00037799324282861146,False,False,False
fine,g06_c45,6,45,CNT_OC,0.7,50.0,0.0,60,spectral_boundary,1109.2628322091055,955.1693851708376,258.45310616946057,1921.2546750447848,0.5910159473996885,6,False,0.14556640619286007,1.5340560181152592e-11,9.677224182425935e-07,12.375,1872.7861813435686,76.51885603243558,0.2539573158935946,0.001968396158528396,False,False,False
fine,g06_c46,6,46,CNT_OC,0.7,100.0,0.0,60,spectral_boundary,1696.6310838794698,1308.4830349950068,258.45310616946057,2912.6883872422077,0.6749253251514666,5,False,0.3228796633307232,4.6537293725522345e-09,6.489364439073473e-05,0.625,2850.3833277308668,232.70854586494278,0.25631334347772705,0.005854119535850577,False,False,False
fine,g06_c47,6,47,CNT_OC,0.7,150.0,0.0,60,spectral_boundary,2584.1357528724157,1738.8498890573537,258.45310616946057,3953.3682945523974,0.7143320382780471,19,False,0.4772665621912471,3.348690350267766e-08,0.00029329035559967225,14.5,4325.731888247015,145.02655544296107,0.24465341244730643,0.009540033292811834,False,False,False
fine,g06_c48,6,48,CNT_OC,0.8,5.0,0.0,600,completed,0.5768657007089935,0.7814425267378654,0.5768657007089935,1.0439860930394829,0.17323096087936457,3,False,0.006048857000290787,1.4201431669527613e-23,4.359048942443755e-31,6.125,0.8781099406465636,0.057152063172148555,0.3960054482253363,6.647524652170222e-05,True,False,False
fine,g06_c49,6,49,CNT_OC,0.8,10.0,0.0,600,completed,200.82240973871632,221.95191399394952,194.01508898029394,315.45226965128563,0.18884814518298443,9,False,0.017294136206047816,4.348949745083021e-23,1.1095096774394806e-17,14.375,303.7083331808979,10.437881165960457,0.2645693531243484,3.590361916416818e-05,True,True,False
fine,g06_c50,6,50,CNT_OC,0.8,15.0,0.0,600,completed,353.99818697534204,500.2972202600148,353.99818697534204,576.2026955465784,0.12090650144338583,13,False,0.06842031796092497,1.9630431635406245e-15,7.785897142174128e-11,1.5,534.2285507571676,21.048236585853658,0.24118433048885274,0.0003668617252550188,True,False,False
fine,g06_c51,6,51,CNT_OC,0.8,20.0,0.0,600,completed,635.9191331112324,472.0238170369663,417.2560670164716,635.9191331112324,0.1143149132878509,16,False,0.02264138423553952,1.4810006804932001e-19,1.0250739103169943e-14,14.875,955.4803135471927,22.51940463080072,0.23381907659873347,0.0005235819478646153,True,False,False
fine,g06_c52,6,52,CNT_OC,0.8,30.0,0.0,600,completed,1046.9430292545035,917.3001743980008,855.8847808025542,1046.9430292545035,0.05668751881453085,30,False,0.039462669055762005,1.6058450139173071e-15,7.458065755269352e-11,2.125,1567.788259297421,50.65816614765122,0.2152638405485418,0.00032568460171078506,True,False,False
fine,g06_c53,6,53,CNT_OC,0.8,50.0,0.0,280,spectral_boundary,1893.7927102296032,1650.2327524452967,1342.491517266753,2373.156800515254,0.19688528725008844,13,False,0.1762171531593129,6.817917474488658e-11,1.1558457806940938e-06,3.75,2802.1886634096127,150.05874584730617,0.22184808273068263,0.0006065334640000808,False,False,False
fine,g06_c54,6,54,CNT_OC,0.8,100.0,0.0,60,spectral_boundary,2393.930208364728,1590.7005289035405,258.1194772985899,3990.2449971658357,0.7988806068963993,8,False,0.19350172508166913,4.807019205428356e-11,8.126069594568397e-07,14.0,3508.604750552846,119.80943452480845,0.21993069225285677,0.005165076267072188,False,False,False
fine,g06_c55,6,55,CNT_OC,0.8,150.0,0.0,60,spectral_boundary,3393.143008744831,2129.7674774454795,258.1194772985899,5511.7209110095055,0.828010426845116,11,False,0.3709256251020337,3.160838403800377e-09,0.00016279528395425744,0.5,4957.653597613136,162.54101983693604,0.2102185614475336,0.008558223342891247,False,False,False
fine,g06_c56,6,56,CNT_OC,0.9,5.0,0.0,600,completed,0.009697681997326542,0.02541561717365023,0.009697681997326542,0.052487656486189194,0.4807454774965595,3,False,0.0171643559952842,1.6251405235868202e-23,3.1259916304971372e-31,9.875,0.013122188931312836,0.0005260746016945045,0.248754926310907,8.566803912235521e-05,True,False,False
fine,g06_c57,6,57,CNT_OC,0.9,10.0,0.0,600,completed,32.88623665371766,19.986562608047517,12.28391095180795,32.88623665371766,0.293602868571365,3,False,0.013044189174019382,1.0840696306134148e-23,3.0443939648651167e-31,10.0,44.4190606580227,1.923057155780458,0.14058935523245952,0.0005471366005643796,True,False,False
fine,g06_c58,6,58,CNT_OC,0.9,15.0,0.0,600,completed,383.1782545258982,381.3072800858354,368.4286525417208,400.72578477358036,0.030255453402473192,12,False,0.011087412130543128,6.124807707225928e-23,9.087937892987127e-22,4.125,513.5315075748972,17.328387721037345,0.24653898297861843,0.00010752410724912398,True,True,False
fine,g06_c59,6,59,CNT_OC,0.9,20.0,0.0,600,completed,455.52979629912886,687.9888326646733,455.52979629912886,817.7449423131761,0.18891965833265928,13,False,0.08115237157395488,2.7437142198178664e-17,1.2671460198906146e-12,1.25,610.5256544516812,21.91029219564487,0.21759783802035326,0.0005393645504677691,True,False,False
fine,g06_c60,6,60,CNT_OC,0.9,30.0,0.0,600,completed,940.3809274882456,954.6162164191311,628.573100496136,1266.7385766942898,0.19660052837476208,19,False,0.059306643355547584,3.4078011675289398e-18,1.290805504338564e-13,1.5,1253.6056821240486,45.67432858713127,0.21982379713108835,0.0001327499403925847,True,False,False
fine,g06_c61,6,61,CNT_OC,0.9,50.0,0.0,600,completed,1768.220626170526,1830.8385956410336,1580.6980041877969,2015.0584909151125,0.05697243343854612,27,False,0.08293352276139251,4.4006472219235095e-15,2.2685614397488036e-10,3.25,2341.460130820443,77.58215462732356,0.19283801250023258,0.0005580340253359406,True,False,False
fine,g06_c62,6,62,CNT_OC,0.9,100.0,0.0,480,spectral_boundary,3536.1098998604202,3501.934036363436,2982.3175755343773,4318.110292643692,0.09326210758207933,38,False,0.14786523767723167,6.647816418277974e-12,1.8035776292029194e-07,1.125,4648.293548449711,126.21975087644526,0.15000545755740702,0.0003156123127503463,False,False,False
fine,g06_c63,6,63,CNT_OC,0.9,150.0,0.0,60,spectral_boundary,4802.46345954607,2601.069721783483,257.8427248645186,7820.093711682655,0.9808261665842128,5,False,0.19468508363316908,2.7617413901143874e-12,1.895936067066497e-07,14.875,6218.5208303335185,202.42125082829014,0.2321276642005421,0.006439416583381208,False,False,False
fine,g07_c00,7,0,CNT_OC,0.2,5.0,0.1,40,spectral_boundary,428.879705212512,482.741381250676,262.42780440207497,629.0905988542097,0.23946917094602008,32,False,0.6012936996718878,2.7818030361114016e-08,0.00019872836731794842,0.75,2529.980849268368,175.58792631033808,0.11264444013637953,0.001708900343791897,False,False,False
fine,g07_c01,7,1,CNT_OC,0.2,10.0,0.1,40,spectral_boundary,434.0687168843489,487.8627781619969,262.42780440207497,643.7277887713267,0.2447584750420797,32,False,0.6241086564587986,2.6770502167180314e-08,0.0001619573357742605,1.125,2559.4298569774537,183.51903518633387,0.11160168537464632,0.0014068628676466854,False,False,False
fine,g07_c02,7,2,CNT_OC,0.2,15.0,0.1,40,spectral_boundary,431.21340545673456,494.07651058088476,262.42780440207497,661.0196111862201,0.25289460852368373,33,False,0.6408061037559476,7.13291095991448e-08,0.0009227575084273996,1.125,2543.0576649515788,168.39564154254873,0.14638954695627482,0.0011081564400409194,False,False,False
fine,g07_c03,7,3,CNT_OC,0.2,20.0,0.1,40,spectral_boundary,436.1899536594834,498.7788142574761,262.42780440207497,675.1965127309502,0.25753520823280684,38,False,0.664036657278663,6.898706181270687e-08,0.0005839448026552145,0.875,2572.275162824133,205.20992602130994,0.18580332915700226,0.0008045997003705008,False,False,False
fine,g07_c04,7,4,CNT_OC,0.2,30.0,0.1,40,spectral_boundary,449.6774688462069,508.62941747993364,262.42780440207497,701.5566035179415,0.26706608753426014,40,False,0.6607677035742062,1.1451072895154677e-07,0.00063040634747417,0.75,2651.9861575036366,175.77839516660887,0.23637214382660254,0.00019948574854766754,False,False,False
fine,g07_c05,7,5,CNT_OC,0.2,50.0,0.1,40,spectral_boundary,484.8361853299262,533.7306877532584,262.42780440207497,766.1373647324491,0.28803387668536634,41,False,0.7063939303007016,1.7094318714158676e-07,0.0017526714152873804,0.375,2855.676384745695,231.48800415960469,0.28788212008155256,0.0009901505688379997,False,False,False
fine,g07_c06,7,6,CNT_OC,0.2,100.0,0.1,40,spectral_boundary,556.3069981846251,582.7996205115383,262.42780440207497,899.7799400059839,0.3264558180819932,42,False,0.7522593421153465,2.3540073470734667e-07,0.006120062918004352,0.5,3271.6338728451196,239.1645563772087,0.3322697611547467,0.004014749408673524,False,False,False
fine,g07_c07,7,7,CNT_OC,0.2,150.0,0.1,40,spectral_boundary,660.1632426073188,649.1649529340721,262.42780440207497,1046.7082168687682,0.3657031120428664,52,False,0.7402076129841294,1.1214792907125987e-06,0.007644287033670958,0.5,3875.6483588693736,291.14629312133167,0.33981858516742847,0.006971172177604679,False,False,False
fine,g07_c08,7,8,CNT_OC,0.3,5.0,0.1,600,completed,1.3222287937079065,1.457046282377212,1.3222287937079065,1.6591685655206927,0.0674051043589307,1,True,0.0034643186170732992,2.9102065652406462e-24,1.5182050452888607e-30,47.75,5.36684710246197,0.10546370863179748,0.44422058910797546,0.0002528171020794723,True,False,False
fine,g07_c09,7,9,CNT_OC,0.3,10.0,0.1,600,completed,88.32062395747768,131.9884478395658,88.32062395747768,230.43235646879577,0.3048469867187414,1,True,0.012041334789699295,6.429471245349797e-24,1.5153709272299833e-30,20.375,354.36772194834,15.526066490407452,0.2677242364079411,0.0001465982204137406,True,False,False
fine,g07_c10,7,10,CNT_OC,0.3,15.0,0.1,600,completed,778.2845205698299,468.5261895148531,296.14565445293067,778.2845205698299,0.3029443444617258,3,False,0.03432559859324516,1.5058285052073838e-22,4.382022513578436e-17,26.75,3091.3929637246447,47.61188283208912,0.11079749890398088,0.0014881764067744552,True,False,False
fine,g07_c11,7,11,CNT_OC,0.3,20.0,0.1,60,spectral_boundary,526.1833627804699,628.2694537261426,261.02749624588455,872.0924897701741,0.31443124177005055,19,False,0.5117331894400535,1.4211644743799457e-11,1.2941240676826317e-06,0.875,2074.524404888441,153.53859160629148,0.20806155603133303,0.0010329597662651624,False,False,False
fine,g07_c12,7,12,CNT_OC,0.3,30.0,0.1,60,spectral_boundary,456.975077739147,650.4584872620524,261.02749624588455,946.5650360190314,0.3457153155263333,18,False,0.5603027090826257,3.185853294408089e-09,2.131519469551924e-05,1.5,1806.584404718089,133.55622494163356,0.2729479014580073,0.00014964338510736752,False,False,False
fine,g07_c13,7,13,CNT_OC,0.3,50.0,0.1,60,spectral_boundary,492.5738810745391,698.5919257783005,261.02749624588455,1110.2622836764367,0.38729744203060973,18,False,0.6370559223524588,2.246549070192244e-08,0.0003843117492513144,1.125,1944.3251684984903,153.10095241282664,0.31178035132448234,0.0015927050724612313,False,False,False
fine,g07_c14,7,14,CNT_OC,0.3,100.0,0.1,40,spectral_boundary,1382.17773714781,783.4296261689803,261.02749624588455,1501.125228761373,0.5300741514384979,28,False,0.6736103924538233,3.3061294509686114e-07,0.0021776561656500332,0.75,5379.89930938605,595.7454379169544,0.2830977027934549,0.0039761662041530865,False,False,False
fine,g07_c15,7,15,CNT_OC,0.3,150.0,0.1,40,spectral_boundary,1361.2305408256436,913.5344561311318,261.02749624588455,1846.888413692699,0.581667792576236,44,False,0.7521188051180157,1.0726266969214952e-06,0.007505598875314542,0.25,5301.535908144072,674.0104785129001,0.31138933977343086,0.006828396058849551,False,False,False
fine,g07_c16,7,16,CNT_OC,0.4,5.0,0.1,600,completed,0.8508272756587469,1.0217971291388128,0.8508272756587469,1.2548773015723607,0.11460799629925965,1,True,0.0049511565200256085,3.4906837530951084e-24,1.3040777449979927e-30,44.125,2.590227095920479,0.05506758365607163,0.4670222494915773,0.00023611923902611132,True,False,False
fine,g07_c17,7,17,CNT_OC,0.4,10.0,0.1,600,completed,111.23131503810885,226.68348207695774,111.23131503810885,435.18104877236647,0.4398774292754451,1,True,0.015947633949027352,6.946004994633273e-24,1.2254413913563638e-30,17.875,334.5354132173751,16.652209327808556,0.26219147187783853,0.0002511578214724475,True,True,False
fine,g07_c18,7,18,CNT_OC,0.4,15.0,0.1,600,completed,812.30476307306,495.68881380919345,326.91593948048643,812.30476307306,0.2769213218206184,3,False,0.027221614489674948,8.495787635280834e-23,4.143675483442662e-22,26.25,2424.7950650358853,36.00900366404478,0.13121076734011594,0.0010718526932637085,True,False,False
fine,g07_c19,7,19,CNT_OC,0.4,20.0,0.1,600,completed,256.86670132426894,318.5942501475672,251.01695024779502,564.1026717572217,0.264222490555204,22,False,0.03271164469477089,8.596821326782465e-22,7.7406582420857055e-19,17.375,774.4369248761002,13.8585658153278,0.24665839606288775,0.0008223398444208163,True,False,False
fine,g07_c20,7,20,CNT_OC,0.4,30.0,0.1,320,spectral_boundary,1777.832582063369,861.1659738993241,451.7320298418106,1839.809020045192,0.5635271497239097,22,False,0.2969332956844933,1.2661197134725646e-12,2.005239103680734e-08,0.875,5239.813841707098,195.53823236148713,0.1294388445749286,0.0007382863746208113,False,False,False
fine,g07_c21,7,21,CNT_OC,0.4,50.0,0.1,60,spectral_boundary,1056.6584714608443,894.1703714501135,260.0780374880379,1472.2828717780772,0.4819560831620196,13,False,0.5848593383520058,4.394452053599517e-09,4.7189492151543e-05,0.875,3107.07397708455,350.57647759306604,0.262879481781787,0.0013963634382664347,False,False,False
fine,g07_c22,7,22,CNT_OC,0.4,100.0,0.1,60,spectral_boundary,967.7075082698688,1080.6862364488559,260.0780374880379,2161.4358741728233,0.559244160944455,24,False,0.6654227120446647,2.3733154244616468e-07,0.0015772190631091524,0.75,2850.8306112990617,223.093944774602,0.3121210151858723,0.005611461168723464,False,False,False
fine,g07_c23,7,23,CNT_OC,0.4,150.0,0.1,60,spectral_boundary,1383.1184002654227,1283.4308619186058,260.0780374880379,2794.4846896125305,0.5873929769575973,35,False,0.7136028133103567,5.111519169130564e-07,0.007179085003123828,0.875,4058.0481212836844,296.7499989947244,0.301146798519799,0.009752374589654389,False,False,False
fine,g07_c24,7,24,CNT_OC,0.5,5.0,0.1,600,completed,0.4085724649396253,0.5534610213048697,0.4085724649396253,0.750523315260344,0.17860837730826828,1,True,0.00705759114470137,9.110360402462897e-24,1.0805878653230334e-30,40.5,0.9951073401047528,0.022894170765240987,0.4784154506120841,0.00021377909277797702,True,False,False
fine,g07_c25,7,25,CNT_OC,0.5,10.0,0.1,600,completed,175.88661800235067,438.67118594557064,175.88661800235067,622.8984953679612,0.3545571868714609,1,True,0.01952523949314642,4.413919071724272e-24,1.0497635680408464e-30,15.125,421.81385158751937,23.976065954247833,0.23664082207716408,0.0011902819312950008,True,False,False
fine,g07_c26,7,26,CNT_OC,0.5,15.0,0.1,600,completed,774.6977478812823,498.28817489482316,335.58226906929826,774.6977478812823,0.24468273716608446,3,False,0.021304415469935504,6.52952088906414e-23,2.120839366676698e-25,15.0,1853.4070105156088,37.34269290721028,0.15474659317940054,0.0007318837173878601,True,False,False
fine,g07_c27,7,27,CNT_OC,0.5,20.0,0.1,600,completed,287.92725775677457,382.0046660613096,284.900552470806,725.3630811420044,0.30965807494564956,3,False,0.024457971022220113,6.335355014330299e-22,1.7538113768522653e-20,15.875,694.5978651926728,12.86019243972753,0.243498406722514,0.0007132306562342983,True,False,False
fine,g07_c28,7,28,CNT_OC,0.5,30.0,0.1,600,completed,966.0994972354798,948.3468083414683,906.2666157592475,1002.4427539526348,0.03568649561516768,3,False,0.00757380824912229,9.308452056030709e-20,6.087644299447259e-17,14.875,2295.683193660713,55.95649140400725,0.16534424619794896,0.0005336320193579658,True,False,False
fine,g07_c29,7,29,CNT_OC,0.5,50.0,0.1,220,spectral_boundary,2430.08066857374,889.5867585838329,371.4489603575611,2430.08066857374,0.6182882831310521,16,False,0.28303369658623734,4.775852989408161e-12,3.7865199443225206e-08,1.375,5702.352033164434,235.68567356154898,0.1553800891004331,0.002977749430876475,False,False,False
fine,g07_c30,7,30,CNT_OC,0.5,100.0,0.1,60,spectral_boundary,1490.8419027248951,1368.9728409616268,259.3891410478112,2890.048183808436,0.6675601763921227,25,False,0.648196278266856,1.7823920641254405e-07,0.0010168823830965733,0.75,3504.443369834533,283.3449762798042,0.2872028336746463,0.0051814213504860485,False,False,False
fine,g07_c31,7,31,CNT_OC,0.5,150.0,0.1,60,spectral_boundary,1845.477725640617,1625.5123761325028,259.3891410478112,3835.909710859376,0.6950816839079756,27,False,0.7209039053848273,6.184793368762763e-07,0.006622960705433763,1.0,4326.406419430326,332.2105749578496,0.28498455072422546,0.009242987659323076,False,False,False
fine,g07_c32,7,32,CNT_OC,0.6,5.0,0.1,600,completed,0.1393739218545898,0.2240630561206658,0.1393739218545898,0.3456754686403677,0.26533901852085096,1,True,0.009987286199816628,9.321558243362749e-24,8.755249145986836e-31,37.375,0.2828838760150789,0.0070632523883132564,0.47630593956309397,0.00018335033811722745,True,False,False
fine,g07_c33,7,33,CNT_OC,0.6,10.0,0.1,600,completed,718.2440656364122,586.0091674829711,213.48870467033154,885.7437034943554,0.3976565303662021,1,True,0.023043073808674566,1.1901761401397125e-24,9.661533171659482e-31,16.375,1420.3165798714795,66.36619162141385,0.1906832538475715,0.0017155002260960117,True,False,False
fine,g07_c34,7,34,CNT_OC,0.6,15.0,0.1,600,completed,617.3881415917706,435.74606289263335,303.58736555903084,617.3881415917706,0.20762006291008914,3,False,0.011632348495131749,4.7981119454688526e-23,8.740339781891375e-31,14.0,1232.4396434517644,41.17545073274678,0.18328314165817872,0.00022271895830749955,True,False,False
fine,g07_c35,7,35,CNT_OC,0.6,20.0,0.1,600,completed,283.22213140269696,499.3907599245262,283.22213140269696,1169.4432062976405,0.475807302224315,4,False,0.02014166131107324,3.9289202282072845e-22,3.4311223306119717e-22,15.5,569.7268656904413,12.519167850197608,0.2379553962639096,0.0003462157266844734,True,False,False
fine,g07_c36,7,36,CNT_OC,0.6,30.0,0.1,600,completed,1002.4264774443246,967.7234297596848,940.697869263862,1045.6789235556485,0.028736324498482433,3,False,0.011528701842043942,4.165209837320456e-20,9.664601264423494e-19,13.0,1987.7494392839415,46.78257277747319,0.17237900990572996,0.0002024898982022627,True,False,False
fine,g07_c37,7,37,CNT_OC,0.6,50.0,0.1,600,completed,2193.1149070391757,1940.9341690030942,1758.280770441227,2193.1149070391757,0.08085824369174101,47,False,0.07631822878999141,1.7238400785670083e-15,3.456954536036129e-11,3.0,4331.405211980288,79.64394836020564,0.1289654905273726,0.0014054619697944082,True,False,False
fine,g07_c38,7,38,CNT_OC,0.6,100.0,0.1,60,spectral_boundary,2558.929771825301,1638.5783572205828,258.8653912512822,3759.688388066045,0.7712582740684409,21,False,0.5850166551970303,2.030795980034193e-08,0.0004913263932450071,0.625,4987.817884597899,473.9201496059847,0.24981858918558175,0.004788075140452763,False,False,False
fine,g07_c39,7,39,CNT_OC,0.6,150.0,0.1,60,spectral_boundary,2221.172223793843,2023.8487624303416,258.8653912512822,5054.893720554344,0.7995235495263653,20,False,0.6933702857124328,1.0332842927173438e-07,0.0014163273315764193,0.5,4339.539282254378,520.4960474576391,0.2679312992749776,0.008568112580132792,False,False,False
fine,g07_c40,7,40,CNT_OC,0.7,5.0,0.1,600,completed,0.029329522610884916,0.06082143577585625,0.029329522610884916,0.11119900288133783,0.3855718017270409,1,True,0.014149812049805836,1.109637375884437e-23,6.795927050945079e-31,34.0,0.051025516568261035,0.0013910866880834417,0.45550958298204747,0.00014036230055392007,True,False,False
fine,g07_c41,7,41,CNT_OC,0.7,10.0,0.1,600,completed,322.7245568089009,135.91156366052405,51.77128674115781,322.7245568089009,0.5467467035550106,1,True,0.025740425783850496,2.6204346159491526e-24,6.708673990637402e-31,27.75,554.0625012906353,18.058734095331673,0.23392443108664446,0.00034806755228999897,True,False,False
fine,g07_c42,7,42,CNT_OC,0.7,15.0,0.1,600,completed,452.53782344239823,327.49316336885147,261.08796284726986,452.53782344239823,0.18052273033476351,3,False,0.006028512728133016,2.561747310220403e-23,7.015579048324483e-31,13.625,773.523928771104,38.79047879614175,0.21444286333831886,0.00034322567875111343,True,True,False
fine,g07_c43,7,43,CNT_OC,0.7,20.0,0.1,600,completed,297.1156286779874,935.3781447556858,297.1156286779874,2001.9331963396967,0.6219629417615888,5,False,0.02705618091297591,2.012923159858136e-22,5.406879579851461e-24,13.0,512.044654513595,13.578177964374705,0.21857189557365575,0.0013432093514105237,True,False,False
fine,g07_c44,7,44,CNT_OC,0.7,30.0,0.1,600,completed,1015.9179852074449,1084.2062573700587,1015.9179852074449,1156.5055650341367,0.04764906234000865,3,False,0.004157880660999889,1.1974010581596466e-20,4.303734229291562e-23,13.625,1727.759681883482,42.23133910477006,0.18031554861153692,0.0004231732360338025,True,False,False
fine,g07_c45,7,45,CNT_OC,0.7,50.0,0.1,600,completed,1952.6354336538272,2021.6186357059619,1901.2258226853764,2062.642001007279,0.02255150494678304,37,False,0.05888775245841508,6.449197931479691e-16,5.7290595571785754e-12,12.5,3311.103224438973,76.81611894172464,0.15131697616233836,0.0011503868095773528,True,False,False
fine,g07_c46,7,46,CNT_OC,0.7,100.0,0.1,220,spectral_boundary,5847.9271349787905,2926.7150468591653,1310.5369970581214,5847.9271349787905,0.3222923801843781,20,False,0.3689503924095631,1.9177788726355152e-12,9.571048923346993e-08,1.0,9766.638014782866,307.3537802296276,0.18976122248852578,0.0030590983218042878,False,False,False
fine,g07_c47,7,47,CNT_OC,0.7,150.0,0.1,60,spectral_boundary,3081.2485334073,2472.719507518783,258.45310616946057,6594.543488817584,0.8933680286038127,21,False,0.6330803719384984,2.3774113515842113e-08,0.00029955843604550624,0.75,5148.385197543394,540.4329429834236,0.23753344826072043,0.0077264640600355206,False,False,False
fine,g07_c48,7,48,CNT_OC,0.8,5.0,0.1,600,completed,0.0026891709363764437,0.008452161574132111,0.0026891709363764437,0.019500805334939773,0.5621316675815009,1,True,0.0205000446055055,7.975472533398961e-24,5.11437400191526e-31,30.625,0.00409363805911982,0.00012331649205486983,0.39749940929792443,7.227010564114789e-05,True,False,False
fine,g07_c49,7,49,CNT_OC,0.8,10.0,0.1,600,completed,16.71613778041451,10.326261192499299,6.625584227146835,16.71613778041451,0.2783402910180166,1,True,0.01246962402976808,7.071174253101436e-24,5.275390475502736e-31,30.125,25.426612035644037,0.7803807775707634,0.2333531432002509,0.000810690502293876,True,False,False
fine,g07_c50,7,50,CNT_OC,0.8,15.0,0.1,600,completed,216.62124969626188,317.6432160432639,213.023369499713,764.2830681242907,0.4465714314199893,2,False,0.01707162060684043,1.092802066219498e-23,5.238077565453108e-31,12.25,325.4035715206832,21.267614070810044,0.22608189028442316,0.0004000782590571905,True,False,False
fine,g07_c51,7,51,CNT_OC,0.8,20.0,0.1,600,completed,1135.250309087935,1547.5836023880108,841.594734516152,2087.1898481500907,0.25478976998936187,3,False,0.026109287305716846,3.031665865933456e-23,2.021743295182335e-27,12.25,1690.0787653444843,52.636139011578656,0.23713414326057713,0.003705010446267254,True,False,False
fine,g07_c52,7,52,CNT_OC,0.8,30.0,0.1,600,completed,1088.2145858980357,1190.777764801615,1003.9766950216497,1289.391648047276,0.06854563023589083,3,False,0.006074970039049366,1.2550066240743802e-21,7.937375569943646e-26,11.625,1619.0187405089355,43.98684474245447,0.20991623944505394,0.0007172574784771735,True,False,False
fine,g07_c53,7,53,CNT_OC,0.8,50.0,0.1,600,completed,2063.1124411249557,1900.765657107192,1818.2682232095326,2205.7473722725595,0.05042449900518859,26,False,0.04985715690660488,5.7835312163227135e-18,8.39914103955148e-17,11.0,3061.291580991926,63.6341174022478,0.18013287191622296,0.00034894060067258703,True,False,False
fine,g07_c54,7,54,CNT_OC,0.8,100.0,0.1,360,spectral_boundary,9242.30635162869,5617.164298963988,4447.9626251964055,9242.30635162869,0.26095259914470736,34,False,0.486107833114971,3.2487179096141783e-11,1.6356678675781932e-06,1.0,13495.081402050848,522.6451153480479,0.19099079135075742,0.006975192409377828,False,False,False
fine,g07_c55,7,55,CNT_OC,0.8,150.0,0.1,180,spectral_boundary,9537.92352336481,3957.268434484788,1156.0107895312701,9537.92352336481,0.487048642489846,16,False,0.4603632269058827,1.021814924189834e-10,1.579552478611749e-05,0.875,13880.812299792806,907.4357806116986,0.21805648766028662,0.007132061001554946,False,False,False
fine,g07_c56,7,56,CNT_OC,0.9,5.0,0.1,600,completed,3.358323712599707e-05,0.00024964163394048793,3.358323712599707e-05,0.0008257392908301558,0.8649089688869344,1,True,0.032444388093268814,7.91165333278668e-24,3.7338244994554712e-31,26.75,4.5442385343783835e-05,1.5573239288144316e-06,0.24837968277463296,8.106202816815511e-05,True,False,False
fine,g07_c57,7,57,CNT_OC,0.9,10.0,0.1,600,completed,0.07386029549687342,0.09584163405296632,0.07386029549687342,0.13133456164111632,0.17267065807385604,1,True,0.007134959113302671,8.118868712401982e-24,3.5400323581820897e-31,26.5,0.09994201630312548,0.0034256459104251872,0.11483242015988826,0.0006307749286089681,True,False,False
fine,g07_c58,7,58,CNT_OC,0.9,15.0,0.1,600,completed,216.56660914195652,77.55639283024763,23.256443552376002,216.56660914195652,0.6678375282857082,1,True,0.032472586002858086,5.638310759582293e-24,3.623549124412818e-31,23.375,290.3953076413204,11.166600663417725,0.19944622402998535,0.0010371311560968266,True,False,False
fine,g07_c59,7,59,CNT_OC,0.9,20.0,0.1,600,completed,346.6964186426456,350.7967043089018,288.9585952567362,668.2747329941308,0.24810337448815117,3,False,0.01224898316519666,1.1295570385739659e-23,3.6931882487103264e-31,10.625,461.63803459620874,31.554173111054347,0.19080796503736586,0.0007555036495758838,True,False,False
fine,g07_c60,7,60,CNT_OC,0.9,30.0,0.1,600,completed,452.80950222895285,505.5075247402251,412.45515869039895,869.6563636425069,0.23634324637593074,3,False,0.012002817832363434,7.434355797700621e-23,3.699549986444037e-31,11.75,605.4480944477777,17.143981563473734,0.1449746216246781,0.001609774887827986,True,False,False
fine,g07_c61,7,61,CNT_OC,0.9,50.0,0.1,600,completed,3103.435633705995,2401.166566753611,1791.5328378651366,3190.7503378249567,0.20769888774061357,13,False,0.02425807382223855,5.077177507977657e-20,1.964915686488071e-17,9.5,4074.5645102846156,120.13127771895576,0.22942254606560986,0.0026111292934619668,True,False,False
fine,g07_c62,7,62,CNT_OC,0.9,100.0,0.1,600,completed,2909.8666389092546,2804.4829372793556,1596.5640692181896,5587.508691753722,0.4720897360136841,9,False,0.06432406295772809,8.826070610657066e-16,1.1985991301029032e-13,7.0,3811.987354920705,142.52079296058938,0.10508677730005844,0.00326484173420849,True,False,False
fine,g07_c63,7,63,CNT_OC,0.9,150.0,0.1,320,spectral_boundary,8141.370047786556,7236.937251413849,5372.477497239939,8643.966551261952,0.15241474010582734,18,False,0.14336708787307378,1.9867604069218524e-12,2.1716194846816648e-07,0.625,10581.796857818017,535.5140767899983,0.18412810005423363,0.006371029820893326,False,False,False
fine,g08_c00,8,0,CNT_OC,0.2,5.0,0.2,600,completed,0.004355283675995227,0.010490718651228541,0.004355283675995227,0.021290962358792923,0.45867063369427746,1,True,0.016752218926731254,5.403157869396147e-21,1.5611831565729315e-30,105.625,0.026519627537992564,0.00022712959788430073,0.47290747157890767,0.00028366523407508115,True,False,False
fine,g08_c01,8,1,CNT_OC,0.2,10.0,0.2,600,completed,85.54398645312932,40.370444705962065,17.8689525696599,85.54398645312932,0.46768067561857607,1,True,0.02077916904870446,1.0162534811171083e-21,1.441885096690953e-30,91.5,518.4038769628511,5.233999061799194,0.24183142254531265,0.0006862575968511475,True,False,False
fine,g08_c02,8,2,CNT_OC,0.2,15.0,0.2,60,spectral_boundary,634.2872368310325,614.6867291989396,262.42780440207497,785.6612662524026,0.27528223830314696,31,False,0.577511439588967,7.34987386053826e-10,6.8297062024983724e-06,0.75,3741.384491162662,181.39515622226955,0.10648044662168593,0.002364338793571341,False,False,False
fine,g08_c03,8,3,CNT_OC,0.2,20.0,0.2,60,spectral_boundary,543.0256916028443,625.0724791175304,262.42780440207497,824.1228558237393,0.2900411206621085,44,False,0.6671100185989512,6.164738571868369e-08,0.0003812130699886699,0.625,3211.7723665506264,197.01950732750365,0.152882132570635,0.0019281377297171165,False,False,False
fine,g08_c04,8,4,CNT_OC,0.2,30.0,0.2,60,spectral_boundary,444.91657969488114,627.0198962877434,262.42780440207497,905.661004520977,0.31907710099909714,43,False,0.6998042268615849,4.646572667997679e-08,0.0003903590072866174,0.75,2639.891946761857,145.3494977975942,0.23262930844815555,0.0009585415789464813,False,False,False
fine,g08_c05,8,5,CNT_OC,0.2,50.0,0.2,60,spectral_boundary,454.4461249918159,640.5824061564774,262.42780440207497,1038.6052488437963,0.35658157190202,38,False,0.7668721995406053,4.422474210706716e-07,0.0029495854134904283,0.625,2693.070005519582,143.96228467062235,0.28678904494301827,0.0009103027604046021,False,False,False
fine,g08_c06,8,6,CNT_OC,0.2,100.0,0.2,40,spectral_boundary,913.5840110429917,723.4986092014343,262.42780440207497,1250.3837293458982,0.44650935873157954,83,False,0.8124126478577531,1.2032609291597977e-06,0.009083354454629487,0.75,5356.148786328593,271.0341213479717,0.2899637931468392,0.0034598143804738246,False,False,False
fine,g08_c07,8,7,CNT_OC,0.2,150.0,0.2,40,spectral_boundary,850.7667405533906,775.3862717331156,262.42780440207497,1407.9412699626796,0.46384487724778395,72,False,0.7978217401897201,1.9458849378459345e-06,0.01579786897704439,0.25,4995.959324574562,352.6423525700896,0.3229942574359669,0.006483970953819251,False,False,False
fine,g08_c08,8,8,CNT_OC,0.3,5.0,0.2,600,completed,0.002877778528713312,0.008064090139527729,0.002877778528713312,0.017797786272781006,0.5229351165208306,1,True,0.0190787031847813,2.7447861717942764e-23,1.3257491174616636e-30,95.625,0.011681998222636648,0.00011466563495349984,0.4786349674387801,0.0002657195303208404,True,False,False
fine,g08_c09,8,9,CNT_OC,0.3,10.0,0.2,600,completed,10.16130319098725,6.2664794131226635,4.123570857640329,10.16130319098725,0.27406039356296225,1,True,0.012921199873528553,2.228307471219771e-23,1.2619656007763181e-30,95.0,41.231254436460546,0.40829445409372167,0.3376451221957444,0.0010312782603910664,True,False,False
fine,g08_c10,8,10,CNT_OC,0.3,15.0,0.2,80,spectral_boundary,781.361896549862,775.3333054532188,261.02749624588455,1057.8073713891538,0.33637824583012615,22,False,0.40023501643247456,6.725838740517481e-12,4.192294045662189e-08,1.0,3078.3934339013013,133.20843446937653,0.12312650434686334,0.0028656135571381025,False,False,False
fine,g08_c11,8,11,CNT_OC,0.3,20.0,0.2,80,spectral_boundary,747.4712495592123,811.3894280609587,261.02749624588455,1139.2904837348574,0.3572282832895293,27,False,0.534213365074065,7.971132298657034e-11,8.586673627869317e-07,1.375,2947.7459677664615,123.26583954189914,0.15939325128642867,0.0024120856301360627,False,False,False
fine,g08_c12,8,12,CNT_OC,0.3,30.0,0.2,80,spectral_boundary,593.6813971866129,852.8839713069258,261.02749624588455,1319.8139124306208,0.4037165307259319,27,False,0.6610847598091963,1.3505652279586253e-08,8.08292117802611e-05,0.75,2350.821645483503,117.84819045143118,0.23997662298652822,0.001331928929285131,False,False,False
fine,g08_c13,8,13,CNT_OC,0.3,50.0,0.2,60,spectral_boundary,1335.4465336414078,951.4321683393064,261.02749624588455,1685.1980090825698,0.5071441746072749,47,False,0.7243281331147338,1.6970527577417955e-08,0.0007212516133073062,0.5,5224.455792077491,421.8596030490218,0.20795531911484133,0.0004991307723476446,False,False,False
fine,g08_c14,8,14,CNT_OC,0.3,100.0,0.2,60,spectral_boundary,1083.8791042443795,1058.1347308858994,261.02749624588455,2109.250700557065,0.5279303282634882,46,False,0.8223393554712117,7.178960373119903e-07,0.006644344508538016,0.625,4255.524973175498,250.3520355842168,0.2927591937874737,0.004926018150238631,False,False,False
fine,g08_c15,8,15,CNT_OC,0.3,150.0,0.2,40,spectral_boundary,2321.6414112273656,1043.7630573424653,261.02749624588455,2504.5639230117167,0.69850730469831,53,False,0.6980988896516708,3.710346590432e-07,0.009865716173140028,0.375,9010.1784291617,776.6397709299044,0.26460745746961856,0.006421744560405118,False,False,False
fine,g08_c16,8,16,CNT_OC,0.4,5.0,0.2,600,completed,0.0020074473109456784,0.006330153448203066,0.0020074473109456784,0.014844160263039783,0.5707450535365169,1,True,0.020832205645222004,6.180509520418779e-24,1.0718989393109445e-30,88.125,0.006111744759569912,6.520197759150563e-05,0.4826655343756835,0.00024455153901703497,True,False,False
fine,g08_c17,8,17,CNT_OC,0.4,10.0,0.2,600,completed,5.695198173797786,3.8360449121717513,2.828679153895459,5.695198173797786,0.21402471195033151,1,True,0.010742354802993041,5.9315678204072476e-24,1.0543592208284072e-30,85.75,17.335833074299728,0.1898606452405846,0.33779019912960023,0.001032143726372614,True,False,False
fine,g08_c18,8,18,CNT_OC,0.4,15.0,0.2,580,spectral_boundary,2009.8029987885798,1305.0978114998065,268.7855835424179,2438.5013481441415,0.6025737002598273,14,False,0.30677631741529043,3.86438538902659e-12,6.985219943368426e-08,1.0,5916.456632660673,238.24093615442683,0.12494239532186191,0.005773669503794543,False,False,False
fine,g08_c19,8,19,CNT_OC,0.4,20.0,0.2,600,completed,94.92474793893842,150.79304710804848,94.92474793893842,276.75406539401524,0.3419063083716675,1,True,0.014316682408105581,4.810326479635666e-25,1.0178704634118356e-30,45.75,287.48623029446986,5.7788325655949535,0.29600852091585406,0.0018026962872825791,True,False,False
fine,g08_c20,8,20,CNT_OC,0.4,30.0,0.2,80,spectral_boundary,1235.209552955002,1076.1716735716138,260.0780374880379,1752.6000022357796,0.48882322334526757,33,False,0.618826298052156,1.7479364756696356e-09,7.701101479300347e-06,0.625,3642.3655148105845,163.855121924928,0.18415726716755465,0.0015605642550479137,False,False,False
fine,g08_c21,8,21,CNT_OC,0.4,50.0,0.2,80,spectral_boundary,950.9003157939474,1222.328372501756,260.0780374880379,2337.094387216062,0.5551481625021233,31,False,0.7440724283752346,5.8903944591812574e-08,0.000683138196234853,0.75,2812.041630278205,184.62123520792287,0.26692574222049714,0.0003835318173658342,False,False,False
fine,g08_c22,8,22,CNT_OC,0.4,100.0,0.2,60,spectral_boundary,1748.3447280627163,1439.5327588577259,260.0780374880379,3316.132897558316,0.6846219576270588,53,False,0.778795200848779,2.941716937676516e-07,0.0028962957603520995,0.5,5131.3715482158095,367.4888623831022,0.27003377620257407,0.004360538767427924,False,False,False
fine,g08_c23,8,23,CNT_OC,0.4,150.0,0.2,60,spectral_boundary,2017.785790245875,1670.3817630232431,260.0780374880379,4111.679775552664,0.695396319625973,53,False,0.7859650086972022,7.774916529817655e-07,0.008266957820124448,0.375,5911.935095337595,329.2144510137053,0.2776178089110559,0.008411040505416412,False,False,False
fine,g08_c24,8,24,CNT_OC,0.5,5.0,0.2,600,completed,0.0010519880871091491,0.003871258596805564,0.0010519880871091491,0.009780030170259354,0.6308204437393296,1,True,0.023072057033052054,6.460004693370931e-24,9.052983323742971e-31,81.125,0.0025622522217093337,2.9697956919588738e-05,0.483242799377121,0.00021903602623918328,True,False,False
fine,g08_c25,8,25,CNT_OC,0.5,10.0,0.2,600,completed,2.544531961078331,1.9135575402016587,1.6097992967789114,2.544531961078331,0.14212190367986924,1,True,0.0081799398588012,3.828954964662341e-24,8.885288980284732e-31,79.375,6.197063747396217,0.073341761063246,0.3650845295093146,0.001017870723988623,True,False,False
fine,g08_c26,8,26,CNT_OC,0.5,15.0,0.2,600,completed,3108.7910595078774,1468.9215546841765,234.9194484225879,3270.587993781855,0.739733311833698,1,True,0.03787078546640048,4.169115839800356e-25,1.1487643671914375e-30,48.375,7299.874524514818,129.86879511517327,0.1483829863203036,0.005667621980158244,True,False,False
fine,g08_c27,8,27,CNT_OC,0.5,20.0,0.2,600,completed,50.0041251469209,181.29202262160004,50.0041251469209,534.783930790559,0.7202571237214347,1,True,0.02726959754935213,7.525474957777797e-25,8.863124770109358e-31,40.875,121.4675645512075,2.754218301619908,0.3002050579512274,0.001751048590763804,True,False,False
fine,g08_c28,8,28,CNT_OC,0.5,30.0,0.2,600,completed,781.7674693459649,882.3211239434886,781.7674693459649,969.1473571563957,0.07239180704353976,1,True,0.002891736125376958,1.2145306460115594e-24,7.812919098500422e-31,31.125,1855.145585286739,53.591237832096,0.18459510947842617,0.0001682947678780522,True,False,False
fine,g08_c29,8,29,CNT_OC,0.5,50.0,0.2,80,spectral_boundary,1539.9265909756261,1510.548826447636,259.3891410478112,3002.2018488500394,0.6379323787923817,30,False,0.6872726393585408,3.346529491623959e-08,0.0004214790031562141,1.375,3632.7181732286563,203.94074453014653,0.2354495175184277,9.07524240560953e-05,False,False,False
fine,g08_c30,8,30,CNT_OC,0.5,100.0,0.2,60,spectral_boundary,3521.046596450551,1811.6483230691003,259.3891410478112,4686.4339128414495,0.8270368671229028,52,False,0.7216850256360419,8.4010883238143e-08,0.002732665862954781,0.375,8212.406204649316,681.8401101990484,0.21871048084878997,0.00382318964508388,False,False,False
fine,g08_c31,8,31,CNT_OC,0.5,150.0,0.2,60,spectral_boundary,2611.7417567260172,2175.355841367166,259.3891410478112,5966.024216219344,0.8238789344350592,42,False,0.7582888468642177,9.472225052202145e-07,0.006959860456702356,0.625,6114.918232466389,501.7934713463668,0.26528352446747394,0.007594470179550283,False,False,False
fine,g08_c32,8,32,CNT_OC,0.6,5.0,0.2,600,completed,0.00039067692831782524,0.0017747673165054237,0.00039067692831782524,0.004924153062821316,0.7085674202293596,1,True,0.026041185638227198,7.219146624169697e-24,7.604999818374762e-31,74.5,0.0007929532506799884,1.0008971097292306e-05,0.4767925421293921,0.0001868740915452749,True,False,False
fine,g08_c33,8,33,CNT_OC,0.6,10.0,0.2,600,completed,0.7963727380027137,0.6994547947565194,0.6680771789176001,0.7963727380027137,0.050495832802132525,1,True,0.004786499215248552,4.7368416595341156e-24,7.441825954134596e-31,73.25,1.6163553767148053,0.02075351515002473,0.3552860880673757,0.000989020935435292,True,False,False
fine,g08_c34,8,34,CNT_OC,0.6,15.0,0.2,600,completed,2036.3613954949055,547.3689989888461,92.66344819789224,2036.3613954949055,0.9246955630612438,1,True,0.04253885845347823,1.1797975559629495e-24,7.278258571982968e-31,54.5,4013.024315588341,67.6826896497545,0.18088955999481632,0.0007729833042832146,True,False,False
fine,g08_c35,8,35,CNT_OC,0.6,20.0,0.2,600,completed,45.300524661036775,362.4200947931172,45.300524661036775,1438.776045136527,1.0028762609967299,1,True,0.036705568091405884,8.165417935506694e-25,7.280066251967153e-31,35.25,91.73174004569807,2.400711525600743,0.28037223566507186,0.0010186843916719646,True,False,False
fine,g08_c36,8,36,CNT_OC,0.6,30.0,0.2,600,completed,1074.3399525534078,1131.6586244777966,849.281465662593,1263.0119185030642,0.1063105403693127,1,True,0.006713392365247116,9.325826498153829e-25,6.4717181465195245e-31,28.25,2118.974267677221,66.71253724086287,0.166720958212769,0.0009317160949603442,True,False,False
fine,g08_c37,8,37,CNT_OC,0.6,50.0,0.2,600,completed,1545.7561463663312,3006.3645171545095,1545.7561463663312,4045.6163542671948,0.24187074332531214,8,False,0.19033649053503818,4.523165478075511e-15,4.378953795002534e-10,27.125,3078.5763866317175,46.19098409919985,0.1454883590654209,0.006236776085093987,True,False,False
fine,g08_c38,8,38,CNT_OC,0.6,100.0,0.2,80,spectral_boundary,1990.9197999126968,2266.23802326494,258.8653912512822,5987.4980808370765,0.7859218935430543,22,False,0.7267805214326751,1.4316309674034512e-07,0.001091354665874554,1.0,3896.800138113369,259.01377429073335,0.2574080228209056,0.004190975072003167,False,False,False
fine,g08_c39,8,39,CNT_OC,0.6,150.0,0.2,60,spectral_boundary,3652.7780929943738,2696.245359981233,258.8653912512822,7901.589804123601,0.930107898510992,55,False,0.7582488176175429,2.8800900863276347e-07,0.0040372370123813355,0.625,7111.815592550443,391.01651905920954,0.24184268206982995,0.006749694011840224,False,False,False
fine,g08_c40,8,40,CNT_OC,0.7,5.0,0.2,600,completed,8.998585048868246e-05,0.0005524219517394816,8.998585048868246e-05,0.0017287321826731676,0.8120546587769515,1,True,0.030136230415283512,6.3022481528943554e-24,6.028883668192055e-31,68.0,0.00015655150930394472,2.1654934883441024e-06,0.4551642976194986,0.00014326603373659985,True,False,False
fine,g08_c41,8,41,CNT_OC,0.7,10.0,0.2,600,completed,0.1463836584020322,0.1627457067288649,0.14619932127132457,0.2022674587354651,0.10166999892613529,1,True,0.004914899103790335,8.728511084587733e-24,5.835787018215297e-31,67.0,0.25466778992508987,0.0035731175576864597,0.3098019395316607,0.0009412421783160374,True,False,False
fine,g08_c42,8,42,CNT_OC,0.7,15.0,0.2,600,completed,258.9449298147018,88.68215397018498,24.322415000861056,258.9449298147018,0.7081999492111737,1,True,0.03317016387303292,2.6181299822333374e-24,5.71284837551736e-31,60.25,447.72517914595915,6.874393775256731,0.21650872717675662,0.00135096325880113,True,False,False
fine,g08_c43,8,43,CNT_OC,0.7,20.0,0.2,600,completed,79.92405600495005,1634.4432416162463,79.92405600495005,4519.445550554275,0.9869683433891543,1,True,0.04806976601072772,7.5302050295259465e-25,5.644543548906936e-31,28.25,138.47614978439452,4.461040056192501,0.24478882358751008,0.004104124665554432,True,False,False
fine,g08_c44,8,44,CNT_OC,0.7,30.0,0.2,600,completed,1737.4177268101898,1124.3172614063521,551.9471234695642,1742.4489195069484,0.36701967580224876,1,True,0.015983382666417276,5.385285957809198e-25,5.561202331849621e-31,28.125,2926.0971221382174,91.1546903667512,0.1815982950192917,0.0006035025402604255,True,False,False
fine,g08_c45,8,45,CNT_OC,0.7,50.0,0.2,600,completed,2573.865702544843,2017.2850953595434,1794.6923253122454,2573.865702544843,0.10507722848686699,3,False,0.014810698036503466,1.1359511578913004e-21,5.415863343970318e-31,21.5,4357.8751115012565,103.61405520448955,0.1546284113447336,0.0010974701074560889,True,False,False
fine,g08_c46,8,46,CNT_OC,0.7,100.0,0.2,80,spectral_boundary,1740.6865933877648,2869.9782725955906,258.45310616946057,7418.642642067472,0.8681082732595179,20,False,0.6764299959966216,4.3648855573142355e-08,0.000352740921425989,1.0,2934.623171993775,210.40938958501113,0.24709512821513335,0.0026958501761435993,False,False,False
fine,g08_c47,8,47,CNT_OC,0.7,150.0,0.2,60,spectral_boundary,5726.262004690971,3209.539143727551,258.45310616946057,9927.037674438361,1.0246896313646043,44,False,0.7479700182267526,4.521056637438973e-07,0.003140501486469369,0.375,9519.401704058026,848.7314606172922,0.20498167638548592,0.005885843528105061,False,False,False
fine,g08_c48,8,48,CNT_OC,0.8,5.0,0.2,600,completed,9.469592655089477e-06,9.276430045074039e-05,9.469592655089477e-06,0.0003409695113559062,0.95712877156709,1,True,0.03620305303475121,6.465382348943004e-24,4.71635050515795e-31,61.375,1.44152568475086e-05,2.2145112283522547e-07,0.3975612277324038,7.530695290725031e-05,True,False,False
fine,g08_c49,8,49,CNT_OC,0.8,10.0,0.2,600,completed,0.010586638714775814,0.017597036998767177,0.010586638714775814,0.029783581482269825,0.31004142743945795,1,True,0.011911430615525975,6.891112155306537e-24,4.455671692193358e-31,60.625,0.016115696008491096,0.00025050113786871436,0.22226774458973758,0.0008574430176415682,True,False,False
fine,g08_c50,8,50,CNT_OC,0.8,15.0,0.2,600,completed,13.750835924501907,6.365025826514357,2.942798251818739,13.750835924501907,0.4708749453099593,1,True,0.021664254570456305,8.376271190422736e-24,4.415229667436698e-31,59.375,20.925325360701873,0.33062649220300194,0.20243187428042975,0.0016107813287351558,True,False,False
fine,g08_c51,8,51,CNT_OC,0.8,20.0,0.2,600,completed,2135.4193243565596,3291.774091921691,390.7515427918143,6916.736916660876,0.6772217119749792,1,True,0.06056795977571533,1.1718701814048882e-24,4.826977867750662e-31,25.0,3153.8371792581056,94.66822742873548,0.23522730218767968,0.010494013104350719,True,False,False
fine,g08_c52,8,52,CNT_OC,0.8,30.0,0.2,600,completed,398.8637161669956,231.70786409086446,187.49912807199985,398.8637161669956,0.2393034004930552,1,True,0.022688620438062284,7.420684707445071e-25,4.4641876775867735e-31,32.0,599.3474591950534,17.182462814426895,0.17841310630606577,0.0030668327047642663,True,True,False
fine,g08_c53,8,53,CNT_OC,0.8,50.0,0.2,600,completed,1872.1367699016032,1838.5763582308628,1791.9764596955904,1872.1367699016032,0.010746670494712654,1,True,0.002195244636624245,1.3098416793175847e-22,4.238905984573272e-31,19.625,2754.9900194672437,118.17135739077199,0.17630878662107735,3.759503578870671e-05,True,False,False
fine,g08_c54,8,54,CNT_OC,0.8,100.0,0.2,600,completed,4697.208835780698,4367.294593980199,3602.11603173775,4822.398083901331,0.08782682229399338,17,False,0.07995424776945792,6.8407564386740305e-18,2.9783171111211127e-12,26.25,6898.376161255936,137.0132930375613,0.11991328932235557,0.0020715118414886824,True,False,False
fine,g08_c55,8,55,CNT_OC,0.8,150.0,0.2,80,spectral_boundary,2496.516210192422,3983.539586838211,258.1194772985899,12391.912655233304,0.9941958702222968,17,False,0.6756480773418966,9.974880797081121e-09,0.00037786808795928293,0.75,3651.860980115231,372.4234472610232,0.20261912378740432,0.005767839207079906,False,False,False
fine,g08_c56,8,56,CNT_OC,0.9,5.0,0.2,600,completed,1.769401889348414e-07,4.213274799947099e-06,1.769401889348414e-07,1.9734239453538643e-05,1.191235386292698,1,True,0.04709293267921442,8.22548901778672e-24,3.2745850011439434e-31,53.875,2.394225497331526e-07,4.2174125822082944e-09,0.2480849354649186,7.676486562002705e-05,True,False,False
fine,g08_c57,8,57,CNT_OC,0.9,10.0,0.2,600,completed,7.756612324022893e-05,0.00032089222423599016,7.756612324022893e-05,0.0008855447410697419,0.694088400668411,1,True,0.02555206237988184,6.858978753541417e-24,3.282969534877686e-31,53.25,0.00010495681662241826,1.8661408497484797e-06,0.1152933739998846,0.0006394436083519972,True,False,False
fine,g08_c58,8,58,CNT_OC,0.9,15.0,0.2,600,completed,0.042385413085811265,0.041175205741927054,0.03912293129253832,0.04732990724513476,0.05226449623857717,1,True,0.0036387594574669112,6.681060709705581e-24,3.215248986975787e-31,52.375,0.05735278629404904,0.0010276691505015955,0.12427945301815457,0.0013479530748378155,True,False,False
fine,g08_c59,8,59,CNT_OC,0.9,20.0,0.2,600,completed,28.975275705542714,10.241997892543045,3.0268802789416496,28.975275705542714,0.6827540827093913,1,True,0.030920715221944756,7.078662179087244e-24,3.1784750807146653e-31,51.25,39.17866955412446,0.713729359211754,0.12499453999430021,0.0020092023818339966,True,False,False
fine,g08_c60,8,60,CNT_OC,0.9,30.0,0.2,600,completed,16.249343883582558,476.5662611585038,16.249343883582558,3082.0214509281273,1.4767928275434834,1,True,0.0545891655872275,1.9105917186146875e-24,3.4530087689065803e-31,25.0,21.969351398788376,0.8166253189248603,0.13827690195422426,0.001873723933983884,True,False,False
fine,g08_c61,8,61,CNT_OC,0.9,50.0,0.2,600,completed,1654.713035625242,1599.1385795915464,1500.1766944025103,1887.2563913581916,0.0633544378713725,1,True,0.003272135918238515,1.7839968376614914e-24,3.168879236819343e-31,19.0,2163.0350723154716,103.39907289652231,0.1806429703611665,0.00047124412871224486,True,False,False
fine,g08_c62,8,62,CNT_OC,0.9,100.0,0.2,600,completed,3022.873638260793,2496.164573649004,2098.4835226829673,3519.411085371182,0.14506300180538603,14,False,0.04799818037920382,3.0624932780200533e-23,2.5508731065296527e-21,17.125,3957.721628170828,126.44607560299234,0.10542931575687409,0.004370860337178484,True,False,False
fine,g08_c63,8,63,CNT_OC,0.9,150.0,0.2,600,completed,4686.3969110901535,4715.93826248885,3660.1218733383844,6898.869169789712,0.20809779817033555,13,False,0.23141622229726336,3.73696134261195e-16,5.199599811628226e-10,0.75,6101.938750914198,296.87609763303516,0.06482175807432877,0.0035007638311996825,True,False,False
fine,g09_c00,9,0,CNT_OC,0.2,5.0,0.3,60,spectral_boundary,622.1272036221793,611.7441351112852,262.42780440207497,807.1281015997438,0.28266069159548146,45,False,0.6535364444837082,1.8200681299876717e-09,7.168326227554124e-06,1.0,3682.154941401305,158.2094230309787,0.1078838269207466,0.0033320068598187147,False,False,False
fine,g09_c01,9,1,CNT_OC,0.2,10.0,0.3,60,spectral_boundary,598.2872321773002,625.072047665441,262.42780440207497,852.858050152332,0.2957037395129249,53,False,0.7140636452154279,9.255516773814478e-09,8.369165524916857e-05,1.0,3544.756861478787,130.70234255403136,0.10710586373409042,0.0029179271269419438,False,False,False
fine,g09_c02,9,2,CNT_OC,0.2,15.0,0.3,60,spectral_boundary,604.2162999359708,640.486910583647,262.42780440207497,898.5445202982734,0.3082081099305457,47,False,0.7381205861855832,1.4062113606949383e-08,0.00024138328957296526,0.875,3579.8203864083525,165.99730069241247,0.10642581269288043,0.002517973420435249,False,False,False
fine,g09_c03,9,3,CNT_OC,0.2,20.0,0.3,60,spectral_boundary,610.058615457937,656.2993053411196,262.42780440207497,943.8223986648011,0.32018389980361706,60,False,0.7326448841401647,1.32938326192113e-07,0.00023353378875470217,0.875,3613.5066554789955,135.63080887174598,0.1355093812795347,0.0021203666687784617,False,False,False
fine,g09_c04,9,4,CNT_OC,0.2,30.0,0.3,60,spectral_boundary,617.9610987675666,684.7134535025591,262.42780440207497,1031.2351873648952,0.34250410508294943,55,False,0.7739140692977173,4.458374938726822e-08,0.0007999453300414416,0.875,3660.9857261369307,147.5037666977587,0.18891181070139695,0.0013070208616423606,False,False,False
fine,g09_c05,9,5,CNT_OC,0.2,50.0,0.3,60,spectral_boundary,662.4291988161051,737.5736592271927,262.42780440207497,1190.1753854237718,0.37500132483872595,54,False,0.7780613782257614,3.686365371609044e-07,0.0016886327493467617,0.625,3919.7854498994,178.01946251783986,0.24401569906069265,0.0003390620186581872,False,False,False
fine,g09_c06,9,6,CNT_OC,0.2,100.0,0.3,40,spectral_boundary,1174.1761446837706,774.4379960293558,262.42780440207497,1424.5256588142388,0.49895561015131956,84,False,0.8154212877343963,8.708062413961166e-07,0.008720053303388788,0.25,6876.124295244022,471.9092824376089,0.262833663917058,0.0032438888726922244,False,False,False
fine,g09_c07,9,7,CNT_OC,0.2,150.0,0.3,40,spectral_boundary,1090.9316277287644,864.507440488633,262.42780440207497,1668.3272687682577,0.5293297801307469,92,False,0.8253832088241982,1.8734510436061178e-06,0.01609546225118092,0.375,6401.179348444508,387.1976528615576,0.3032211477261447,0.006128259441173234,False,False,False
fine,g09_c08,9,8,CNT_OC,0.3,5.0,0.3,80,spectral_boundary,859.7287096298269,767.7883233700597,261.02749624588455,1049.2778628458657,0.3424451511794849,38,False,0.5083337690023703,1.9197840704453372e-12,1.5570612874819992e-08,1.5,3397.2651842070773,107.33232647821997,0.12460978917126908,0.004146496847956205,False,False,False
fine,g09_c09,9,9,CNT_OC,0.3,10.0,0.3,80,spectral_boundary,828.2028790445684,802.0910530690915,261.02749624588455,1152.8257737893919,0.362366492537301,44,False,0.6011295930134203,1.4284013630096997e-11,9.731878406771074e-08,1.125,3275.15126572411,136.9914321652974,0.12330960828801463,0.0036838720555421034,False,False,False
fine,g09_c10,9,10,CNT_OC,0.3,15.0,0.3,60,spectral_boundary,1225.659560617687,762.4606503002766,261.02749624588455,1241.8249216887075,0.42901724782535194,36,False,0.5143321457111979,9.591564469840692e-12,1.6835148146391946e-07,0.75,4812.219817904715,229.99957337067752,0.12314602163867999,0.0021273316467012027,False,False,False
fine,g09_c11,9,11,CNT_OC,0.3,20.0,0.3,60,spectral_boundary,1273.2472649023082,796.6217049032925,261.02749624588455,1328.493348695692,0.45010690968952344,42,False,0.6187046223906749,5.003323915836009e-10,1.552841219826818e-05,0.875,4996.467159447175,247.29438035942925,0.1224889652173402,0.0017849335272507316,False,False,False
fine,g09_c12,9,12,CNT_OC,0.3,30.0,0.3,60,spectral_boundary,1302.953817351879,860.583385281977,261.02749624588455,1491.0267155807164,0.482117253143062,56,False,0.7036888428837859,1.9136938167354088e-08,9.083495143704814e-05,0.625,5113.478275132559,212.9046041847665,0.1431914949873726,0.0010789414813824338,False,False,False
fine,g09_c13,9,13,CNT_OC,0.3,50.0,0.3,60,spectral_boundary,1310.1938103699017,975.3727219903363,261.02749624588455,1808.8790837633683,0.5243728138505993,64,False,0.7721932876825716,9.896865867411604e-08,0.0005287604541466312,0.625,5144.394679617927,241.88449104261062,0.2085656601744248,0.0003898968430268157,False,False,False
fine,g09_c14,9,14,CNT_OC,0.3,100.0,0.3,60,spectral_boundary,1335.8828954025826,1178.7379433937915,261.02749624588455,2508.4293240146317,0.5792953692303641,55,False,0.8263195523136823,5.776495297597134e-07,0.007804792852145127,0.625,5244.5910681660125,308.4186407821555,0.27348542076940485,0.004405405760123604,False,False,False
fine,g09_c15,9,15,CNT_OC,0.3,150.0,0.3,40,spectral_boundary,2983.3675422579963,1100.4643525311706,261.02749624588455,2983.3675422579963,0.7567798985064422,76,False,0.606521455146529,1.0554972202304532e-07,0.0013236453178184164,0.5,11567.874527950775,587.4428701423496,0.23438251669725585,0.006229782366268921,False,False,False
fine,g09_c16,9,16,CNT_OC,0.4,5.0,0.3,600,completed,4.6872755227667026e-05,0.00027983487349274197,4.6872755227667026e-05,0.0008725533788948161,0.8069910171507164,1,True,0.02989788297761993,5.938853013009899e-14,1.1503472494795168e-30,134.25,0.0001427057804538581,9.9828292577573e-07,0.48184402020739286,0.00024591013023222974,True,False,False
fine,g09_c17,9,17,CNT_OC,0.4,10.0,0.3,600,completed,0.04935972713490348,0.056773794982223125,0.049358042714711794,0.07361888591523166,0.12522179862267643,1,True,0.005755327232637117,1.9681037023323443e-14,1.1783081290381873e-30,134.25,0.1502772889682541,0.0010543281264830625,0.40258368767695385,0.0010568105559252139,True,False,False
fine,g09_c18,9,18,CNT_OC,0.4,15.0,0.3,600,completed,1534.6057306531911,421.7739496624129,68.8830327194728,1534.6057306531911,0.9118102622126714,2,False,0.04231409947700797,5.475736227522268e-15,1.1313416437576807e-30,70.75,4563.929388938833,49.971928087852305,0.13065160145521393,0.0006952950287674176,True,False,False
fine,g09_c19,9,19,CNT_OC,0.4,20.0,0.3,80,spectral_boundary,1427.2549159434916,1048.5148519567597,260.0780374880379,1787.5089754737646,0.5023411460666798,43,False,0.6676510424990946,4.391281136786239e-11,7.207561706970362e-07,0.75,4215.622962695682,168.3755610103728,0.14035675245892631,0.002755886330769397,False,False,False
fine,g09_c20,9,20,CNT_OC,0.4,30.0,0.3,80,spectral_boundary,1340.4234940250456,1142.857441758942,260.0780374880379,2061.1185163551972,0.5276858975303317,51,False,0.710743854919175,4.548509613998104e-10,8.15688119112363e-06,0.625,3964.153896415475,155.68196259284463,0.17303357717049805,0.0018837065234801331,False,False,False
fine,g09_c21,9,21,CNT_OC,0.4,50.0,0.3,60,spectral_boundary,2456.4100138869926,1146.270110428839,260.0780374880379,2591.3447014430812,0.6692083035576541,51,False,0.7273113925095588,2.022766519975205e-08,0.00015573262563916478,0.5,7187.881734264729,423.8446045507154,0.16363920434258628,0.0004783350620660709,False,False,False
fine,g09_c22,9,22,CNT_OC,0.4,100.0,0.3,60,spectral_boundary,2142.823895441506,1546.6795088568563,260.0780374880379,3833.3418079250378,0.7249583132427236,64,False,0.8298383025816933,3.58390587920048e-07,0.005957085717625722,0.375,6289.35278684862,385.0380987393787,0.25093951507997925,0.003974922404366477,False,False,False
fine,g09_c23,9,23,CNT_OC,0.4,150.0,0.3,60,spectral_boundary,2362.1147591345753,1792.180870200016,260.0780374880379,4617.026428688863,0.7302209862794552,70,False,0.8317606385340912,4.411523723441094e-06,0.011892473726331702,1.125,6925.764187432834,300.98568639735066,0.2654826393660704,0.00797658635452736,False,False,False
fine,g09_c24,9,24,CNT_OC,0.5,5.0,0.3,600,completed,3.0429170063595946e-05,0.00021006369701480413,3.0429170063595946e-05,0.0006907684698367247,0.8541636590483925,1,True,0.0318183291869741,6.765854105257559e-16,9.555643783765235e-31,123.625,7.411415767403503e-05,5.631813175000048e-07,0.48252566254749674,0.00022036411592296634,True,False,False
fine,g09_c25,9,25,CNT_OC,0.5,10.0,0.3,600,completed,0.022831371071777816,0.030374915805323196,0.022831371071777816,0.04432107893006136,0.20280861170644063,1,True,0.008353592685895419,6.069503808567156e-16,9.760868453385543e-31,121.625,0.05560871618936822,0.00042943632668997916,0.3876813733389566,0.001029588778005075,True,False,False
fine,g09_c26,9,26,CNT_OC,0.5,15.0,0.3,600,completed,15.080352848067289,6.3561163293309155,2.5625509558312274,15.080352848067289,0.5410432580249398,1,True,0.02477573639752649,8.337971035758571e-17,9.264599234977997e-31,119.25,36.7191852821548,0.28908170130689637,0.30575554657525095,0.0018048245636951288,True,False,False
fine,g09_c27,9,27,CNT_OC,0.5,20.0,0.3,560,spectral_boundary,2361.4300878605495,2315.2242157482733,295.94951926250144,5393.133408001897,0.7213913324578138,66,False,0.6852859373405384,6.819241983278648e-09,4.978693948753417e-05,1.0,5599.328450156543,117.9937594307054,0.1391637024761238,0.009118286652067153,False,False,False
fine,g09_c28,9,28,CNT_OC,0.5,30.0,0.3,80,spectral_boundary,2305.8061280236407,1357.3405341503199,259.3891410478112,2770.0411975872225,0.6425369433065962,39,False,0.6529153978104566,1.0793341177869712e-10,1.4114808422473107e-06,0.875,5421.990071177259,330.23982120146655,0.16093621646029926,0.0021055929810516183,False,False,False
fine,g09_c29,9,29,CNT_OC,0.5,50.0,0.3,80,spectral_boundary,1848.0597300035147,1603.0045678132494,259.3891410478112,3653.782004766894,0.6758590311276111,42,False,0.761173415812305,4.355533318200506e-08,0.00017766514598478402,0.875,4363.167471893022,229.48262032531542,0.21683883948896265,0.00047929463423068697,False,False,False
fine,g09_c30,9,30,CNT_OC,0.5,100.0,0.3,60,spectral_boundary,3545.8320644487526,1915.1431561000222,259.3891410478112,5400.522426832583,0.8691617014074526,81,False,0.8060429830847945,2.187650636553166e-07,0.00429508114518112,0.375,8286.196774435524,445.53888277794374,0.21780690632324518,0.003507386621700914,False,False,False
fine,g09_c31,9,31,CNT_OC,0.5,150.0,0.3,60,spectral_boundary,2942.4571279371876,2307.837907512393,259.3891410478112,6809.857683165086,0.8647142078355476,49,False,0.8210456552025462,1.1382198838944405e-06,0.01769970103790555,0.5,6895.618475297364,480.4055191304108,0.2570203797282744,0.007186249991224303,False,False,False
fine,g09_c32,9,32,CNT_OC,0.6,5.0,0.3,600,completed,1.3906214107571755e-05,0.00011744092453526566,1.3906214107571755e-05,0.0004138915700970791,0.9168455062142424,1,True,0.03443403787289278,9.834144244259223e-19,7.917887582163294e-31,113.5,2.82253109767192e-05,2.3360062139665198e-07,0.4762496602664055,0.00018818932188979787,True,False,False
fine,g09_c33,9,33,CNT_OC,0.6,10.0,0.3,600,completed,0.00784078633424933,0.01259054127193964,0.00784078633424933,0.02108022634068077,0.29858444307147014,1,True,0.011569106158538917,1.1364815172839833e-18,7.620576251821788e-31,111.75,0.0159143675050366,0.0001336986548876719,0.3601237221306526,0.0009941961420687484,True,False,False
fine,g09_c34,9,34,CNT_OC,0.6,15.0,0.3,600,completed,4.409936701994011,2.114225652762845,1.06087524101968,4.409936701994011,0.43978398078336517,1,True,0.020992387810700383,8.821804649454146e-19,7.417256732885097e-31,110.125,8.950098681106905,0.07631363431211487,0.28440948935355204,0.001789401666454249,True,False,False
fine,g09_c35,9,35,CNT_OC,0.6,20.0,0.3,600,completed,3860.1788831504737,779.3834858021182,59.71425646526239,3860.1788831504737,1.2082376038425864,1,True,0.05767998276486988,1.4519615738353645e-19,7.317527134470317e-31,83.5,7587.380221303234,83.03833969739814,0.1760418168003322,0.0010645236710596917,True,False,False
fine,g09_c36,9,36,CNT_OC,0.6,30.0,0.3,380,spectral_boundary,3181.9785226294657,1825.930442864255,378.1123067583582,3946.082966378961,0.6944148886811957,43,False,0.6425190664098629,1.022668700729936e-11,1.6215000086477125e-07,0.875,6245.374160579905,247.6937265043289,0.16573673806326428,0.004162266603658704,False,False,False
fine,g09_c37,9,37,CNT_OC,0.6,50.0,0.3,80,spectral_boundary,3113.001995222975,1956.8065462244479,258.8653912512822,4850.89763504194,0.7858765313598098,41,False,0.7077213149474759,1.2446766586902992e-09,5.249177798176898e-05,1.375,6089.1161112519785,359.4719031983256,0.18306103271599655,0.0011784336717389765,False,False,False
fine,g09_c38,9,38,CNT_OC,0.6,100.0,0.3,60,spectral_boundary,7018.4927764538825,2203.213895515962,258.8653912512822,7310.461929075632,1.0017858849710075,57,False,0.650717913924054,1.0093057686084425e-08,0.00035202259355840367,0.5,13586.914058073866,786.6638618117975,0.18406473571148996,0.0032061589016000314,False,False,False
fine,g09_c39,9,39,CNT_OC,0.6,150.0,0.3,60,spectral_boundary,4245.422100953183,2944.182977830042,258.8653912512822,9535.34985484069,0.9875614587951292,57,False,0.8491024826304301,1.3772811955959065e-06,0.00766274637983105,1.0,8266.155793189266,584.4891313949685,0.2322426663043513,0.006072074882090606,False,False,False
fine,g09_c40,9,40,CNT_OC,0.7,5.0,0.3,600,completed,3.9742141913061045e-06,4.4867735328067685e-05,3.9742141913061045e-06,0.00017327109264097794,1.001819547650836,1,True,0.038108124073188594,1.342304767217614e-23,6.106453735204749e-31,103.5,6.914078468182263e-06,6.271976270458729e-08,0.4548794668180354,0.00014459990311621596,True,False,False
fine,g09_c41,9,41,CNT_OC,0.7,10.0,0.3,600,completed,0.0016618258112571557,0.003495327218500627,0.0016618258112571557,0.006957029407420927,0.42629521455011377,1,True,0.01592517261009709,4.067977287306502e-23,6.094119408189856e-31,102.25,0.0028911360057302053,2.6585658338769733e-05,0.3107863198457612,0.0009440736778731917,True,False,False
fine,g09_c42,9,42,CNT_OC,0.7,15.0,0.3,600,completed,0.7801773057528648,0.4530656430188616,0.3016339698826138,0.7801773057528648,0.2981807823929335,1,True,0.015888471274293145,1.4837212004422106e-22,6.346223345312252e-31,101.0,1.3572837592769174,0.012628538889091052,0.251429475818561,0.0017401644125634164,True,False,False
fine,g09_c43,9,43,CNT_OC,0.7,20.0,0.3,600,completed,500.1946044250318,121.27701255471,15.658537743126047,500.1946044250318,1.0141464095742523,1,True,0.048911638936617,2.285716191017183e-22,5.790078547318073e-31,91.625,863.6513561616493,8.703833113485741,0.2037386048379028,0.0020058015724444545,True,False,False
fine,g09_c44,9,44,CNT_OC,0.7,30.0,0.3,480,spectral_boundary,6787.780450055396,3488.735160262867,199.32251904897646,9863.413600342445,0.9957329843671339,42,False,0.6276840981412554,1.0647808300787098e-09,9.330836462358974e-06,0.625,11347.577638661916,381.3991675789156,0.19469559566122668,0.01051014527066052,False,False,False
fine,g09_c45,9,45,CNT_OC,0.7,50.0,0.3,80,spectral_boundary,5944.137830354592,2261.842601124933,258.45310616946057,6125.875918241656,0.8924042263770935,15,False,0.39465998596983853,1.55623248421645e-12,3.0058898521884495e-06,1.0,9898.085182098377,552.8479919488568,0.2187447833438853,0.0017366509458108803,False,False,False
fine,g09_c46,9,46,CNT_OC,0.7,100.0,0.3,80,spectral_boundary,3194.741118375424,3206.9393189852985,258.45310616946057,9729.245556873506,0.908635552641745,37,False,0.7782478218042334,1.0119284413830506e-07,0.0018770087049623163,0.75,5355.919134291484,291.63738068445906,0.22065786850174562,0.0015613297530685522,False,False,False
fine,g09_c47,9,47,CNT_OC,0.7,150.0,0.3,60,spectral_boundary,8284.620773869809,3677.0927277527153,258.45310616946057,12898.907462525649,1.111707450330207,45,False,0.8118613505129016,3.071160418288837e-07,0.005509512675489147,0.375,13743.971731341073,2388.6193933054337,0.2057392758482981,0.004707023508264574,False,False,False
fine,g09_c48,9,48,CNT_OC,0.8,5.0,0.3,600,completed,5.401167276785388e-07,9.559060537120206e-06,5.401167276785388e-07,4.184203115734722e-05,1.1224834753814326,1,True,0.043609625657715964,5.7029592872736254e-24,4.554800713841408e-31,93.125,8.222023525648648e-07,8.28657125572384e-09,0.397582449223126,7.673838930954968e-05,True,False,False
fine,g09_c49,9,49,CNT_OC,0.8,10.0,0.3,600,completed,0.0001541591899208822,0.0005004378897070701,0.0001541591899208822,0.0012547330395464218,0.6096080371721143,1,True,0.022421664436441335,6.984179881727301e-24,4.672708385647593e-31,92.125,0.00023467158451693468,2.3934902590272427e-06,0.2228512627021222,0.000860097549673422,True,False,False
fine,g09_c50,9,50,CNT_OC,0.8,15.0,0.3,600,completed,0.054624567781786086,0.04432162978535161,0.04109584772549271,0.054624567781786086,0.0832199313947312,1,True,0.008032654556542472,8.030546149107502e-24,4.82227866588136e-31,91.25,0.08315315169717725,0.0008562621075710717,0.20405428640663215,0.0016406077494186544,True,False,False
fine,g09_c51,9,51,CNT_OC,0.8,20.0,0.3,600,completed,26.351006311690426,8.23417465691807,1.9448591646216615,26.351006311690426,0.7856273708486375,1,True,0.03579105455157466,5.555837696722162e-24,4.606806082246074e-31,90.0,40.09602899948774,0.4184268700846961,0.20324510155221942,0.002384753836216058,True,False,False
fine,g09_c52,9,52,CNT_OC,0.8,30.0,0.3,600,completed,7.474535827275533,3678.468498174404,7.474535827275533,13055.475316220403,1.2914394838621137,1,False,0.09340289461733887,8.530651377877553e-25,1.9410484619946784e-28,45.25,11.375659997458719,0.22878840137227843,0.2227774277917569,0.00985172621872521,True,False,False
fine,g09_c53,9,53,CNT_OC,0.8,50.0,0.3,320,spectral_boundary,7632.570973841148,3023.0923797358532,317.0291012659601,8868.644037954706,0.9886177726497937,29,False,0.4398149505413644,1.9994656354638465e-11,6.643898101996726e-07,0.875,11138.359895658245,425.92980683227785,0.23153114778617295,0.004761594435392147,False,False,False
fine,g09_c54,9,54,CNT_OC,0.8,100.0,0.3,80,spectral_boundary,4490.742499943866,4145.272147931633,258.1194772985899,12049.620038516729,0.9825597525841895,33,False,0.7297291200440089,2.9841113008936884e-09,0.0002218456408732017,0.75,6570.000887858735,353.64100779394454,0.23123365214223573,0.000980297390059115,False,False,False
fine,g09_c55,9,55,CNT_OC,0.8,150.0,0.3,80,spectral_boundary,3843.9613484735655,4985.866574671527,258.1194772985899,16220.400127550247,1.0199645582866306,31,False,0.7712365736647746,9.214430458269608e-08,0.0014522479837339513,0.875,5621.844956688835,398.92197572560275,0.20114791850574792,0.0026677116416388147,False,False,False
fine,g09_c56,9,56,CNT_OC,0.9,5.0,0.3,600,completed,1.5323460046239074e-08,6.289286641800526e-07,1.5323460046239074e-08,3.3390219225059855e-06,1.3188399941731273,1,True,0.05350353862338646,6.5631153393517515e-24,3.2683624117952163e-31,81.0,2.073458775592722e-08,2.400525519464998e-10,0.24796617267337306,7.487250227244946e-05,True,False,False
fine,g09_c57,9,57,CNT_OC,0.9,10.0,0.3,600,completed,2.018301336862517e-06,1.634832899147403e-05,2.018301336862517e-06,5.86082941908847e-05,0.9243298736968937,1,True,0.03467414999561649,6.0958874796252166e-24,3.5488937486654434e-31,80.5,2.7310180637678555e-06,3.1920413130560024e-08,0.11552298773910463,0.000643555310017141,True,False,False
fine,g09_c58,9,58,CNT_OC,0.9,15.0,0.3,600,completed,0.0003406896032724373,0.0006409188607375813,0.0003406896032724373,0.0012369609318884883,0.3921132221406419,1,True,0.014946066340875124,6.758969721018859e-24,3.387900135432334e-31,80.0,0.00046099630340897105,5.428374032249152e-06,0.12456482647016887,0.0013552889090310272,True,False,False
fine,g09_c59,9,59,CNT_OC,0.9,20.0,0.3,600,completed,0.0777462757580086,0.046101945775460826,0.033018322811702,0.0777462757580086,0.27498278501884055,1,True,0.016108370434014637,7.367571669547879e-24,3.2095293021800954e-31,79.5,0.10520044986008231,0.001246291815454723,0.1267274206501412,0.0020594996424513345,True,False,False
fine,g09_c60,9,60,CNT_OC,0.9,30.0,0.3,600,completed,14706.432162665424,2371.6697647209307,46.84736694420066,14706.432162665424,1.5486074800880494,1,True,0.08115858236753123,4.776060710385067e-24,3.0483087194776837e-31,61.625,19007.649547419063,290.91041224289364,0.3313598844570739,0.005415250519130943,True,False,False
fine,g09_c61,9,61,CNT_OC,0.9,50.0,0.3,600,completed,0.5308048577368482,1.5932056117225546,0.5305479701313249,6.102422520274089,0.8705681685851786,1,True,0.032735320126272775,2.034917376821061e-24,3.4018234028620072e-31,52.125,0.7182367658075233,0.012936215672061515,0.19613759208572423,0.006408704120329789,True,False,False
fine,g09_c62,9,62,CNT_OC,0.9,100.0,0.3,600,completed,3476.840120163519,3689.4313130543133,3342.3013194515256,4230.96921039413,0.08962996207220059,1,True,0.0048330687668278055,6.554235628443542e-25,3.703770350294217e-31,28.125,4526.30689604775,145.86145466294852,0.11769521641387926,1.5897054658986498e-05,True,False,False
fine,g09_c63,9,63,CNT_OC,0.9,150.0,0.3,80,spectral_boundary,5141.022732053589,6443.5286633191645,257.8427248645186,18982.234005629532,1.0251656865639958,21,False,0.6458914591694469,1.2447551018533307e-10,1.3512470578646802e-05,0.875,6674.418366956968,502.84329069822917,0.21511637929589456,0.0025535984204914097,False,False,False
