id,group,index,topology,oc,pump_mW,GDD_ps2,rounds,status,energy_pJ,energy_mean_pJ,energy_min_pJ,energy_max_pJ,energy_cv,peaks,single_tail,residual,edge_max,spectral_edge_max,FWHM_ps,CNT_energy_pJ,CNT_peak_W,inversion_gap,inversion_drift,numerical_pass,energy_range_pass,screen_candidate,dt_ps,source
g00_c00,0,0,OC_CNT,0.2,5.0,-0.1,20,spectral_boundary,486.21511773501857,425.36808472276635,299.99556841314313,533.6241915241469,0.18017887187527812,17,False,0.39521385176092105,6.302475922706574e-07,0.0032351889661198863,0.375,1944.8604709400743,256.9783024953326,0.11437193688081598,0.0006484679959172235,False,False,False,0.125,fine_group_00.mat
g00_c01,0,1,OC_CNT,0.2,10.0,-0.1,20,spectral_boundary,491.1339332349085,427.28584287367977,299.99556841314313,538.3907060940971,0.18321115399908813,19,False,0.41715583329304184,8.547012860661781e-08,0.0041374483506824294,0.375,1964.5357329396343,235.13315431523898,0.11344163279465352,0.0004953856206272311,False,False,False,0.125,fine_group_00.mat
g00_c02,0,2,OC_CNT,0.2,15.0,-0.1,20,spectral_boundary,491.74444804950133,428.99540015611166,299.99556841314313,543.1880468913049,0.18592570119735297,19,False,0.5056964805058752,5.677358900052681e-07,0.009783341482693794,0.25,1966.9777921980053,311.06581217553367,0.1514806176896627,0.0003416482746317895,False,False,False,0.125,fine_group_00.mat
g00_c03,0,3,OC_CNT,0.2,20.0,-0.1,20,spectral_boundary,498.454328207008,431.0162897076769,299.99556841314313,548.0159459780805,0.1890709790524117,18,False,0.519230439289818,3.3906881807784977e-07,0.006494819899272048,0.25,1993.8173128280318,304.89934716540284,0.19029194809309868,0.00018888758783297543,False,False,False,0.125,fine_group_00.mat
g00_c04,0,4,OC_CNT,0.2,30.0,-0.1,20,spectral_boundary,511.48978770147136,435.05166500236044,299.99556841314313,557.7621608570164,0.19532170040648908,16,False,0.5334381760060822,3.4159843680983585e-07,0.0033244821783012645,0.375,2045.959150805886,327.115000771277,0.24176830767439506,0.00011668697599631628,False,False,False,0.125,fine_group_00.mat
g00_c05,0,5,OC_CNT,0.2,50.0,-0.1,20,spectral_boundary,525.129760413559,442.4472032925868,299.99556841314313,577.6047512915497,0.20642412420416967,19,False,0.5773977983301342,5.005687003900133e-07,0.0070062098963228755,0.625,2100.5190416542355,377.51484976272405,0.30036186395377473,0.0007297690755464492,False,False,False,0.125,fine_group_00.mat
g00_c06,0,6,OC_CNT,0.2,100.0,-0.1,20,spectral_boundary,587.4498906049172,464.2593696148262,299.99556841314313,628.9488687027065,0.23928131517962387,15,False,0.5966569930906099,7.966314201856411e-07,0.00612536177501423,0.375,2349.7995624196683,449.51984188659685,0.35072422088679256,0.0022542477746971823,False,False,False,0.125,fine_group_00.mat
g00_c07,0,7,OC_CNT,0.2,150.0,-0.1,20,spectral_boundary,618.9481618277234,484.16565875136365,299.99556841314313,680.4173385624867,0.265546913002698,20,False,0.664718497164112,1.60538877772425e-06,0.010022200795445779,0.5,2475.792647310893,456.7682792622626,0.37089593780991204,0.003783460315449849,False,False,False,0.125,fine_group_00.mat
g00_c08,0,8,OC_CNT,0.3,5.0,-0.1,40,spectral_boundary,270.67777644871353,406.4699753617229,270.67777644871353,571.0223617575424,0.22070478474581245,20,False,0.5939244339404627,8.302611745605983e-08,0.0027037310697824676,0.5,631.5814783803318,103.52841595313285,0.14272973635877007,0.0008901428966262559,False,False,False,0.125,fine_group_00.mat
g00_c09,0,9,OC_CNT,0.3,10.0,-0.1,40,spectral_boundary,275.70251450801766,411.1189516021269,275.70251450801766,579.3254717161535,0.2221868858286857,23,False,0.6598255971726777,1.450687258023197e-07,0.003214316826750885,0.625,643.3058671853747,100.90553688214405,0.2069637378819773,0.0005806478039760421,False,False,False,0.125,fine_group_00.mat
g00_c10,0,10,OC_CNT,0.3,15.0,-0.1,40,spectral_boundary,289.6277218562934,419.1366168851976,289.6277218562934,587.684751024862,0.21587082595602555,19,False,0.634499251288363,3.1305931242940146e-07,0.004245133776081104,0.5,675.7980176646847,109.35954127132909,0.25568702701217816,0.00027984178686235595,False,False,False,0.125,fine_group_00.mat
g00_c11,0,11,OC_CNT,0.3,20.0,-0.1,40,spectral_boundary,329.72896881583847,433.4835929478689,299.99487886363056,596.0948268824557,0.19658646969423477,14,False,0.6877266514287137,7.303635944855416e-07,0.004460031045482666,0.5,769.3675939036232,188.9356242022879,0.2769112775787699,4.3258835522586025e-06,False,False,False,0.125,fine_group_00.mat
g00_c12,0,12,OC_CNT,0.3,30.0,-0.1,40,spectral_boundary,341.23195863357626,440.5372441557226,299.99487886363056,613.0430471544038,0.20330655946199108,21,False,0.6324705382274042,1.085474374775624e-06,0.006508337885296368,0.625,796.2079034783446,156.95689250349307,0.3147169591169424,0.0006285461715945795,False,False,False,0.125,fine_group_00.mat
g00_c13,0,13,OC_CNT,0.3,50.0,-0.1,40,spectral_boundary,404.27429503222544,466.6938826355501,299.99487886363056,647.2510351212898,0.2012571641316227,16,False,0.7939893200217563,1.6905281386572412e-06,0.0082886160532771,0.875,943.3066884085262,191.1448618214102,0.3408545125181617,0.001845619525333797,False,False,False,0.125,fine_group_00.mat
g00_c14,0,14,OC_CNT,0.3,100.0,-0.1,40,spectral_boundary,546.2701043858717,521.6021709010374,299.99487886363056,738.4385552624153,0.2257882258955693,15,False,0.6688000679453828,2.2259032404309573e-06,0.00801983577367002,0.5,1274.6302435670343,256.29949311825715,0.35615286864630247,0.004913098729491083,False,False,False,0.125,fine_group_00.mat
g00_c15,0,15,OC_CNT,0.3,150.0,-0.1,40,spectral_boundary,738.3693228502027,603.0918549104042,299.99487886363056,840.1117610650808,0.2735497210583379,21,False,0.7129774124511971,1.709402141807637e-06,0.006579896628950856,0.5,1722.8617533171398,307.01513639951463,0.35117215322325956,0.007911422863133843,False,False,False,0.125,fine_group_00.mat
g00_c16,0,16,OC_CNT,0.4,5.0,-0.1,40,spectral_boundary,382.22669482660325,446.7062983230161,299.99405543839146,593.5895246109798,0.19138609631322342,12,False,0.6749924065303651,2.831470374957955e-08,0.00047533203668672654,0.625,573.3400422399048,117.0039565510128,0.16161904216550071,0.0008105439061925068,False,False,False,0.125,fine_group_00.mat
g00_c17,0,17,OC_CNT,0.4,10.0,-0.1,40,spectral_boundary,396.60629976486956,452.9640235455652,299.99405543839146,606.2940807856703,0.1952682250092807,13,False,0.6221411349521748,3.937553781687087e-08,0.0005695432591280918,0.75,594.9094496473043,111.03361098872773,0.19472987353803306,0.0005029978438165772,False,False,False,0.125,fine_group_00.mat
g00_c18,0,18,OC_CNT,0.4,15.0,-0.1,40,spectral_boundary,413.26700011733897,458.9829458366523,299.99405543839146,619.4313719230921,0.19958844115016325,15,False,0.588742500266355,6.473195220880034e-08,0.0006850481804217165,0.75,619.9005001760086,112.08355890487192,0.24338543864861706,0.00019504919034218915,False,False,False,0.125,fine_group_00.mat
g00_c19,0,19,OC_CNT,0.4,20.0,-0.1,40,spectral_boundary,415.5460633615207,463.6823805538679,299.99405543839146,632.77824590809,0.2057252019097646,16,False,0.5929277547470991,7.713886568198207e-08,0.000837795792626416,0.625,623.3190950422809,107.96893714478206,0.27525412221047174,0.00011596122356039018,False,False,False,0.125,fine_group_00.mat
g00_c20,0,20,OC_CNT,0.4,30.0,-0.1,40,spectral_boundary,442.54604779436926,476.4828048682257,299.99405543839146,660.0753558295817,0.21621856472563641,16,False,0.5598109641329452,1.486127473110525e-07,0.001488531541064515,0.5,663.819071691554,99.67100223909762,0.3075672048366306,0.0007303964362288529,False,False,False,0.125,fine_group_00.mat
g00_c21,0,21,OC_CNT,0.4,50.0,-0.1,40,spectral_boundary,509.96971114509836,506.57695068020365,299.99405543839146,716.7960450511309,0.2382269056771501,16,False,0.5817134070260589,1.6332586897350438e-07,0.0024909859846196105,0.5,764.9545667176477,113.19362139128481,0.332875292106498,0.0019495332715112612,False,False,False,0.125,fine_group_00.mat
g00_c22,0,22,OC_CNT,0.4,100.0,-0.1,40,spectral_boundary,727.4214316894378,593.2736246208021,299.99405543839146,861.9681815559286,0.30297073232791677,18,False,0.6915798915958258,5.353506778880423e-08,0.001219437712605793,0.5,1091.1321475341565,133.14785019267413,0.3431903969969373,0.004971346022230927,False,False,False,0.125,fine_group_00.mat
g00_c23,0,23,OC_CNT,0.4,150.0,-0.1,40,spectral_boundary,997.3325470083546,696.8710963377629,299.99405543839146,1026.8495910844724,0.37398766887204815,20,False,0.63845080156021,9.338708225355854e-07,0.007442990627710847,0.625,1495.998820512532,207.20246506708315,0.3374708507254943,0.00795521776324426,False,False,False,0.125,fine_group_00.mat
g00_c24,0,24,OC_CNT,0.5,5.0,-0.1,40,spectral_boundary,510.88115987725496,465.0607727605078,299.9930727893835,613.822443412029,0.21253813885443318,8,False,0.6950609746480018,7.930113416837124e-09,5.4847803013720926e-05,0.625,510.8811598772549,89.55176964120871,0.18411984320907088,0.00073967295194588,False,False,False,0.125,fine_group_00.mat
g00_c25,0,25,OC_CNT,0.5,10.0,-0.1,40,spectral_boundary,535.7437821559208,473.7232243418006,299.9930727893835,632.8342616300415,0.22348604931411784,8,False,0.694335108649394,5.089154516014493e-09,3.531185347216388e-05,0.875,535.7437821559209,97.39657001427996,0.18184716335778628,0.0004355838156472336,False,False,False,0.125,fine_group_00.mat
g00_c26,0,26,OC_CNT,0.5,15.0,-0.1,40,spectral_boundary,550.9656137632344,481.49054656458355,299.9930727893835,651.9535637344777,0.2331749778457477,8,False,0.6099531435499332,2.519671792453386e-09,4.7669106684197135e-05,0.875,550.9656137632344,107.38428198148746,0.2304837435148882,0.00012975657251435013,False,False,False,0.125,fine_group_00.mat
g00_c27,0,27,OC_CNT,0.5,20.0,-0.1,40,spectral_boundary,564.5441191413672,488.8826790716706,299.9930727893835,671.0450990059846,0.24212821530384218,8,False,0.5358309757430755,5.054520474595198e-09,0.0001132164813736161,0.75,564.5441191413672,134.63107117337228,0.2593868909381625,0.00017674067643747016,False,False,False,0.125,fine_group_00.mat
g00_c28,0,28,OC_CNT,0.5,30.0,-0.1,40,spectral_boundary,580.1596129066736,504.17134108751907,299.9930727893835,709.3756441960231,0.2604111515064777,11,False,0.5524583266515661,3.70487783476339e-08,0.0002570960855927206,0.625,580.1596129066736,90.69410595192505,0.29264576681498977,0.0007889727721096529,False,False,False,0.125,fine_group_00.mat
g00_c29,0,29,OC_CNT,0.5,50.0,-0.1,40,spectral_boundary,669.9626925461071,542.4727676636061,299.9930727893835,795.7722529895084,0.30192108202341056,14,False,0.6749838753153703,8.20172327635885e-09,0.00013474826104678948,0.75,669.9626925461071,95.78270081213229,0.31593463561941715,0.0019983966628368544,False,False,False,0.125,fine_group_00.mat
g00_c30,0,30,OC_CNT,0.5,100.0,-0.1,40,spectral_boundary,925.8377569246188,645.1575673568261,299.9930727893835,1022.044268264584,0.392040439388,14,False,0.6062542078996835,4.3434769495824196e-08,0.0002797863879316228,0.5,925.8377569246188,206.25865966001714,0.32630725975329644,0.005007343040386747,False,False,False,0.125,fine_group_00.mat
g00_c31,0,31,OC_CNT,0.5,150.0,-0.1,40,spectral_boundary,1289.2325497465126,770.2309856856755,299.9930727893835,1289.2325497465126,0.47527116275963993,17,False,0.5583761728265582,3.4647157525386366e-07,0.0013913935389375256,0.25,1289.2325497465124,172.20510538103503,0.32003810810465805,0.007972078012058459,False,False,False,0.125,fine_group_00.mat
g00_c32,0,32,OC_CNT,0.6,5.0,-0.1,600,completed,32.52680972528421,34.4920914088986,32.52680972528421,36.724377081012356,0.033302421690221365,3,False,0.0161858781785543,8.493285455959623e-25,4.6972819947012837e-29,2.125,21.684539816856145,2.919017658053554,0.3317777754751843,4.5068467461328865e-05,True,False,False,0.125,fine_group_00.mat
g00_c33,0,33,OC_CNT,0.6,10.0,-0.1,60,spectral_boundary,445.122227480104,488.11319272119215,299.9918662286536,656.6805703018786,0.21100317510506575,8,False,0.5190198280674979,8.450625789193649e-11,3.2061715498332305e-06,0.625,296.7481516534026,84.62311514682104,0.2107022793230523,0.0005823422320034854,False,False,False,0.125,fine_group_00.mat
g00_c34,0,34,OC_CNT,0.6,15.0,-0.1,40,spectral_boundary,675.0114003252478,475.4468287003654,299.9918662286536,685.0824177787499,0.25779964361096463,6,False,0.1401372353296928,3.1189228837859027e-13,1.0724013069520249e-08,4.0,450.00760021683186,45.00546358284764,0.21920622304196957,5.207797975292916e-05,False,False,False,0.125,fine_group_00.mat
g00_c35,0,35,OC_CNT,0.6,20.0,-0.1,40,spectral_boundary,699.5868121842514,485.18956876166703,299.9918662286536,713.5612417129103,0.27230416743005414,7,False,0.1648337208936579,1.0253209743537143e-12,6.706457137667215e-08,4.125,466.3912081228343,45.65557131246933,0.24486757033506812,0.00025052496644617506,False,False,False,0.125,fine_group_00.mat
g00_c36,0,36,OC_CNT,0.6,30.0,-0.1,40,spectral_boundary,752.3843829404816,505.42997930457784,299.9918662286536,771.5455038495948,0.30104284857176844,7,False,0.31607112693305456,4.7251082535135325e-12,4.5185049212066614e-07,1.25,501.5895886269877,61.19079963942867,0.2723070892186754,0.0008543852892058945,False,False,False,0.125,fine_group_00.mat
g00_c37,0,37,OC_CNT,0.6,50.0,-0.1,40,spectral_boundary,855.7046652454287,548.452567987757,299.9918662286536,895.667250226156,0.35567903026563846,4,False,0.5214204586650549,1.1355290492574487e-09,2.190556777520915e-05,0.625,570.4697768302857,135.34295236527657,0.2943872434559136,0.0020576971643820885,False,False,False,0.125,fine_group_00.mat
g00_c38,0,38,OC_CNT,0.6,100.0,-0.1,40,spectral_boundary,1168.2869234653754,671.8827049033425,299.9918662286536,1247.2336561301613,0.475246300757696,6,False,0.45399895688724273,2.7934575079292953e-08,0.00023131332923870178,0.25,778.857948976917,222.2026308091203,0.303971930944679,0.005037720671406842,False,False,False,0.125,fine_group_00.mat
g00_c39,0,39,OC_CNT,0.6,150.0,-0.1,40,spectral_boundary,1612.4030352973123,821.7884183392855,299.9918662286536,1612.9813668793427,0.5742579634870076,11,False,0.5089220977394397,1.3738497215201307e-07,0.0004782548293649091,0.375,1074.9353568648748,138.41715146468857,0.2981853625549563,0.007970596696381671,False,False,False,0.125,fine_group_00.mat
g00_c40,0,40,OC_CNT,0.7,5.0,-0.1,600,completed,23.386943287880335,26.10235368403808,23.386943287880335,29.42752406283951,0.06709534110912475,4,False,0.009396765322356856,1.2810086277065135e-24,1.0259392427720577e-30,4.5,10.022975694805858,0.6577220142277176,0.3715782935132331,4.278473821850426e-05,True,False,False,0.125,fine_group_00.mat
g00_c41,0,41,OC_CNT,0.7,10.0,-0.1,120,spectral_boundary,306.84953394024956,471.50419756964345,306.84953394024956,686.3369240472637,0.2396390327718262,4,False,0.5314126524216777,1.7124945085903006e-13,6.329658290528373e-08,0.625,131.50694311724982,63.478741033986836,0.24557772275717643,0.0007979000503851585,False,False,False,0.125,fine_group_00.mat
g00_c42,0,42,OC_CNT,0.7,15.0,-0.1,600,completed,445.1904292514862,474.5176621704615,444.1228393308536,514.6859801059843,0.04754972075947473,15,False,0.08498441248594943,8.863835424975348e-19,2.575704115052788e-13,0.875,190.79589825063695,19.61120977112468,0.21222059029767554,3.4335363696680332e-06,True,False,False,0.125,fine_group_00.mat
g00_c43,0,43,OC_CNT,0.7,20.0,-0.1,600,completed,665.8453767564255,629.802956337766,604.494380320855,665.8453767564255,0.031367494709472435,19,False,0.03215185731318195,1.0131868598632373e-20,2.8078967967629932e-15,1.0,285.36230432418245,17.407761875896256,0.19879604095431225,0.0002236838106384198,True,False,False,0.125,fine_group_00.mat
g00_c44,0,44,OC_CNT,0.7,30.0,-0.1,60,spectral_boundary,785.4979794095693,592.1321623329628,299.99030853571526,861.141025535364,0.3283347506361392,5,False,0.5230499481896943,1.752343469870178e-11,1.6394261112041748e-06,0.625,336.6419911755298,85.07481130240912,0.252562758315097,0.001156343732784726,False,False,False,0.125,fine_group_00.mat
g00_c45,0,45,OC_CNT,0.7,50.0,-0.1,60,spectral_boundary,1045.447378151709,689.8520991190803,299.99030853571526,1049.840636074956,0.4047523361581596,10,False,0.5147442224182747,8.720262795322994e-11,4.054552703131477e-06,0.75,448.0488763507325,81.0852152366405,0.2624238091529171,0.002846543090245124,False,False,False,0.125,fine_group_00.mat
g00_c46,0,46,OC_CNT,0.7,100.0,-0.1,60,spectral_boundary,2198.496817005669,1035.0417996454821,299.99030853571526,2198.496817005669,0.5893072225282185,10,False,0.659575771583304,3.141896865337418e-09,2.7122047642705128e-05,0.625,942.2129215738585,144.82179912691402,0.25214437805939793,0.006838606125320168,False,False,False,0.125,fine_group_00.mat
g00_c47,0,47,OC_CNT,0.7,150.0,-0.1,40,spectral_boundary,2159.6239143040275,846.5573804483272,299.99030853571526,2184.026254574791,0.6753099220469148,10,False,0.3991958772182125,1.937895132408349e-09,2.7858017109837256e-05,1.125,925.5531061302975,107.75422513016328,0.2666595158006614,0.007938339783274628,False,False,False,0.125,fine_group_00.mat
g00_c48,0,48,OC_CNT,0.8,5.0,-0.1,600,completed,9.066485169505125,11.167477796004839,9.066485169505125,13.791347047557624,0.12248957179036271,5,False,0.012495257772409615,3.576146106197557e-24,8.771682042972956e-31,13.125,2.2666212923762807,0.12055083154416271,0.38071558751259776,3.0992746852365194e-05,True,False,False,0.125,fine_group_00.mat
g00_c49,0,49,OC_CNT,0.8,10.0,-0.1,600,completed,340.7451853497295,352.4204032823959,340.7451853497295,361.45393953706537,0.011692031921845538,10,False,0.046294026039923615,5.54002842659977e-23,1.6983217421366712e-16,1.0,85.18629633743237,10.154762555556001,0.265701037039003,0.00036118573159471534,True,True,False,0.125,fine_group_00.mat
g00_c50,0,50,OC_CNT,0.8,15.0,-0.1,600,completed,453.4150563184767,479.06826092305994,453.4150563184767,522.9272893636429,0.03904423675290276,14,False,0.0437316577981023,7.811850276890083e-23,1.55636438008802e-16,1.125,113.35376407961914,9.676625604935438,0.24056167698513986,9.489190893274824e-06,True,False,False,0.125,fine_group_00.mat
g00_c51,0,51,OC_CNT,0.8,20.0,-0.1,60,spectral_boundary,823.8358088354763,548.0271928113674,299.988111635569,856.8511047071875,0.3298180478495773,3,False,0.36610347188232006,3.4522609023739596e-13,2.488695505098171e-07,0.625,205.95895220886905,71.74388086291788,0.26327429358899457,0.0003067461298893459,False,False,False,0.125,fine_group_00.mat
g00_c52,0,52,OC_CNT,0.8,30.0,-0.1,60,spectral_boundary,968.1099609622975,598.7038614734286,299.988111635569,997.2240958369051,0.3863137938703327,3,False,0.41991048865544695,5.005174504246263e-13,1.3458203359099913e-07,1.375,242.0274902405743,38.05676039789368,0.24893467521863155,0.0011354634707156919,False,False,False,0.125,fine_group_00.mat
g00_c53,0,53,OC_CNT,0.8,50.0,-0.1,60,spectral_boundary,1313.4986522589063,716.4281055469833,299.988111635569,1313.4986522589063,0.49062077319271924,3,False,0.48793639391389365,2.640512929618209e-11,3.860967690589875e-06,0.625,328.3746630647265,85.38606476459533,0.231712562344283,0.0027569340093420713,False,False,False,0.125,fine_group_00.mat
g00_c54,0,54,OC_CNT,0.8,100.0,-0.1,60,spectral_boundary,2525.1160057488414,1113.0691424435677,299.988111635569,2525.1160057488414,0.6875722824224884,9,False,0.5777185567062109,9.621223273329309e-11,2.2896753016300877e-05,0.625,631.2790014372101,82.89377889112569,0.2194873908566718,0.006586689918863908,False,False,False,0.125,fine_group_00.mat
g00_c55,0,55,OC_CNT,0.8,150.0,-0.1,60,spectral_boundary,4446.861740399936,1691.1165642638887,299.988111635569,4446.861740399936,0.8192930686781755,13,False,0.5860411675261806,1.0874187776205135e-09,7.068104395580266e-05,0.5,1111.7154350999836,143.0868907337758,0.22189420220020756,0.010022822972307055,False,False,False,0.125,fine_group_00.mat
g00_c56,0,56,OC_CNT,0.9,5.0,-0.1,600,completed,1.210327795568789,2.2688381536546722,1.210327795568789,3.789808401090294,0.32857284691283056,5,False,0.015695228381597766,7.757577688673793e-24,6.076177546160164e-31,6.0,0.13448086617430985,0.007248745272361768,0.25041368524620566,9.449054934751455e-05,True,False,False,0.125,fine_group_00.mat
g00_c57,0,57,OC_CNT,0.9,10.0,-0.1,600,completed,210.2530060574597,189.07880503010344,158.5872876242409,210.2530060574597,0.0889328368208603,7,False,0.022362043039381087,2.695684602845361e-24,1.9449450990852888e-24,1.75,23.361445117495517,2.09732574072483,0.24870473906962065,9.058109091464317e-06,True,True,False,0.125,fine_group_00.mat
g00_c58,0,58,OC_CNT,0.9,15.0,-0.1,600,completed,441.5935966957369,462.9208239510961,441.5935966957369,491.5575940844964,0.03569435374764049,11,False,0.017533508083751953,5.480847073088835e-24,1.7649509611948833e-23,1.375,49.0659551884152,3.4886515334492314,0.24401149301618685,0.00016330426396493625,True,True,False,0.125,fine_group_00.mat
g00_c59,0,59,OC_CNT,0.9,20.0,-0.1,600,completed,587.0897341599513,650.8349783958247,586.3640463052513,702.1908347864367,0.06558761924231689,13,False,0.041424078500408947,1.679010317336171e-23,1.4684995148594946e-18,1.375,65.23219268443901,3.6865083533366567,0.22518635958899258,5.678932125474656e-05,True,False,False,0.125,fine_group_00.mat
g00_c60,0,60,OC_CNT,0.9,30.0,-0.1,600,completed,1057.890811490955,1026.9693091020229,960.0739839655812,1074.2352373203557,0.031009931964998867,17,False,0.051605806349453165,9.427372989376435e-22,2.3361976790194818e-15,1.0,117.543423498995,9.704916838317443,0.21520591779517317,0.0001460441267633339,True,False,False,0.125,fine_group_00.mat
g00_c61,0,61,OC_CNT,0.9,50.0,-0.1,80,spectral_boundary,1703.080320796264,919.5640009349111,299.98435477468956,1754.6569078419516,0.5733052917835165,5,False,0.37478022744078204,7.934263785811749e-12,3.8835940199654126e-06,0.75,189.2311467551404,32.26285560296254,0.2470225263824508,0.0026385727155692207,False,False,False,0.125,fine_group_00.mat
g00_c62,0,62,OC_CNT,0.9,100.0,-0.1,80,spectral_boundary,4135.801233581178,1725.5500780088946,299.98435477468956,4135.801233581178,0.7779440786451117,8,False,0.4351405641684898,2.1335806923371204e-10,1.6155307089579162e-05,0.75,459.53347039790856,45.15499872335396,0.25253270999421173,0.006161700817364779,False,False,False,0.125,fine_group_00.mat
g00_c63,0,63,OC_CNT,0.9,150.0,-0.1,60,spectral_boundary,5296.037332824699,1716.4415930794705,299.98435477468956,5296.037332824699,0.9483482294285951,9,False,0.46490098427363225,1.2659616922605521e-10,1.4990951920615313e-05,0.5,588.4485925360776,69.08244890117344,0.23573344481228387,0.00881031250882236,False,False,False,0.125,fine_group_00.mat
g01_c00,1,0,OC_CNT,0.2,5.0,0.0,40,spectral_boundary,199.12345906717246,424.99202311029956,199.12345906717246,590.4604416583743,0.2789313098884012,19,False,0.6097399982839947,4.383095577874676e-07,0.002186389163943278,0.625,796.4938362686898,78.29763291308166,0.12390704361506272,0.0012831228553741303,False,False,False,0.125,fine_group_01.mat
g01_c01,1,1,OC_CNT,0.2,10.0,0.0,40,spectral_boundary,209.13865989192402,432.76924780534574,209.13865989192402,599.0588189213304,0.271973354551662,9,False,0.574120166891205,6.350640028227586e-07,0.002909807160293053,0.625,836.5546395676961,179.32769220220612,0.19707264747445785,0.0009881459843797957,False,False,False,0.125,fine_group_01.mat
g01_c02,1,2,OC_CNT,0.2,15.0,0.0,40,spectral_boundary,214.78261169498182,437.3001379630995,214.78261169498182,607.7572823811163,0.27524583549499293,12,False,0.5464575204730905,4.5402724284920257e-07,0.004024694731513222,0.625,859.1304467799272,107.09967706442866,0.24995063660055994,0.0006821278369999462,False,False,False,0.125,fine_group_01.mat
g01_c03,1,3,OC_CNT,0.2,20.0,0.0,40,spectral_boundary,204.78261632874785,440.58716465985725,204.78261632874785,616.9731721348214,0.28597063718323884,22,False,0.6170804411739392,2.4285682335010786e-06,0.009326930129162976,0.375,819.1304653149914,67.29025082224744,0.29085806479888066,0.0003709166739573888,False,False,False,0.125,fine_group_01.mat
g01_c04,1,4,OC_CNT,0.2,30.0,0.0,40,spectral_boundary,238.4484168915444,449.63070314302934,238.4484168915444,635.8994462715315,0.2746467684727356,16,False,0.6071466598995463,4.126056276914455e-07,0.003457626369027479,0.75,953.793667566178,110.98986768261051,0.3189028306002678,0.00023930001297089998,False,False,False,0.125,fine_group_01.mat
g01_c05,1,5,OC_CNT,0.2,50.0,0.0,40,spectral_boundary,286.1915988356357,475.9529397386156,286.1915988356357,675.1144593158435,0.26522439317509283,12,False,0.5573415070401053,8.939638909662785e-07,0.004656925624710257,0.75,1144.7663953425426,208.76469624934512,0.34647095648262405,0.001433837784679759,False,False,False,0.125,fine_group_01.mat
g01_c06,1,6,OC_CNT,0.2,100.0,0.0,40,spectral_boundary,361.13921163839456,523.2075704253796,299.99556841314313,780.0826218197517,0.283040634934528,28,False,0.6097374240748924,2.3282544645306744e-06,0.01098775302139523,0.625,1444.5568465535782,134.19047076148436,0.3682732310101826,0.004483502836197473,False,False,False,0.125,fine_group_01.mat
g01_c07,1,7,OC_CNT,0.2,150.0,0.0,40,spectral_boundary,515.7585981615518,584.5353614393431,299.99556841314313,880.2050798438047,0.2871253460099244,29,False,0.6759632220967702,1.2694498961737009e-06,0.01401672388597264,0.625,2063.0343926462074,177.5423506899429,0.36050405268341335,0.007479259258445947,False,False,False,0.125,fine_group_01.mat
g01_c08,1,8,OC_CNT,0.3,5.0,0.0,40,spectral_boundary,452.6693389361938,504.31484706708426,299.99487886363056,651.5975269641958,0.2251283612414341,9,False,0.38350225339622185,2.8338912316952896e-09,3.406889697060708e-05,1.375,1056.2284575177855,84.19321293428168,0.13565341833143485,0.0011396765616750182,False,False,False,0.125,fine_group_01.mat
g01_c09,1,9,OC_CNT,0.3,10.0,0.0,40,spectral_boundary,460.7440424437975,511.8491262040232,299.99487886363056,668.1609172106657,0.23326743700134173,6,False,0.41037391946518514,1.3064428406748223e-08,0.00010424313031090917,1.125,1075.069432368861,79.61972754844427,0.1468208177385688,0.0008373947181955499,False,False,False,0.125,fine_group_01.mat
g01_c10,1,10,OC_CNT,0.3,15.0,0.0,40,spectral_boundary,465.75868707617445,519.397448918979,299.99487886363056,685.5371316260118,0.24143079857993094,12,False,0.40387127074012197,6.323490638520943e-09,0.00010092393479342697,1.0,1086.7702698444073,97.13404739014445,0.20382770303463849,0.0005350506613381878,False,False,False,0.125,fine_group_01.mat
g01_c11,1,11,OC_CNT,0.3,20.0,0.0,40,spectral_boundary,471.4306897994722,526.8281513141535,299.99487886363056,703.2582567384399,0.24951644697297212,11,False,0.4427106721994052,4.200610453553203e-08,0.00048646793702650096,0.75,1100.0049428654352,90.33841612494847,0.24066358130385246,0.00023243301886732848,False,False,False,0.125,fine_group_01.mat
g01_c12,1,12,OC_CNT,0.3,30.0,0.0,40,spectral_boundary,478.73360047639204,541.7336745009964,299.99487886363056,739.6663568260283,0.2655017068427643,16,False,0.40075217289765114,8.183458718003475e-08,0.0004569386266596473,0.625,1117.0450677782483,105.70468070002593,0.2863214070185689,0.00037275429726779663,False,False,False,0.125,fine_group_01.mat
g01_c13,1,13,OC_CNT,0.3,50.0,0.0,40,spectral_boundary,513.3306149620591,573.8433246189836,299.99487886363056,816.2951871190335,0.29556305461324384,15,False,0.452998125811059,1.346085175008864e-07,0.002115133748102263,0.625,1197.7714349114717,164.1241251215889,0.32562112921428565,0.001576440847881888,False,False,False,0.125,fine_group_01.mat
g01_c14,1,14,OC_CNT,0.3,100.0,0.0,40,spectral_boundary,636.7416154120352,654.0453772485218,299.99487886363056,1027.4759222885507,0.35609729812540974,15,False,0.5604441790041883,6.851867158232547e-07,0.002248113352868208,0.5,1485.7304359614159,184.33511216056624,0.349241267856113,0.004583023688244592,False,False,False,0.125,fine_group_01.mat
g01_c15,1,15,OC_CNT,0.3,150.0,0.0,40,spectral_boundary,788.9729462128637,737.2130506782429,299.99487886363056,1233.6486400942927,0.402178887837645,31,False,0.6063536562679779,5.651652736059803e-07,0.005209971021072032,0.5,1840.9368744966823,143.21547859043443,0.34864383823668876,0.00757927447600093,False,False,False,0.125,fine_group_01.mat
g01_c16,1,16,OC_CNT,0.4,5.0,0.0,60,spectral_boundary,198.9412010594125,479.99983059957634,198.9412010594125,691.6373974432083,0.31008899109884175,5,False,0.12723711801668708,5.420435933542545e-10,1.3216252808234543e-05,16.25,298.4118015891187,8.856502166756009,0.1756283569282916,0.0013182039308459181,False,False,False,0.125,fine_group_01.mat
g01_c17,1,17,OC_CNT,0.4,10.0,0.0,60,spectral_boundary,211.47926349543417,491.69691907787455,211.47926349543417,718.9149514539203,0.31695732899918977,5,False,0.12779655002168594,6.525321646688468e-10,1.323664788004117e-05,16.375,317.2188952431512,9.439577058870569,0.25481265649651397,0.0008691927097436158,False,False,False,0.125,fine_group_01.mat
g01_c18,1,18,OC_CNT,0.4,15.0,0.0,60,spectral_boundary,225.19267594834727,503.6567715224364,225.19267594834727,747.4266676948594,0.32367729243820437,4,False,0.12925839430842415,8.239125476274982e-10,1.8492970814224764e-05,16.375,337.7890139225209,10.061478799718504,0.29300594485928244,0.0004210489393842165,False,False,False,0.125,fine_group_01.mat
g01_c19,1,19,OC_CNT,0.4,20.0,0.0,60,spectral_boundary,240.15617575019593,515.8971148880081,240.15617575019593,776.6775207715505,0.33017779593174107,4,False,0.12951812639871982,9.786463449734172e-10,1.984668299075633e-05,16.5,360.2342636252939,10.737996015183299,0.3134037806435094,2.6170751096343814e-05,False,False,False,0.125,fine_group_01.mat
g01_c20,1,20,OC_CNT,0.4,30.0,0.0,60,spectral_boundary,274.0349035844873,541.2350507728594,274.0349035844873,837.3079319160174,0.34246997337201157,3,False,0.13190400297019064,1.3991630138875267e-09,2.768943703566327e-05,16.625,411.05235537673093,12.223062684786365,0.3331760747852789,0.00091778437410861,False,False,False,0.125,fine_group_01.mat
g01_c21,1,21,OC_CNT,0.4,50.0,0.0,60,spectral_boundary,364.13745478692647,594.5372519037411,299.99405543839146,966.199761656914,0.3629485379851708,8,False,0.3635417822246591,1.0418267896288939e-08,8.039143539849427e-05,17.25,546.2061821803896,15.769578812163022,0.34355131539505357,0.0026919802506506496,False,False,False,0.125,fine_group_01.mat
g01_c22,1,22,OC_CNT,0.4,100.0,0.0,40,spectral_boundary,1227.897995002496,743.7195179772401,299.99405543839146,1320.483092390788,0.4787105928738205,12,False,0.46659018371934274,2.6223569995288246e-08,0.00015803000098371807,1.875,1841.8469925037439,204.2283471571973,0.3159474742971514,0.004651526515524473,False,False,False,0.125,fine_group_01.mat
g01_c23,1,23,OC_CNT,0.4,150.0,0.0,40,spectral_boundary,1405.9166433748019,885.4709082555371,299.99405543839146,1696.7780265918414,0.5519920018585741,16,False,0.48460208732869325,4.59937931865672e-07,0.0025584941627358635,0.75,2108.8749650622026,343.2060973563927,0.3223287145563767,0.007560830879539293,False,False,False,0.125,fine_group_01.mat
g01_c24,1,24,OC_CNT,0.5,5.0,0.0,60,spectral_boundary,407.32121679709013,532.650736558657,299.9930727893835,718.2264398893362,0.2525379689206824,4,False,0.11272281708635662,2.671613387027481e-12,4.333350163805391e-08,14.75,407.32121679709,18.99210920654232,0.18730700112884113,0.0012922596030026101,False,False,False,0.125,fine_group_01.mat
g01_c25,1,25,OC_CNT,0.5,10.0,0.0,60,spectral_boundary,417.99307667400547,550.046575929615,299.9930727893835,759.9106235496533,0.2700609319815554,5,False,0.11644991029442066,8.594645385052836e-12,8.32305529831889e-08,16.0,417.99307667400547,18.94639177231122,0.20568379704954054,0.0008549234312682508,False,False,False,0.125,fine_group_01.mat
g01_c26,1,26,OC_CNT,0.5,15.0,0.0,60,spectral_boundary,429.02407533863607,567.6657046433758,299.9930727893835,803.2559983793839,0.28730487976146746,5,False,0.11731536514314174,3.7231389113636054e-11,5.007142961935224e-07,14.5,429.0240753386361,18.872769689395316,0.2506645231567649,0.00041822532176860605,False,False,False,0.125,fine_group_01.mat
g01_c27,1,27,OC_CNT,0.5,20.0,0.0,60,spectral_boundary,441.19348071611705,585.515671367065,299.9930727893835,848.1982680625609,0.3041063313897953,5,False,0.11871517258430987,5.4918547327759885e-11,1.8187739763542666e-06,15.0,441.19348071611705,18.826082871923,0.2759774344073038,1.780018395902694e-05,False,False,False,0.125,fine_group_01.mat
g01_c28,1,28,OC_CNT,0.5,30.0,0.0,60,spectral_boundary,471.6083814231905,621.9933024179852,299.9930727893835,942.4863469074992,0.3359157934997884,6,False,0.12104441824072876,2.3879208268780963e-10,1.9406264748141323e-06,13.375,471.6083814231905,18.545817755299453,0.3019451218712921,0.000887556539003076,False,False,False,0.125,fine_group_01.mat
g01_c29,1,29,OC_CNT,0.5,50.0,0.0,60,spectral_boundary,565.5067769875776,698.8625834731499,299.9930727893835,1144.2670679527469,0.3908702648124925,7,False,0.12657253406349003,1.600794674329968e-10,1.080931462982741e-05,15.625,565.5067769875777,17.553951748969247,0.31847969507805496,0.00261557915620958,False,False,False,0.125,fine_group_01.mat
g01_c30,1,30,OC_CNT,0.5,100.0,0.0,60,spectral_boundary,1043.5719545636425,920.6380689836236,299.9930727893835,1697.292123882493,0.47823230546391926,10,False,0.43504929539650894,1.3295991883917101e-07,0.00044416355439843094,0.625,1043.5719545636423,61.58671077397196,0.31107414203014194,0.006849479651475421,False,False,False,0.125,fine_group_01.mat
g01_c31,1,31,OC_CNT,0.5,150.0,0.0,60,spectral_boundary,2052.775764734736,1266.4196764905223,299.9930727893835,2292.126430095976,0.5497772861134318,11,False,0.45364111635507676,2.6774900090533277e-07,0.001144812069190909,1.125,2052.775764734736,269.1582539995808,0.2854175990419008,0.010739566300146941,False,False,False,0.125,fine_group_01.mat
g01_c32,1,32,OC_CNT,0.6,5.0,0.0,600,completed,14.281441745032314,13.220946622752017,12.415552781424173,14.281441745032314,0.041379422585529554,3,False,0.002108607333249028,5.395574318337624e-24,1.0569118352613874e-30,3.375,9.520961163354876,0.5081260782829258,0.3890237379682613,0.00012931080160083486,True,False,False,0.125,fine_group_01.mat
g01_c33,1,33,OC_CNT,0.6,10.0,0.0,600,completed,248.30743822425006,209.3951997000026,189.4860318474682,248.30743822425006,0.08093038284438228,13,False,0.010646186889986515,9.54509323979261e-23,9.382913411683152e-20,8.0,165.53829214950005,4.123245305217063,0.2211247740105955,0.00014812723986745713,True,True,False,0.125,fine_group_01.mat
g01_c34,1,34,OC_CNT,0.6,15.0,0.0,600,completed,326.5615437517116,450.2086004879995,323.8541111956664,593.0798994834308,0.22037496233418247,19,False,0.05221793543547488,3.611392024698903e-13,4.7373435413344865e-09,2.375,217.70769583447444,4.544954247623109,0.22937317209882013,1.5082406622513034e-06,True,False,False,0.125,fine_group_01.mat
g01_c35,1,35,OC_CNT,0.6,20.0,0.0,260,spectral_boundary,614.0467660608664,488.80967624486425,232.05192818942874,819.2175047946625,0.40507351317278234,13,False,0.07441129109836686,1.772631565241885e-13,1.3302257082345294e-08,23.625,409.3645107072442,9.789157737799927,0.23291184606127335,0.000633340460065912,False,False,False,0.125,fine_group_01.mat
g01_c36,1,36,OC_CNT,0.6,30.0,0.0,200,spectral_boundary,1013.656251269746,640.4439597868258,354.99982799368956,1180.3842528223604,0.4438857939108165,6,False,0.07808519782309686,3.570143176139838e-13,2.4973612862274416e-08,8.75,675.7708341798306,23.027593538498646,0.22968156164218334,0.0016394149237723976,False,False,False,0.125,fine_group_01.mat
g01_c37,1,37,OC_CNT,0.6,50.0,0.0,60,spectral_boundary,1040.6223556252296,785.4060732302662,299.9918662286536,1379.7194426940437,0.47424302227100057,4,False,0.11731919884910191,4.346948624809595e-12,5.405756116548239e-08,23.875,693.7482370834864,30.36086643129674,0.2795966007553272,0.002547089829845417,False,False,False,0.125,fine_group_01.mat
g01_c38,1,38,OC_CNT,0.6,100.0,0.0,60,spectral_boundary,1451.3687377604874,1092.9690893870788,299.9918662286536,2221.7619460722176,0.5941208191241882,8,False,0.36525671456373976,1.441973091398495e-08,6.179321761246628e-05,1.0,967.5791585069916,52.175967173565326,0.28627164955737583,0.006613822018490034,False,False,False,0.125,fine_group_01.mat
g01_c39,1,39,OC_CNT,0.6,150.0,0.0,60,spectral_boundary,2399.167902358372,1483.344563894702,299.9918662286536,3103.883776611185,0.6577476549407564,12,False,0.42509027085791296,1.0287080028436145e-07,0.0003793682923171758,0.375,1599.4452682389147,128.91741423354082,0.2699434929651273,0.01046953709238807,False,False,False,0.125,fine_group_01.mat
g01_c40,1,40,OC_CNT,0.7,5.0,0.0,600,completed,5.911407333198726,6.074427438183014,5.911407333198726,6.40666571754454,0.0242981130290738,3,False,0.001818017663591603,7.878047391495112e-24,8.747369134437764e-31,11.625,2.5334602856565978,0.09356474174046103,0.4268317891162295,0.00011585163714877833,True,False,False,0.125,fine_group_01.mat
g01_c41,1,41,OC_CNT,0.7,10.0,0.0,600,completed,225.41223794786177,227.37497068102581,224.28537444315845,238.9542111814973,0.014712471751182996,8,False,0.00983384887347728,4.494144732226302e-23,4.3930168256010914e-20,3.625,96.60524483479794,3.5850926860869223,0.23956735450296307,0.00010004086873771634,True,True,False,0.125,fine_group_01.mat
g01_c42,1,42,OC_CNT,0.7,15.0,0.0,600,completed,569.266156576523,522.8484016077226,431.49171740145573,614.7856483735134,0.10623352141345223,11,False,0.03489741551995697,1.1614062732325558e-16,2.4248888726429165e-12,5.25,243.97120996136704,12.125334030048208,0.21648920558789098,0.00019365943809956931,True,False,False,0.125,fine_group_01.mat
g01_c43,1,43,OC_CNT,0.7,20.0,0.0,600,completed,392.8863171126576,596.0057875261876,382.11279038619466,874.5748915458281,0.29933475394351317,18,False,0.048034300538043896,1.3050343162475898e-14,4.849761365742983e-10,4.125,168.379850191139,3.8601891054412705,0.21363720711248246,0.00035438507714236067,True,False,False,0.125,fine_group_01.mat
g01_c44,1,44,OC_CNT,0.7,30.0,0.0,80,spectral_boundary,674.6860928142605,746.9439661913967,299.99030853571526,1244.6100337625167,0.4153880211795806,6,False,0.103927894944697,1.3539823642831609e-12,1.952994155720193e-08,15.625,289.1511826346831,8.776635675729864,0.2555016025749036,0.0010940042838041286,False,False,False,0.125,fine_group_01.mat
g01_c45,1,45,OC_CNT,0.7,50.0,0.0,320,spectral_boundary,1576.3404894154723,1911.5160092161816,1576.3404894154723,2281.1037255505553,0.11935938474871201,13,False,0.13560960098184213,5.766994180480713e-11,1.0264056835136503e-06,1.0,675.574495463774,42.26220440056431,0.19263604147515423,0.0002865301090928529,False,False,False,0.125,fine_group_01.mat
g01_c46,1,46,OC_CNT,0.7,100.0,0.0,60,spectral_boundary,2343.769269734502,1262.88042572931,299.99030853571526,2987.4483883309003,0.7359875266357613,7,False,0.18533485854261184,2.937302254844837e-10,2.263155194519845e-06,16.125,1004.4725441719296,40.28334498296284,0.24875034918173267,0.006331588977498748,False,False,False,0.125,fine_group_01.mat
g01_c47,1,47,OC_CNT,0.7,150.0,0.0,60,spectral_boundary,3280.9212894704924,1765.4580888709454,299.99030853571526,4310.021675546722,0.7916743799941881,18,False,0.40590967565862035,1.4513463408279363e-08,0.00023221289430450242,0.625,1406.109124058783,55.64785135432478,0.24065597652432125,0.00996918266175828,False,False,False,0.125,fine_group_01.mat
g01_c48,1,48,OC_CNT,0.8,5.0,0.0,600,completed,1.8676894297547724,2.355913168276987,1.8676894297547724,2.976969675121551,0.13645857683551418,3,False,0.005115732092497466,1.0599685014538799e-23,7.3531949173205175e-31,10.875,0.4669223574386929,0.01684377316782122,0.39354753626094613,6.108530451243155e-05,True,False,False,0.125,fine_group_01.mat
g01_c49,1,49,OC_CNT,0.8,10.0,0.0,600,completed,231.50061482829108,344.19049195228223,231.50061482829108,420.9973177849937,0.1868379923680192,7,False,0.03339135534441645,6.454399977511927e-23,8.333049966931192e-18,1.5,57.87515370707276,1.2515542925870966,0.2639713757296821,0.0003347530339299354,True,True,False,0.125,fine_group_01.mat
g01_c50,1,50,OC_CNT,0.8,15.0,0.0,600,completed,406.69616729694843,405.4964089690704,394.40922295392033,413.70115222294214,0.01330771293230782,9,False,0.01852301656143182,1.9091097684172687e-22,1.3470020882015148e-18,8.0,101.6740418242371,3.4559539483512545,0.24093954111189242,0.00023752065051485527,True,True,False,0.125,fine_group_01.mat
g01_c51,1,51,OC_CNT,0.8,20.0,0.0,600,completed,782.2767651435654,1029.4896101222769,782.2767651435654,1181.1595245897208,0.10061922429463495,9,False,0.040999867159374245,3.437260192405771e-17,8.576584871152243e-13,9.75,195.56919128589132,7.258915613793014,0.23333426644745414,0.0011358276927895261,True,False,False,0.125,fine_group_01.mat
g01_c52,1,52,OC_CNT,0.8,30.0,0.0,600,completed,1435.9509626672743,905.4946920798062,598.319729494031,1435.9509626672743,0.28356997565510883,15,False,0.03464300861687918,1.3305795948988299e-18,1.9025985835086832e-13,5.875,358.98774066681847,13.806303559616138,0.2199889503821434,0.0008463304930771409,True,False,False,0.125,fine_group_01.mat
g01_c53,1,53,OC_CNT,0.8,50.0,0.0,600,completed,2283.391581978067,2081.197353444704,1850.724353349665,2286.6074007650427,0.057609524051133544,36,False,0.06155868122329285,1.387378631002061e-13,2.817839698644459e-09,5.0,570.8478954945166,14.533081108270832,0.1868976292345318,6.535424797637912e-05,True,False,False,0.125,fine_group_01.mat
g01_c54,1,54,OC_CNT,0.8,100.0,0.0,180,spectral_boundary,3957.8386640817507,3541.5216839384875,2905.3649173751064,3962.5131796571495,0.08465658123102154,18,False,0.05914689061544993,5.198072488784576e-13,3.9505616256257066e-08,0.75,989.4596660204373,23.49528012778829,0.21099457827860446,0.0026850142430361323,False,False,False,0.125,fine_group_01.mat
g01_c55,1,55,OC_CNT,0.8,150.0,0.0,60,spectral_boundary,4951.979156538637,2072.6325304837865,299.988111635569,6162.0747129962765,0.9639874309862624,10,False,0.28364992487415497,3.5696371283053955e-09,1.838954596199354e-05,1.375,1237.994789134659,97.0346542532526,0.22516974616684837,0.009228139875082308,False,False,False,0.125,fine_group_01.mat
g01_c56,1,56,OC_CNT,0.9,5.0,0.0,600,completed,0.16617786739131368,0.3451576903412398,0.16617786739131368,0.6211942735468825,0.37906116874442836,3,False,0.013271393509793445,1.1174103086188885e-23,6.0550551736120325e-31,4.875,0.01846420748792374,0.0007318365344883253,0.24902914898210393,8.793899949943729e-05,True,False,False,0.125,fine_group_01.mat
g01_c57,1,57,OC_CNT,0.9,10.0,0.0,600,completed,130.99686013372667,86.34098735773203,56.526491718688845,130.99686013372667,0.2490804743488044,3,False,0.009849560902055236,7.03409950137836e-24,5.471662116216695e-31,14.875,14.55520668152518,0.42420922609702333,0.21592507366109404,0.00034115810744672626,True,False,False,0.125,fine_group_01.mat
g01_c58,1,58,OC_CNT,0.9,15.0,0.0,600,completed,301.62761450558753,468.34253700459107,301.62761450558753,840.4052799066185,0.36249624281426884,8,False,0.027230374698310997,4.0018519004530945e-23,3.0188282312991875e-21,8.375,33.51417938950972,0.845849988029578,0.21309641892413844,0.00017200274161199847,True,False,False,0.125,fine_group_01.mat
g01_c59,1,59,OC_CNT,0.9,20.0,0.0,600,completed,498.98361957476925,350.3601348059175,287.7070960562755,498.98361957476925,0.1839274908821495,7,False,0.01028498886344184,2.519506767988844e-22,2.3080337177234463e-30,3.25,55.44262439719657,1.6542185654328248,0.2134503222360653,0.0009069736466984502,True,True,False,0.125,fine_group_01.mat
g01_c60,1,60,OC_CNT,0.9,30.0,0.0,600,completed,1112.113960045548,1514.2338149436573,1112.113960045548,1894.064760013692,0.14540836500921103,13,False,0.0433536916192308,2.0703400496015142e-19,9.1168105616412e-15,8.625,123.56821778283863,3.3587235706217924,0.22074820283255014,0.0014563327395433756,True,False,False,0.125,fine_group_01.mat
g01_c61,1,61,OC_CNT,0.9,50.0,0.0,600,completed,2281.956362815423,1964.9053240174105,926.5873983211466,2853.7495774136687,0.29481259733767967,17,False,0.06460374086834209,1.8273543112609803e-16,7.143831279704978e-12,6.875,253.5507069794913,11.16069053229456,0.2038608927607949,0.00014418795055282096,True,False,False,0.125,fine_group_01.mat
g01_c62,1,62,OC_CNT,0.9,100.0,0.0,80,spectral_boundary,4066.8234247412242,2070.05491639417,299.98435477468956,5822.725497383721,0.9062524755066519,5,False,0.13557956759993897,2.933568053976799e-13,1.2972224501501383e-08,15.875,451.86926941569146,13.44908534349505,0.2484135457733021,0.005258937255058993,False,False,False,0.125,fine_group_01.mat
g01_c63,1,63,OC_CNT,0.9,150.0,0.0,380,spectral_boundary,6297.039023061301,6288.67002507486,5704.973368350546,7446.399233174854,0.06957495286421202,41,False,0.15410304548231493,1.2005199655346502e-12,2.9960229991553386e-08,1.0,699.6710025623665,21.168446617297416,0.13797208161352703,0.00028193043284330255,False,False,False,0.125,fine_group_01.mat
g02_c00,2,0,OC_CNT,0.2,5.0,0.1,40,spectral_boundary,515.2737294439216,526.4877630808803,299.99556841314313,658.6783049133427,0.21988348797809013,28,False,0.5903156183931236,4.984426599646664e-09,7.018393989412912e-05,0.75,2061.0949177756866,156.86335117836745,0.11231653129647251,0.0016449759757730664,False,False,False,0.125,fine_group_02.mat
g02_c01,2,1,OC_CNT,0.2,10.0,0.1,40,spectral_boundary,522.5732020239976,533.2122311408395,299.99556841314313,675.8855929366671,0.22662728480018976,24,False,0.591157979491016,1.2924329785688754e-08,7.725582838963647e-05,0.5,2090.2928080959905,232.38200878294447,0.11129143141103559,0.0013463637665805939,False,False,False,0.125,fine_group_02.mat
g02_c02,2,2,OC_CNT,0.2,15.0,0.1,40,spectral_boundary,522.7360568423376,539.4494857739962,299.99556841314313,693.4480968942898,0.23356511194564616,24,False,0.6154888860683385,1.425902703201328e-08,9.867685555329764e-05,0.875,2090.9442273693503,159.2731696620188,0.13762756983088842,0.00104556991396354,False,False,False,0.125,fine_group_02.mat
g02_c03,2,3,OC_CNT,0.2,20.0,0.1,40,spectral_boundary,529.6997272139511,546.5293471683092,299.99556841314313,711.347866944414,0.24025326732410054,24,False,0.6106766798184147,2.6139532651154693e-08,0.00014308092489463806,0.5,2118.7989088558043,203.7956495078923,0.17675443709629446,0.000748104647775083,False,False,False,0.125,fine_group_02.mat
g02_c04,2,4,OC_CNT,0.2,30.0,0.1,40,spectral_boundary,538.4190268642319,559.1911316995113,299.99556841314313,747.8663151721282,0.2524319688044837,34,False,0.6505404023892517,9.432095801604963e-08,0.00033035799240217317,0.875,2153.6761074569276,174.82641936916343,0.23016186532435257,0.0001478278039691583,False,False,False,0.125,fine_group_02.mat
g02_c05,2,5,OC_CNT,0.2,50.0,0.1,40,spectral_boundary,551.1066371288507,582.3490064753263,299.99556841314313,813.2332760290869,0.27400976395672927,34,False,0.6860274585336763,8.065777810067068e-08,0.0013019539944688157,0.5,2204.426548515403,211.0516770786726,0.28805073135068815,0.0010598670725951997,False,False,False,0.125,fine_group_02.mat
g02_c06,2,6,OC_CNT,0.2,100.0,0.1,40,spectral_boundary,589.4110327889491,639.4605758452135,299.99556841314313,975.7021613574605,0.3229888501977429,42,False,0.722366721967276,7.981872004927588e-07,0.006599329120857101,0.625,2357.6441311557965,157.70750839235856,0.3379099055671765,0.004080243157551733,False,False,False,0.125,fine_group_02.mat
g02_c07,2,7,OC_CNT,0.2,150.0,0.1,40,spectral_boundary,747.0278108763011,707.9784385938019,299.99556841314313,1109.2855965147419,0.35211170585974605,44,False,0.7257999643865043,5.76458196785481e-07,0.007659032435823227,0.625,2988.1112435052046,243.61721077716388,0.3397567801637684,0.00705179736251238,False,False,False,0.125,fine_group_02.mat
g02_c08,2,8,OC_CNT,0.3,5.0,0.1,600,completed,2.8715204771738354,2.925792780375868,2.862834031069484,3.0906078497025344,0.023199563750436997,1,True,0.0022540559658465473,2.977993136082522e-24,2.588004627769484e-30,48.25,6.70021444673895,0.12989192439932576,0.4190264891555585,0.00024499486237761214,True,False,False,0.125,fine_group_02.mat
g02_c09,2,9,OC_CNT,0.3,10.0,0.1,600,completed,105.89897158058956,181.4123261974954,105.89897158058956,324.0288419561912,0.3572879359994199,1,True,0.014071547450357774,3.0686256831509365e-26,2.1602571868648323e-30,21.0,247.09760035470896,10.186749444633255,0.26557191542810044,2.9871525804359145e-05,True,True,False,0.125,fine_group_02.mat
g02_c10,2,10,OC_CNT,0.3,15.0,0.1,600,completed,905.6658776768313,655.2807671680164,376.4183061999666,910.2392549076169,0.27484353336946776,44,False,0.03774058655864458,2.826007407676516e-23,2.079815359737507e-17,24.375,2113.22038124594,32.74663361421703,0.11020272009634041,0.002210830111607165,True,False,False,0.125,fine_group_02.mat
g02_c11,2,11,OC_CNT,0.3,20.0,0.1,600,completed,252.55638035461988,285.1846491460172,240.6364122248084,450.4612882891225,0.19753702153671068,55,False,0.046621173749184786,1.5573425499392347e-21,2.2654492715332884e-17,19.25,589.2982208274465,8.583672355602433,0.24425082519563324,0.0009536194362500527,True,True,False,0.125,fine_group_02.mat
g02_c12,2,12,OC_CNT,0.3,30.0,0.1,320,spectral_boundary,1579.4194284495156,832.5314891784969,447.81495384154726,1673.5113238667136,0.5294948238296704,32,False,0.4287692082124728,9.882109551297073e-11,6.420826299208412e-07,1.0,3685.3119997155363,132.31132301456648,0.11077989446758424,0.0008689270522707071,False,False,False,0.125,fine_group_02.mat
g02_c13,2,13,OC_CNT,0.3,50.0,0.1,60,spectral_boundary,610.4166053993599,758.8035142226297,299.99487886363056,1133.0727739191527,0.36491731970174607,21,False,0.5924566961885344,9.637946017702083e-09,0.00011647588080809044,1.0,1424.3054125985068,127.98972154723842,0.30556915830347076,0.001707789948184213,False,False,False,0.125,fine_group_02.mat
g02_c14,2,14,OC_CNT,0.3,100.0,0.1,60,spectral_boundary,797.1466579483556,894.4318934720227,299.99487886363056,1598.1201730465573,0.4361957990072434,27,False,0.729918102784519,2.6801407682684036e-07,0.0021287913483827086,0.875,1860.0088685461633,154.60183904633973,0.32467587156531785,0.006053591244250867,False,False,False,0.125,fine_group_02.mat
g02_c15,2,15,OC_CNT,0.3,150.0,0.1,40,spectral_boundary,1779.742290252414,975.257143475139,299.99487886363056,2031.3423328976896,0.5943568464798952,42,False,0.6744283683512285,7.702751993795706e-07,0.0069073491044713015,0.375,4152.732010588967,404.4486097494764,0.2994894732538381,0.006951374035346958,False,False,False,0.125,fine_group_02.mat
g02_c16,2,16,OC_CNT,0.4,5.0,0.1,600,completed,2.5069034510924864,2.7038194903812927,2.5069034510924864,3.0106900967089256,0.05446803126370078,1,True,0.00304756988492887,3.933254550825894e-24,2.0303748262146798e-30,44.5,3.7603551766387295,0.07881370512225166,0.4443699194928396,0.00022810092329061948,True,False,False,0.125,fine_group_02.mat
g02_c17,2,17,OC_CNT,0.4,10.0,0.1,600,completed,157.26958948594358,308.2237929549613,157.26958948594358,462.6130441962674,0.3367352633749001,1,True,0.014192427544694424,5.638220741616643e-26,1.935769113789214e-30,19.0,235.9043842289154,10.43094075144018,0.2496385058219842,0.0005011659430448345,True,True,False,0.125,fine_group_02.mat
g02_c18,2,18,OC_CNT,0.4,15.0,0.1,600,completed,1029.757365313065,767.6528051730962,432.61605699111465,1040.9231542972827,0.26895346817361615,39,False,0.025848509525707018,3.021278431029826e-24,1.56839183330649e-20,23.375,1544.6360479695977,23.93841367552542,0.12992097310162998,0.0020834127168584127,True,False,False,0.125,fine_group_02.mat
g02_c19,2,19,OC_CNT,0.4,20.0,0.1,600,completed,344.6742665444725,371.7146793718748,321.4856026372612,569.3443718294989,0.17592149815969496,39,False,0.03174190750448283,5.791432611859569e-23,2.333738711952964e-19,12.625,517.0113998167087,9.025770952622453,0.23607513830916638,0.0007992677980591667,True,False,False,0.125,fine_group_02.mat
g02_c20,2,20,OC_CNT,0.4,30.0,0.1,600,completed,972.4965684961917,901.3698568535584,840.7193698061749,977.9790369725415,0.04891882355199645,5,False,0.022098536535074396,1.1018010500594418e-18,6.5052797084649145e-15,15.375,1458.7448527442875,33.85757037113073,0.15833971382762901,0.0002790175002110873,True,False,False,0.125,fine_group_02.mat
g02_c21,2,21,OC_CNT,0.4,50.0,0.1,240,spectral_boundary,1463.7605094179603,1085.0493731535005,526.9199223510673,2125.8221126054405,0.49378625275243404,39,False,0.6008508730323954,1.3862459728523246e-09,1.2091004553398272e-05,1.0,2195.6407641269407,83.79087876907317,0.1994241675075673,0.002000110655982712,False,False,False,0.125,fine_group_02.mat
g02_c22,2,22,OC_CNT,0.4,100.0,0.1,60,spectral_boundary,1238.2515168291468,1175.2575493499585,299.99405543839146,2326.407736541839,0.5760611248508036,23,False,0.6423784596221025,1.9975063949064882e-07,0.0015565199659968287,1.0,1857.37727524372,133.56066478549965,0.3051021041095283,0.005742750358234794,False,False,False,0.125,fine_group_02.mat
g02_c23,2,23,OC_CNT,0.4,150.0,0.1,60,spectral_boundary,1605.7395312280642,1429.6479851912736,299.99405543839146,3095.0447711047054,0.6161988229985339,30,False,0.7088087630492448,1.3336916492451956e-06,0.0056560441137755825,0.5,2408.6092968420962,234.7818869061791,0.29984277009448834,0.009801342130827506,False,False,False,0.125,fine_group_02.mat
g02_c24,2,24,OC_CNT,0.5,5.0,0.1,600,completed,1.8388442587250386,2.1506991105118005,1.8388442587250386,2.573532354074704,0.09909775718618953,1,True,0.004388299945355031,4.827079184110726e-24,1.7157381111875392e-30,41.125,1.8388442587250384,0.04171424491041362,0.4624513221671521,0.00020668455935124452,True,False,False,0.125,fine_group_02.mat
g02_c25,2,25,OC_CNT,0.5,10.0,0.1,600,completed,292.8886905486704,454.8371170769977,292.8886905486704,528.7781765321495,0.15314340967225204,1,True,0.01398641267731495,7.05836402418505e-26,1.564160962709777e-30,18.375,292.8886905486704,12.685162665942547,0.21117219649422814,0.0009916069546535011,True,False,False,0.125,fine_group_02.mat
g02_c26,2,26,OC_CNT,0.5,15.0,0.1,600,completed,1101.648609622214,755.0188249448423,424.62716401633867,1101.648609622214,0.2913514651333421,22,False,0.017854194871329665,3.05993617548987e-24,1.7231806822030177e-22,23.125,1101.648609622214,16.623582522279115,0.1533314726719483,0.0015450231688621807,True,False,False,0.125,fine_group_02.mat
g02_c27,2,27,OC_CNT,0.5,20.0,0.1,600,completed,388.5313562941941,459.85174963275546,373.4254373228572,777.7386945587314,0.23943414943494817,21,False,0.02435834622813976,1.062954915126259e-22,1.7713522652087097e-21,17.75,388.5313562941941,6.5211741830550665,0.2344852146092089,0.0006279536382665096,True,False,False,0.125,fine_group_02.mat
g02_c28,2,28,OC_CNT,0.5,30.0,0.1,600,completed,1009.6325108363646,1052.381159479703,1006.2735391600793,1132.6556916250415,0.03588712504532922,6,False,0.013517060082724967,8.188936232295211e-20,2.2044727390407017e-16,14.75,1009.6325108363646,21.351846453719563,0.17439851210345303,0.00038777587684712955,True,False,False,0.125,fine_group_02.mat
g02_c29,2,29,OC_CNT,0.5,50.0,0.1,240,spectral_boundary,2310.8494177429106,1222.396735718839,448.12552829264064,2723.4436591961685,0.6022201982848799,24,False,0.5350233230249294,4.69862148405529e-10,3.2400405805605894e-06,0.875,2310.8494177429106,142.06643682848284,0.17083904416163853,0.0020386250563165786,False,False,False,0.125,fine_group_02.mat
g02_c30,2,30,OC_CNT,0.5,100.0,0.1,60,spectral_boundary,2809.8279487788877,1413.9407531354807,299.9930727893835,3132.3408392914607,0.7198328262972225,17,False,0.5093917595559174,6.228771626245881e-10,4.221137360906221e-05,1.0,2809.8279487788877,208.75199439938729,0.250481504249887,0.0055044634549273885,False,False,False,0.125,fine_group_02.mat
g02_c31,2,31,OC_CNT,0.5,150.0,0.1,60,spectral_boundary,2168.163432392028,1766.7891990386986,299.9930727893835,4307.121083657981,0.7455807978594264,32,False,0.6997618195597202,4.6119354663084914e-07,0.002569326115521532,0.75,2168.1634323920284,152.53072492152413,0.283070869336825,0.009408204936427467,False,False,False,0.125,fine_group_02.mat
g02_c32,2,32,OC_CNT,0.6,5.0,0.1,600,completed,1.1827580827297044,1.5450595372693943,1.1827580827297044,2.0276018022172564,0.15824111775342825,1,True,0.006298899257490484,5.27844908453603e-24,1.418889170524119e-30,38.0,0.7885053884864696,0.019388138453541367,0.4675208434436492,0.00017763985287688744,True,False,False,0.125,fine_group_02.mat
g02_c33,2,33,OC_CNT,0.6,10.0,0.1,600,completed,566.2457270618088,479.4565677726927,291.45290923639305,588.3127522846798,0.20471097018639706,1,True,0.010641524141065641,6.269535765790886e-26,1.571054035004262e-30,22.25,377.49715137453927,13.52413632824785,0.19512026028707286,0.0009393694382725526,True,False,False,0.125,fine_group_02.mat
g02_c34,2,34,OC_CNT,0.6,15.0,0.1,600,completed,972.8816136719655,624.7123670273966,398.84710152695357,972.8816136719655,0.28188664609887576,3,False,0.01452239237845345,4.47894894825562e-24,7.962131978657578e-28,24.375,648.587742447977,9.188775816022376,0.18183677964836675,0.0007190768077161014,True,False,False,0.125,fine_group_02.mat
g02_c35,2,35,OC_CNT,0.6,20.0,0.1,600,completed,404.3028626687813,624.5144441362298,404.3028626687813,1223.6017390070624,0.37587276315495693,4,False,0.01731389780765385,1.5338674672368896e-22,1.6157228094025422e-23,13.5,269.5352417791875,5.624892023445318,0.2287344673174777,0.00014351974225923492,True,False,False,0.125,fine_group_02.mat
g02_c36,2,36,OC_CNT,0.6,30.0,0.1,600,completed,1123.9719172904147,1150.9106750197677,1095.2199332903429,1246.8098871944553,0.046422468076556096,5,False,0.007214403833375965,9.182088622031388e-20,4.716815520310263e-19,15.625,749.3146115269433,15.175838986961631,0.17437153446477383,0.0003718484380952347,True,False,False,0.125,fine_group_02.mat
g02_c37,2,37,OC_CNT,0.6,50.0,0.1,600,completed,3178.811011027693,2410.7507322251286,1981.7373497664234,3178.811011027693,0.1348000748687202,48,False,0.16816844793158853,4.7717638504103695e-15,5.4681928104364275e-12,7.125,2119.2073406851287,44.38593237919525,0.1322678989875613,0.0022007264574471774,True,False,False,0.125,fine_group_02.mat
g02_c38,2,38,OC_CNT,0.6,100.0,0.1,80,spectral_boundary,1112.2633771171231,1763.2655562024836,299.9918662286536,4139.012014218844,0.7336141972297548,12,False,0.5804981705442208,4.110384248462031e-09,6.271205739310552e-05,1.25,741.508918078082,51.8450949459249,0.2859189898895862,0.006723747357534782,False,False,False,0.125,fine_group_02.mat
g02_c39,2,39,OC_CNT,0.6,150.0,0.1,60,spectral_boundary,3622.5238641366113,2162.1915604429405,299.9918662286536,5779.228023190119,0.8809594396304207,30,False,0.6111253775255394,1.0943067501261224e-07,0.0010489900065980356,0.75,2415.0159094244073,216.65802819465296,0.249291160247337,0.008826180677605877,False,False,False,0.125,fine_group_02.mat
g02_c40,2,40,OC_CNT,0.7,5.0,0.1,600,completed,0.6783636062074268,1.0298351319170425,0.6783636062074268,1.516800804292714,0.23507448958958055,1,True,0.008852709683228717,5.9951555892575304e-24,1.1953351166604932e-30,34.875,0.2907272598031829,0.007746185387452305,0.45200058481264066,0.00013594809070249791,True,False,False,0.125,fine_group_02.mat
g02_c41,2,41,OC_CNT,0.7,10.0,0.1,600,completed,498.4039577355848,299.73452413904045,155.73847136349113,498.4039577355848,0.3389273311680355,1,True,0.012140609481771213,1.5793903825272333e-25,1.1659732097987565e-30,29.0,213.60169617239353,6.47402069817371,0.23107287194086118,0.00017457033753653928,True,True,False,0.125,fine_group_02.mat
g02_c42,2,42,OC_CNT,0.7,15.0,0.1,600,completed,638.6921750745848,486.87240616234817,431.9894134177928,638.6921750745848,0.12001529327040521,3,False,0.01611191672478788,5.605112443194051e-24,1.090259465618308e-30,15.875,273.72521788910785,5.9717021737717255,0.21492761011825934,5.5801904306873595e-05,True,False,False,0.125,fine_group_02.mat
g02_c43,2,43,OC_CNT,0.7,20.0,0.1,600,completed,489.69209606960374,1001.7714661761638,489.69209606960374,1625.1459940606092,0.3885369235662269,9,False,0.016551052638958043,1.3085317032963358e-22,5.95895873218473e-25,16.0,209.86804117268738,4.402663364099592,0.20646597597842742,0.0011146116452451782,True,False,False,0.125,fine_group_02.mat
g02_c44,2,44,OC_CNT,0.7,30.0,0.1,600,completed,1152.6538178897454,1272.6164592440932,1152.6538178897454,1344.880996378747,0.04712627860671639,5,False,0.005854842777669757,5.3429442432932724e-20,7.908637768005313e-23,14.25,493.9944933813195,11.618871639838526,0.18201894362802773,0.0005444077133108793,True,False,False,0.125,fine_group_02.mat
g02_c45,2,45,OC_CNT,0.7,50.0,0.1,600,completed,2714.7841682980393,2424.361672887427,2250.352078784349,2714.7841682980393,0.06698094977245499,45,False,0.0649481515397426,2.012535676137862e-15,3.2930747135797596e-13,12.25,1163.4789292705887,19.765778488087907,0.15561576910243075,0.0015838102283983746,True,False,False,0.125,fine_group_02.mat
g02_c46,2,46,OC_CNT,0.7,100.0,0.1,260,spectral_boundary,5089.981340804192,4017.366245910446,2886.5496224149338,6280.002007299933,0.27533623562769555,50,False,0.43109786523481664,9.12983948437298e-11,8.197057423116174e-07,1.375,2181.4205746303683,49.86497361559656,0.17651437732689973,0.0005050000311743741,False,False,False,0.125,fine_group_02.mat
g02_c47,2,47,OC_CNT,0.7,150.0,0.1,80,spectral_boundary,2257.085399191728,2700.704622552438,299.99030853571526,7696.896476579828,0.864745611906986,12,False,0.5842476179525045,5.7725422547638615e-08,0.00024343605664415145,1.25,967.3223139393123,94.37186660897575,0.2403162377375353,0.010610975455333294,False,False,False,0.125,fine_group_02.mat
g02_c48,2,48,OC_CNT,0.8,5.0,0.1,600,completed,0.33502572313830226,0.6306262102956368,0.33502572313830226,1.0764785276414464,0.33813301744057866,1,True,0.012322058885053116,6.356914548485883e-24,9.280078154333365e-31,32.25,0.08375643078457554,0.0024016373682643325,0.39669439532034434,6.855984181730612e-05,True,False,False,0.125,fine_group_02.mat
g02_c49,2,49,OC_CNT,0.8,10.0,0.1,600,completed,183.21184769475178,111.12325317785825,65.83590822780901,183.21184769475178,0.30375773884808943,1,True,0.01171085125925069,7.426354080831747e-25,9.393035384714482e-31,30.75,45.80296192368793,1.3680652926083767,0.26174229805040694,0.00046688398698602196,True,False,False,0.125,fine_group_02.mat
g02_c50,2,50,OC_CNT,0.8,15.0,0.1,600,completed,448.0947162684794,627.2244478674933,448.0947162684794,799.9744500324553,0.20052896532843204,6,False,0.013090012599400751,3.464851237351923e-24,8.67542504403804e-31,14.125,112.02367906711982,4.6019092950665685,0.24187486805917718,0.0005169759921666017,True,False,False,0.125,fine_group_02.mat
g02_c51,2,51,OC_CNT,0.8,20.0,0.1,600,completed,1046.8530376285655,1285.3129695043021,1019.9110770374989,1447.9240008007234,0.10300281716338573,3,False,0.014766081277409094,4.706134489777737e-23,5.00731493690791e-30,16.625,261.7132594071414,5.5865149194131645,0.23680939286448854,0.002016261409847342,True,False,False,0.125,fine_group_02.mat
g02_c52,2,52,OC_CNT,0.8,30.0,0.1,600,completed,1433.5761561281954,1192.6061135696611,892.1684517586792,1435.6313956484287,0.1548409424961392,3,False,0.007350921636320034,1.2359603089637595e-20,5.241780357784199e-27,13.25,358.3940390320488,8.312936307332102,0.21647191539506944,0.00013433630770476324,True,False,False,0.125,fine_group_02.mat
g02_c53,2,53,OC_CNT,0.8,50.0,0.1,600,completed,1860.1924804923788,2338.4351119264484,1847.3022334596258,2803.4128189579233,0.1622562035179335,30,False,0.05194351007845482,1.8947355652267465e-16,1.6553175932397079e-16,9.375,465.04812012309446,7.8968026979588215,0.1736392937980339,0.0009072736265278714,True,False,False,0.125,fine_group_02.mat
g02_c54,2,54,OC_CNT,0.8,100.0,0.1,380,spectral_boundary,9016.623224656953,6251.302709223951,4505.98746731744,9338.988189670743,0.2679813742516992,31,False,0.42592297704512894,3.9923826588161365e-12,1.8947150847087197e-07,1.125,2254.1558061642377,69.50131704800208,0.18559879369819798,0.006700706261803524,False,False,False,0.125,fine_group_02.mat
g02_c55,2,55,OC_CNT,0.8,150.0,0.1,180,spectral_boundary,5795.276268721758,3704.1065621455223,1657.2976810482587,6593.087336856032,0.41626453804770114,18,False,0.37508724193008164,4.400709964513567e-13,2.707236374773134e-08,1.5,1448.8190671804396,62.06045379907664,0.1967133468258151,0.009803122073199888,False,False,False,0.125,fine_group_02.mat
g02_c56,2,56,OC_CNT,0.9,5.0,0.1,600,completed,0.09819397444370233,0.2761305837487977,0.09819397444370233,0.5937127337850545,0.5108812847686268,1,True,0.018324923737468236,7.257002576159015e-24,6.731344334914042e-31,30.25,0.010910441604855811,0.0003258336509475481,0.24877937626674584,8.60983095197776e-05,True,False,False,0.125,fine_group_02.mat
g02_c57,2,57,OC_CNT,0.9,10.0,0.1,600,completed,21.529859657439673,18.48080823605713,17.104107207961736,21.529859657439673,0.07138941839778579,1,True,0.004434954847049912,4.8550657243993095e-24,6.689293575791249e-31,28.625,2.3922066286044075,0.07636005034887995,0.11716729218204491,0.0005668565332622721,True,False,False,0.125,fine_group_02.mat
g02_c58,2,58,OC_CNT,0.9,15.0,0.1,600,completed,772.2478694524106,475.0682748123008,240.38080699313468,772.2478694524106,0.33882424382422693,1,True,0.012653527652092733,5.894013676508338e-25,6.871959765059764e-31,23.625,85.80531882804559,3.076110935556432,0.2850097471348846,0.00021931689309440117,True,False,False,0.125,fine_group_02.mat
g02_c59,2,59,OC_CNT,0.9,20.0,0.1,600,completed,725.2800626193308,857.4335221710833,720.7932666536334,1026.158895731953,0.13474455333009053,6,False,0.013025475710792215,8.414703061069854e-24,6.740933731260189e-31,12.625,80.58667362437006,2.5953143436247603,0.2440577254509595,0.0007338006709445288,True,False,False,0.125,fine_group_02.mat
g02_c60,2,60,OC_CNT,0.9,30.0,0.1,600,completed,724.3670160644153,999.3527185726641,723.0046237531053,1649.5318118929988,0.28231860335161985,3,False,0.0149967547948949,7.053279001003649e-22,6.974914615463991e-31,13.625,80.48522400715724,1.9223042215726074,0.17982834882997856,0.00025593955541569624,True,False,False,0.125,fine_group_02.mat
g02_c61,2,61,OC_CNT,0.9,50.0,0.1,600,completed,2329.172005150552,2766.0241846848526,2329.172005150552,3054.817632632423,0.07877204592843996,26,False,0.025526366345136726,2.899942283273482e-18,2.4844038852791104e-21,8.75,258.79688946117244,5.098135529810621,0.2016670539604316,0.0026923916794938663,True,False,False,0.125,fine_group_02.mat
g02_c62,2,62,OC_CNT,0.9,100.0,0.1,600,completed,8142.845850647811,5080.688339263393,2002.5974590692572,8742.289443942676,0.4994733364663429,18,False,0.09126109804401805,6.345096236766886e-13,1.0065330326091495e-12,10.75,904.760650071979,18.700649210489615,0.174496758168867,0.003210443859841816,True,False,False,0.125,fine_group_02.mat
g02_c63,2,63,OC_CNT,0.9,150.0,0.1,300,spectral_boundary,15784.874375879233,7424.92301178926,4637.885594656196,15784.874375879233,0.30946350611285584,21,False,0.41794655701544436,8.427909817219621e-12,9.015581539165777e-07,0.75,1753.8749306532482,98.43697685970292,0.23189441179288955,0.00419832537010123,False,False,False,0.125,fine_group_02.mat
g03_c00,3,0,OC_CNT,0.2,5.0,0.2,600,completed,0.013367387221170441,0.028171311095310295,0.013367387221170441,0.05271437704162026,0.3986446133346451,1,True,0.014612027466293896,2.3142782550081626e-20,2.528494273311868e-30,104.875,0.053469548884681764,0.00047859386312909525,0.4727819037669445,0.0002832394814784589,True,False,False,0.125,fine_group_03.mat
g03_c01,3,1,OC_CNT,0.2,10.0,0.2,600,completed,65.66436900146866,33.594228228318734,16.66916917193534,65.66436900146866,0.4104719876956915,1,True,0.017819618449672316,4.8612233980999344e-21,2.435931919907525e-30,93.625,262.6574760058746,2.574607180489382,0.2768391540653342,0.0008059361529566544,True,False,False,0.125,fine_group_03.mat
g03_c02,3,2,OC_CNT,0.2,15.0,0.2,80,spectral_boundary,468.3659520505804,633.151677453993,299.99556841314677,806.8023267721597,0.23444096047052188,23,False,0.43099042574881663,3.3171243896006942e-12,4.043380228394098e-08,1.25,1873.4638082023214,92.21681276628722,0.14582927316259575,0.0027110392598062028,False,False,False,0.125,fine_group_03.mat
g03_c03,3,3,OC_CNT,0.2,20.0,0.2,80,spectral_boundary,424.11816792560245,651.5722711206897,299.99556841314677,847.6532025981801,0.2589257748507838,32,False,0.5795053439227222,2.2899925199694017e-10,1.3116939981472695e-06,0.875,1696.47267170241,68.67471985525991,0.19891984762959114,0.002179010633447498,False,False,False,0.125,fine_group_03.mat
g03_c04,3,4,OC_CNT,0.2,30.0,0.2,60,spectral_boundary,711.9639354841233,709.0247441098408,299.99556841314677,943.0613544010118,0.29735731396785847,38,False,0.654948602369654,1.289397641861198e-08,0.00012507171328386235,0.625,2847.8557419364934,172.9274815977791,0.18933037251702345,0.0009696596727616358,False,False,False,0.125,fine_group_03.mat
g03_c05,3,5,OC_CNT,0.2,50.0,0.2,60,spectral_boundary,545.7964573889747,728.7467606848397,299.99556841314677,1123.026103216754,0.341590541650795,43,False,0.724307284734857,8.492334579136095e-08,0.0015771584013498218,0.75,2183.1858295558986,121.40938118759266,0.28234982643385276,0.0008890289086168623,False,False,False,0.125,fine_group_03.mat
g03_c06,3,6,OC_CNT,0.2,100.0,0.2,40,spectral_boundary,1091.0437676608617,784.7224394895263,299.99556841314677,1358.8744709331286,0.4429869537371082,73,False,0.7502104458507806,8.874415032281466e-07,0.005647398836347784,0.5,4364.175070643447,229.20414504101504,0.2841643409630805,0.0035597129435562813,False,False,False,0.125,fine_group_03.mat
g03_c07,3,7,OC_CNT,0.2,150.0,0.2,40,spectral_boundary,972.6501299302313,838.515534722041,299.99556841314677,1489.8532303551333,0.4522949279362994,76,False,0.8179807102375465,1.4168680022345978e-06,0.009934698493537552,0.5,3890.600519720925,238.70958285138744,0.32187576113310423,0.006601177649190548,False,False,False,0.125,fine_group_03.mat
g03_c08,3,8,OC_CNT,0.3,5.0,0.2,600,completed,0.029232975683388767,0.06062771735060343,0.029232975683388767,0.11213247421997946,0.3906046350705732,1,True,0.014323129646381633,2.2903150431187689e-23,2.1835193986390016e-30,96.625,0.06821027659457381,0.000662905218014745,0.4784268891045164,0.0002647324355448122,True,False,False,0.125,fine_group_03.mat
g03_c09,3,9,OC_CNT,0.3,10.0,0.2,600,completed,66.27448700176994,35.885775485319144,19.33461276402181,66.27448700176994,0.36977882965623066,1,True,0.01605381506287165,8.233506712130709e-24,2.0436663578616146e-30,91.5,154.64046967079656,1.5814479760217055,0.29274663759221653,0.0008498757202298757,True,False,False,0.125,fine_group_03.mat
g03_c10,3,10,OC_CNT,0.3,15.0,0.2,600,completed,224.54716347766202,881.8195722462614,224.54716347766202,1328.1425460298083,0.43806773826841,1,True,0.031692573246496485,2.7613791733986903e-24,2.098080151264167e-30,44.5,523.943381447878,10.14349546388018,0.23683482965174985,0.003493251292558841,True,False,False,0.125,fine_group_03.mat
g03_c11,3,11,OC_CNT,0.3,20.0,0.2,600,completed,142.12920769013593,167.28554387720524,138.9797145402693,248.89514082445538,0.18972131962995528,1,True,0.009075028909129127,9.143163737494328e-24,1.869593402266036e-30,52.625,331.63481794365055,5.793097402102008,0.2840936416202663,0.001678637978136277,True,True,False,0.125,fine_group_03.mat
g03_c12,3,12,OC_CNT,0.3,30.0,0.2,80,spectral_boundary,970.9153313427881,906.8284293070031,299.9948788636342,1306.5608586763856,0.3759234297542758,33,False,0.5803878247309557,4.773135664347481e-10,9.638963275422159e-06,1.25,2265.4691064665058,109.38416975271936,0.19621143490804438,0.0010536730538129868,False,False,False,0.125,fine_group_03.mat
g03_c13,3,13,OC_CNT,0.3,50.0,0.2,80,spectral_boundary,764.2182059498322,1014.8936514476824,299.9948788636342,1767.9051295712688,0.44832131607211456,25,False,0.7171027173556137,1.2066989517928942e-07,0.00046852111439505897,0.875,1783.1758138829423,128.6221206309896,0.2789869909586903,0.0010245625385358892,False,False,False,0.125,fine_group_03.mat
g03_c14,3,14,OC_CNT,0.3,100.0,0.2,60,spectral_boundary,1318.5367731718493,1187.399461383146,299.9948788636342,2412.1087115274854,0.5556372341310175,46,False,0.7694434002151196,5.248343640224894e-07,0.004438249592161576,0.5,3076.585804067649,206.64752358062267,0.2870841192951543,0.004946941682663852,False,False,False,0.125,fine_group_03.mat
g03_c15,3,15,OC_CNT,0.3,150.0,0.2,40,spectral_boundary,2803.301870729233,1072.7249106387658,299.9948788636342,2803.301870729233,0.695982759097406,23,False,0.38819999078671924,4.3770550904500545e-09,0.00010810454161176713,1.375,6541.037698368211,322.4350782203159,0.2533108585446252,0.006666151834900713,False,False,False,0.125,fine_group_03.mat
g03_c16,3,16,OC_CNT,0.4,5.0,0.2,600,completed,0.056540335907247725,0.11539238768103388,0.056540335907247725,0.21084947807449106,0.3823662895366116,1,True,0.014019969854004208,6.232895508153004e-24,1.805910591075234e-30,89.375,0.08481050386087159,0.0008906815826202379,0.4822965083692484,0.00024302399175080147,True,False,False,0.125,fine_group_03.mat
g03_c17,3,17,OC_CNT,0.4,10.0,0.2,600,completed,77.34276973707539,43.48770269748925,24.62108718981098,77.34276973707539,0.3438199987399748,1,True,0.014906892929616734,2.177553913356739e-24,1.7722315215571585e-30,85.25,116.01415460561307,1.2739639343968385,0.286730867811965,0.0008291263410761252,True,False,False,0.125,fine_group_03.mat
g03_c18,3,18,OC_CNT,0.4,15.0,0.2,600,completed,466.3386714860498,1156.807685584238,466.3386714860498,1514.368664873046,0.27554584699531154,1,True,0.029140211618558575,6.858442686935013e-25,1.736619983356457e-30,43.25,699.5080072290748,13.521596077217218,0.18867510669719745,0.004002924456003809,True,False,False,0.125,fine_group_03.mat
g03_c19,3,19,OC_CNT,0.4,20.0,0.2,600,completed,128.73983350365535,220.2340914131512,128.73983350365535,436.05663817143386,0.3918388874459078,1,True,0.01566861666598467,2.4336419501991756e-24,1.703041464523915e-30,47.5,193.109750255483,3.7394520453319733,0.2908674801118051,0.0015795907093677508,True,True,False,0.125,fine_group_03.mat
g03_c20,3,20,OC_CNT,0.4,30.0,0.2,100,spectral_boundary,1162.2635095576848,1099.8034593189652,299.9940554383951,1669.0317903878831,0.4285325285026959,22,False,0.39162493435922985,3.5181360353798863e-12,5.915322296183313e-08,0.75,1743.3952643365274,74.51995369277418,0.20456623219211267,0.0013313654207223191,False,False,False,0.125,fine_group_03.mat
g03_c21,3,21,OC_CNT,0.4,50.0,0.2,80,spectral_boundary,1471.6107182865926,1269.0801345217085,299.9940554383951,2413.975226106443,0.5588978907852492,35,False,0.6788765244436081,5.3061844111251966e-08,0.00023803280474393756,0.875,2207.4160774298884,117.12675128275797,0.23631747849948026,0.0008275213664094005,False,False,False,0.125,fine_group_03.mat
g03_c22,3,22,OC_CNT,0.4,100.0,0.2,60,spectral_boundary,2758.3191400237847,1547.876535218417,299.9940554383951,3801.6327569310088,0.7454618581522623,58,False,0.7599823519210762,6.665515632018192e-07,0.0042451713104341105,0.25,4137.478710035677,371.5231454929483,0.2391942421314911,0.004564731218129614,False,False,False,0.125,fine_group_03.mat
g03_c23,3,23,OC_CNT,0.4,150.0,0.2,60,spectral_boundary,2269.6335699324086,1781.426390998716,299.9940554383951,4480.401990381504,0.7243540779708892,54,False,0.7948863713865626,7.214291709497119e-07,0.008800038432192327,0.5,3404.450354898613,211.50296624930706,0.27821076005508794,0.008709572145003563,False,False,False,0.125,fine_group_03.mat
g03_c24,3,24,OC_CNT,0.5,5.0,0.2,600,completed,0.10002891611250064,0.20239332105741029,0.10002891611250064,0.366917450537833,0.37735642952613074,1,True,0.01382136002734091,8.041885667715668e-24,1.517115956891777e-30,83.125,0.10002891611250066,0.001130551160867794,0.4826753164530097,0.00021679764695592407,True,False,False,0.125,fine_group_03.mat
g03_c25,3,25,OC_CNT,0.5,10.0,0.2,600,completed,82.39612773101106,48.47267217877464,29.115366844339633,82.39612773101106,0.3127940104865474,1,True,0.013612342197482117,1.6119657052006157e-24,1.4967634167657162e-30,79.625,82.39612773101105,0.9697368325723804,0.27629404172035765,0.0008089627902675423,True,False,False,0.125,fine_group_03.mat
g03_c26,3,26,OC_CNT,0.5,15.0,0.2,600,completed,884.6041088779256,1315.7691555936583,884.6041088779256,1605.8727244232434,0.1747855047886158,1,True,0.02288982378386727,8.433390933355224e-25,1.4208548628321402e-30,44.875,884.6041088779253,16.303110769211585,0.1490039881798909,0.0040133673926952,True,False,False,0.125,fine_group_03.mat
g03_c27,3,27,OC_CNT,0.5,20.0,0.2,600,completed,146.6782710004797,322.8769910532556,146.6782710004797,732.184646862027,0.5082751301564744,1,True,0.019129278692809754,3.50866646089959e-24,1.3952512317549198e-30,43.375,146.6782710004797,3.1015161729416305,0.2783557861562621,0.0012485271944238097,True,False,False,0.125,fine_group_03.mat
g03_c28,3,28,OC_CNT,0.5,30.0,0.2,600,completed,1151.778100688673,1128.1801146979897,839.3697944781147,1264.9720397186934,0.11727648097971802,1,True,0.006903029688558846,2.7464718052837815e-23,1.2543586085345389e-30,32.125,1151.778100688673,31.449707942390965,0.1610876257685968,0.0007381575372810145,True,False,False,0.125,fine_group_03.mat
g03_c29,3,29,OC_CNT,0.5,50.0,0.2,180,spectral_boundary,1929.0851561411218,1316.7755289010145,784.125747751405,3053.737587690144,0.4107140662981649,26,False,0.47062837968189497,1.4996814263065933e-11,1.4853534253222407e-07,0.875,1929.085156141122,87.52522336431139,0.20299091725999796,0.0017952023998847322,False,False,False,0.125,fine_group_03.mat
g03_c30,3,30,OC_CNT,0.5,100.0,0.2,80,spectral_boundary,1968.610594519631,2015.4907653883965,299.99307278938716,5207.022348375329,0.7411116090515099,33,False,0.7746755038315322,1.1460120396683246e-07,0.0022830478009848447,1.75,1968.610594519631,123.98529963722261,0.2685072883068177,0.005278324073171303,False,False,False,0.125,fine_group_03.mat
g03_c31,3,31,OC_CNT,0.5,150.0,0.2,60,spectral_boundary,3501.4199403120574,2273.451474600085,299.99307278938716,6626.934016959021,0.8818620350784575,61,False,0.7866598176288563,1.5037255735289693e-06,0.008188842485715572,0.5,3501.4199403120574,219.38243506653285,0.2533063409122257,0.008037035014394567,False,False,False,0.125,fine_group_03.mat
g03_c32,3,32,OC_CNT,0.6,5.0,0.2,600,completed,0.15688382920805916,0.3203515088058003,0.15688382920805916,0.5824328174953195,0.38030021325994373,1,True,0.013890061951044582,9.682416879301105e-24,1.2694901228462061e-30,77.375,0.10458921947203942,0.0012684992523187924,0.4760737963706747,0.00018374465114934235,True,False,False,0.125,fine_group_03.mat
g03_c33,3,33,OC_CNT,0.6,10.0,0.2,600,completed,79.34349145382944,49.45540832106702,32.01710385050437,79.34349145382944,0.27335442108142155,1,True,0.012071294875760469,4.126428313791295e-24,1.2578113890776335e-30,74.375,52.89566096921962,0.6666370527636082,0.26004887219099515,0.0007913131436549925,True,False,False,0.125,fine_group_03.mat
g03_c34,3,34,OC_CNT,0.6,15.0,0.2,600,completed,1377.219246335773,1294.193517698533,698.1677156431615,1619.1519960688042,0.2287567521025352,1,True,0.013544298312499,1.1005354771621538e-24,1.2032083426147631e-30,49.375,918.1461642238486,15.843064791703881,0.17602002673220368,0.0034063456818180793,True,False,False,0.125,fine_group_03.mat
g03_c35,3,35,OC_CNT,0.6,20.0,0.2,600,completed,187.91684157984287,543.9038839732714,187.91684157984287,1285.9421598650792,0.5881202812965919,1,True,0.021561114905826826,4.558735665828117e-24,1.161396456533187e-30,39.625,125.27789438656194,2.862788603147061,0.2565801758677013,0.0004799385223124286,True,False,False,0.125,fine_group_03.mat
g03_c36,3,36,OC_CNT,0.6,30.0,0.2,600,completed,1557.9901449342556,1129.2435152135604,688.4834131021987,1558.0974776618252,0.25997509249510925,1,True,0.010804180103704805,3.5592012786340396e-23,1.1178437646753065e-30,32.625,1038.660096622837,27.790779430652275,0.15359465648802728,0.0003125263510130871,True,False,False,0.125,fine_group_03.mat
g03_c37,3,37,OC_CNT,0.6,50.0,0.2,100,spectral_boundary,2470.8778091743247,1849.7294098130442,299.99186622865716,3828.1261138294994,0.69308394303005,23,False,0.571260863844368,2.5567332431371914e-10,1.6153994494703676e-06,0.75,1647.2518727828833,83.34589006298785,0.20746093473539617,1.0173301739913043e-06,False,False,False,0.125,fine_group_03.mat
g03_c38,3,38,OC_CNT,0.6,100.0,0.2,80,spectral_boundary,2397.795437173268,2481.804726876085,299.99186622865716,6867.319785092878,0.8560231032737607,30,False,0.7537332381713678,2.408716045066495e-07,0.0007503190687951495,0.875,1598.5302914488452,124.91596376738171,0.25337142387406864,0.004406416591474449,False,False,False,0.125,fine_group_03.mat
g03_c39,3,39,OC_CNT,0.6,150.0,0.2,60,spectral_boundary,6542.8712514215895,2683.159078635502,299.99186622865716,9058.243849478073,1.034352687608254,59,False,0.7036864849786273,2.3560781716744608e-07,0.005205971082472989,0.375,4361.914167614392,304.6677535829232,0.2069547190212252,0.007540713241177444,False,False,False,0.125,fine_group_03.mat
g03_c40,3,40,OC_CNT,0.7,5.0,0.2,600,completed,0.20624252197250403,0.43882266715392865,0.20624252197250403,0.815569080387357,0.3974054195830338,1,True,0.014441026646836441,7.714584929871968e-24,1.0863887030183922e-30,72.125,0.08838965227393034,0.0011485098662494509,0.4544525840830503,0.00013908375414772856,True,False,False,0.125,fine_group_03.mat
g03_c41,3,41,OC_CNT,0.7,10.0,0.2,600,completed,66.49494182656643,44.84500765707905,32.064601781344024,66.49494182656643,0.22038648977796257,1,True,0.010120279025869913,3.892560908920481e-24,1.085135355955712e-30,69.5,28.497832211385617,0.3847619847228678,0.25935124858847813,0.0007736347528757292,True,False,False,0.125,fine_group_03.mat
g03_c42,3,42,OC_CNT,0.7,15.0,0.2,600,completed,1571.7489522252652,1070.9313858027817,505.8096060657077,1571.7489522252652,0.3286586650836944,1,True,0.014827300411999459,1.5518263761296434e-24,9.680101094267103e-31,54.625,673.6066938108281,10.999045334423535,0.2113541265449297,0.0022337460618118143,True,False,False,0.125,fine_group_03.mat
g03_c43,3,43,OC_CNT,0.7,20.0,0.2,600,completed,309.01053939699966,980.9361926060469,309.01053939699966,1868.9339720097541,0.5176231101017263,1,True,0.021369381976917765,5.007397443647124e-24,9.890153158570927e-31,37.125,132.43308831299987,3.106995705361479,0.2219016173268531,0.0010193381681471436,True,False,False,0.125,fine_group_03.mat
g03_c44,3,44,OC_CNT,0.7,30.0,0.2,600,completed,1421.259924175281,817.147361010047,537.6126457492476,1421.259924175281,0.32186461005458794,1,True,0.013917565630797806,4.0994654489903094e-23,9.831316399981176e-31,35.5,609.1113960751205,15.398679526918404,0.18260587732206912,0.0011202592070408413,True,False,False,0.125,fine_group_03.mat
g03_c45,3,45,OC_CNT,0.7,50.0,0.2,600,completed,1054.8257344191952,2965.81344640289,1054.8257344191952,4290.366372395934,0.385905044393969,34,False,0.02768928844216512,1.650252088738423e-20,3.792326494833763e-21,32.375,452.0681718939409,5.212662960473612,0.17507657015425848,0.0035005815889487257,True,False,False,0.125,fine_group_03.mat
g03_c46,3,46,OC_CNT,0.7,100.0,0.2,80,spectral_boundary,4931.098446867298,2994.569619344887,299.9903085357188,8552.540205529216,0.9629845447512828,32,False,0.6989214321367634,2.116058753267695e-08,0.00048558944450918643,1.0,2113.327905800271,146.3799653431057,0.20396519511575267,0.0033503234521666814,False,False,False,0.125,fine_group_03.mat
g03_c47,3,47,OC_CNT,0.7,150.0,0.2,80,spectral_boundary,3443.2225677462043,3615.821528272958,299.9903085357188,11807.28579268036,0.9624316124642202,27,False,0.7485535201142622,3.5669820513025936e-08,0.00252917988441703,0.875,1475.6668147483733,107.48860221959626,0.22774573920073093,0.007900595683482892,False,False,False,0.125,fine_group_03.mat
g03_c48,3,48,OC_CNT,0.8,5.0,0.2,600,completed,0.20534391863287688,0.48346539655995036,0.20534391863287688,0.950043626135223,0.4400602006525573,1,True,0.015874080112113168,1.1457010961426765e-23,8.294028620468747e-31,67.25,0.051335979658219205,0.0007149110693926518,0.39697525203349665,6.9793362984516e-05,True,False,False,0.125,fine_group_03.mat
g03_c49,3,49,OC_CNT,0.8,10.0,0.2,600,completed,43.52516512030372,33.2226772777966,27.482196304787678,43.52516512030372,0.14014847491047921,1,True,0.007252099088513842,7.5499162635175e-24,8.451685971850588e-31,64.75,10.881291280075924,0.1577666612592468,0.24212855921504373,0.0007389308375675974,True,False,False,0.125,fine_group_03.mat
g03_c50,3,50,OC_CNT,0.8,15.0,0.2,600,completed,1220.3462842963359,694.161501593652,318.7621941198462,1220.3462842963359,0.38991852551487116,1,True,0.014443065444201361,2.1691343215835993e-24,8.442178918050132e-31,58.0,305.08657107408385,4.8576257956102,0.25626939393400694,0.0007727179177170473,True,False,False,0.125,fine_group_03.mat
g03_c51,3,51,OC_CNT,0.8,20.0,0.2,600,completed,735.2572476440541,1517.867663856712,735.2572476440541,1917.1416421512135,0.2522472704447146,1,True,0.019761716045881107,4.1272590995482384e-24,7.548494361169983e-31,38.875,183.8143119110135,3.9293145759862385,0.22541418450906192,0.0027913227980911337,True,False,False,0.125,fine_group_03.mat
g03_c52,3,52,OC_CNT,0.8,30.0,0.2,600,completed,650.8295367299538,497.54200637479585,440.27092815648956,650.8295367299538,0.11182675826078599,1,True,0.012184623024093068,4.351210914375309e-23,7.772551460473439e-31,35.5,162.7073841824884,4.198712216206035,0.18719095454020107,0.0022833027485970048,True,False,False,0.125,fine_group_03.mat
g03_c53,3,53,OC_CNT,0.8,50.0,0.2,600,completed,1994.8679002981662,3096.386887991457,1994.8679002981662,3563.9371740586384,0.14812996549159316,27,False,0.02125561518208583,7.709505419205152e-21,2.522582964912479e-29,34.0,498.71697507454144,5.413919947971872,0.1708012226108256,0.003521881792999393,True,False,False,0.125,fine_group_03.mat
g03_c54,3,54,OC_CNT,0.8,100.0,0.2,180,spectral_boundary,4182.023289778796,2857.6424878752923,725.2192211044896,10029.847661454089,0.8282379521305461,14,False,0.5472709280591308,2.5284841695982253e-11,9.003234777428078e-07,0.875,1045.5058224446989,85.59998533794808,0.21037320829990225,0.005382990567667001,False,False,False,0.125,fine_group_03.mat
g03_c55,3,55,OC_CNT,0.8,150.0,0.2,80,spectral_boundary,3621.132928958965,4490.403758265047,299.98811163557247,14836.880764363968,1.0590927463499014,22,False,0.7055107595167855,2.4681166133725314e-08,0.0006941654682650318,0.75,905.283232239741,64.32482697542024,0.19625096481300797,0.005688647176461781,False,False,False,0.125,fine_group_03.mat
g03_c56,3,56,OC_CNT,0.9,5.0,0.2,600,completed,0.10073646488644442,0.31460953748508136,0.10073646488644442,0.7140715166608872,0.553120798595649,1,True,0.019975794338795448,1.066697085522295e-23,6.343682215403977e-31,62.375,0.011192940542938266,0.00016709866756149514,0.2487310459778398,8.56881183880498e-05,True,False,False,0.125,fine_group_03.mat
g03_c57,3,57,OC_CNT,0.9,10.0,0.2,600,completed,12.844604232161597,13.22349130116702,12.697977021620641,14.720330340616584,0.04466088915939941,1,True,0.002477647346651894,9.209271302493137e-24,6.3911052726051605e-31,59.875,1.4271782480179547,0.02229058427178966,0.11413985292709405,0.0005859733704478565,True,False,False,0.125,fine_group_03.mat
g03_c58,3,58,OC_CNT,0.9,15.0,0.2,600,completed,380.41389080494685,219.72841453323562,124.60418553672429,380.41389080494685,0.33422911955928797,1,True,0.013182679075215092,4.199274434593401e-24,6.201594811883352e-31,57.125,42.26821008943853,0.6915470818072997,0.23369508101408543,0.0006203948969994988,True,True,False,0.125,fine_group_03.mat
g03_c59,3,59,OC_CNT,0.9,20.0,0.2,600,completed,1680.5092814101422,1247.3752641425265,649.5030099630926,1686.4532758659848,0.27676948694128223,1,True,0.012821122284841745,2.9231159043750096e-24,6.604957086114895e-31,50.625,186.7232534900158,3.350346839135824,0.29417517728934606,0.0020288218716001394,True,False,False,0.125,fine_group_03.mat
g03_c60,3,60,OC_CNT,0.9,30.0,0.2,600,completed,375.1063836049178,877.37858278364,375.1063836049178,1919.1873561086281,0.516017446160385,1,True,0.019224967209049173,2.224622293860998e-23,6.071969750658125e-31,33.0,41.678487067213084,1.1155046477183472,0.11726331426250602,0.0006867737291446074,True,False,False,0.125,fine_group_03.mat
g03_c61,3,61,OC_CNT,0.9,50.0,0.2,600,completed,2460.402085233804,2696.514366302051,1945.9902220048962,3037.9982314519425,0.10926185311659165,3,False,0.019662805369160454,2.1220392309333804e-21,6.075414237530884e-31,22.0,273.3780094704226,6.00248137398533,0.20445600394744134,0.0024678514144181873,True,False,False,0.125,fine_group_03.mat
g03_c62,3,62,OC_CNT,0.9,100.0,0.2,600,completed,3733.723276274266,3403.0082122982235,3109.388514580696,4336.401475342074,0.08785400941357052,23,False,0.03943406633101815,1.717417275028994e-19,1.3893246519903205e-25,11.25,414.8581418082518,7.183086626960447,0.11491718072422175,0.002489507136550495,True,False,False,0.125,fine_group_03.mat
g03_c63,3,63,OC_CNT,0.9,150.0,0.2,600,completed,3759.1062945525164,6883.292361466746,3711.58977370138,10300.729787706134,0.3710853848359157,13,False,0.09867416670135468,1.5692008960452315e-16,3.896135997416443e-14,7.25,417.6784771725017,8.353049933729732,0.06374399430733646,0.0015642423030350905,True,False,False,0.125,fine_group_03.mat
g04_c00,4,0,OC_CNT,0.2,5.0,0.3,60,spectral_boundary,744.8194477852721,644.8922866344287,299.99556841314677,811.1894128823747,0.25944517322548594,23,False,0.4207674223186663,2.4861992174285824e-12,6.818699346681569e-08,1.125,2979.2777911410894,135.57638007600525,0.107872010875877,0.003090063388313302,False,False,False,0.125,fine_group_04.mat
g04_c01,4,1,OC_CNT,0.2,10.0,0.3,60,spectral_boundary,759.1345234927716,667.3331112391719,299.99556841314677,865.2573103589716,0.27623924494363444,41,False,0.574210413618236,1.4204988798840367e-09,4.8282497758605385e-06,1.0,3036.5380939710867,147.29885086023322,0.1068604891436089,0.0027164966422456027,False,False,False,0.125,fine_group_04.mat
g04_c02,4,2,OC_CNT,0.2,15.0,0.3,60,spectral_boundary,751.5277735446575,687.1787476893393,299.99556841314677,920.0744278004106,0.290743277541972,42,False,0.6623659351093188,1.1513756997653043e-09,1.3908012330117455e-05,0.75,3006.11109417863,120.05366901848257,0.1063295158946101,0.002328452411901827,False,False,False,0.125,fine_group_04.mat
g04_c03,4,3,OC_CNT,0.2,20.0,0.3,60,spectral_boundary,728.1287453169505,703.9074559340218,299.99556841314677,972.7590987736569,0.3033750200058151,53,False,0.7092201964893408,1.1871402619317609e-08,5.6267361560452844e-05,0.625,2912.514981267802,124.30352787484493,0.13003756853085102,0.0019237114075890682,False,False,False,0.125,fine_group_04.mat
g04_c04,4,4,OC_CNT,0.2,30.0,0.3,60,spectral_boundary,749.2228747459669,741.082701400756,299.99556841314677,1072.824103398479,0.32785573778307325,60,False,0.7087046859527566,1.5673242782837053e-08,0.0002759942551280223,0.5,2996.8914989838668,116.46499416612623,0.18127981994810594,0.0011378407634838883,False,False,False,0.125,fine_group_04.mat
g04_c05,4,5,OC_CNT,0.2,50.0,0.3,60,spectral_boundary,793.8363137130516,810.8095362436803,299.99556841314677,1270.6517293639847,0.3684882352481622,59,False,0.7798666615764435,2.790712244278945e-07,0.0012098971902754763,0.625,3175.3452548522064,175.0412848623582,0.2383320506262332,0.0004562552444407064,False,False,False,0.125,fine_group_04.mat
g04_c06,4,6,OC_CNT,0.2,100.0,0.3,40,spectral_boundary,1453.6790039282464,837.8217957855406,299.99556841314677,1566.9023703904659,0.501936903100438,83,False,0.8055951421213927,4.450335405139325e-07,0.006045617573017898,0.25,5814.716015712987,447.11470111587886,0.2513855403554689,0.003354811506300126,False,False,False,0.125,fine_group_04.mat
g04_c07,4,7,OC_CNT,0.2,150.0,0.3,40,spectral_boundary,1310.652916026983,949.543111233439,299.99556841314677,1852.503555154252,0.5357844781404897,94,False,0.8201616498288105,8.415292917701177e-07,0.012746470120060832,0.375,5242.6116641079325,361.81742880920183,0.29827014730156143,0.006206205250553265,False,False,False,0.125,fine_group_04.mat
g04_c08,4,8,OC_CNT,0.3,5.0,0.3,600,completed,0.0020982196291570734,0.006703771676682621,0.0020982196291570734,0.01584917836768077,0.5767922962958564,1,True,0.02102066902494561,5.670937471953687e-12,2.305911550040323e-30,147.5,0.0048958458013665055,3.1162970948629255e-05,0.4784398126336251,0.00026602431511035807,True,False,False,0.125,fine_group_04.mat
g04_c09,4,9,OC_CNT,0.3,10.0,0.3,600,completed,2.3267761464239305,1.7297707324496674,1.4435108829687926,2.3267761464239305,0.1483679133814849,1,True,0.008567350098054862,2.479699194067254e-12,2.142395124870188e-30,144.125,5.42914434165584,0.03533220607896079,0.37166532700963384,0.0010676119644529303,True,False,False,0.125,fine_group_04.mat
g04_c10,4,10,OC_CNT,0.3,15.0,0.3,600,completed,2148.2307771476135,1232.638300947436,329.54827075506495,2198.898744294873,0.5323186008425096,1,True,0.02669433689877548,2.392545115918113e-13,2.231841396016441e-30,102.375,5012.538480011098,44.85859016066719,0.1056099550503602,0.005861652909122994,True,False,False,0.125,fine_group_04.mat
g04_c11,4,11,OC_CNT,0.3,20.0,0.3,80,spectral_boundary,1145.5234044198796,892.5318871698098,299.9948788636342,1310.6061529686153,0.38583100232661155,37,False,0.6143120834068322,7.695361617953552e-12,3.35601958847231e-07,0.875,2672.887943646386,94.17345732758108,0.121490542878745,0.0022986858837779067,False,False,False,0.125,fine_group_04.mat
g04_c12,4,12,OC_CNT,0.3,30.0,0.3,60,spectral_boundary,1500.7803568743157,845.8684443107682,299.9948788636342,1502.1998688588449,0.45588489897130163,32,False,0.5143637323674506,2.717797515649308e-11,3.7056456616491615e-07,1.0,3501.8208327067377,149.38280155972842,0.14073946476030486,0.0006027316443613095,False,False,False,0.125,fine_group_04.mat
g04_c13,4,13,OC_CNT,0.3,50.0,0.3,60,spectral_boundary,1696.0067431727707,1002.8346030791411,299.9948788636342,1866.143474634576,0.531663961800321,57,False,0.7203749333023747,2.877573375323102e-08,0.00015354065165555674,0.625,3957.3490674031323,186.31186030362565,0.1916585318851144,0.0007524201234015981,False,False,False,0.125,fine_group_04.mat
g04_c14,4,14,OC_CNT,0.3,100.0,0.3,60,spectral_boundary,1702.6569897324066,1298.9931942008732,299.9948788636342,2743.958222176504,0.5957619426753303,63,False,0.8267238267509236,1.6439170232532206e-06,0.005374943536203939,0.625,3972.866309375616,217.97121722698648,0.2624670038569653,0.004514354860876146,False,False,False,0.125,fine_group_04.mat
g04_c15,4,15,OC_CNT,0.3,150.0,0.3,40,spectral_boundary,3128.30916257208,1104.9654041098447,299.9948788636342,3128.30916257208,0.7316566998473039,22,False,0.24287108780024907,5.828855359963707e-12,3.817000645094429e-07,2.0,7299.388046001522,183.5077021351825,0.24094164290296027,0.0065710718961726755,False,False,False,0.125,fine_group_04.mat
g04_c16,4,16,OC_CNT,0.4,5.0,0.3,600,completed,0.008547475576039121,0.024406745532907465,0.008547475576039121,0.05430681858154875,0.5298189292607478,1,True,0.019281683553136586,8.913166681419009e-14,1.904167646466419e-30,136.625,0.012821213364058682,8.807973996443441e-05,0.4826573211745746,0.0002442556003486862,True,False,False,0.125,fine_group_04.mat
g04_c17,4,17,OC_CNT,0.4,10.0,0.3,600,completed,5.253746169357901,3.8592275756601864,3.163441655793386,5.253746169357901,0.15689334035927271,1,True,0.008764631860275348,7.61909398642951e-14,1.9107537023920656e-30,133.375,7.8806192540368505,0.05544327801819457,0.3489678949864299,0.001035847401328449,True,False,False,0.125,fine_group_04.mat
g04_c18,4,18,OC_CNT,0.4,15.0,0.3,600,completed,1098.406186000214,390.9755558080846,97.82647616665689,1098.406186000214,0.7068305254043067,1,True,0.028381973681381116,5.348591043723209e-14,1.697163274247852e-30,112.875,1647.609279000321,13.422534323417587,0.1315017527089864,0.00017636195063830407,True,False,False,0.125,fine_group_04.mat
g04_c19,4,19,OC_CNT,0.4,20.0,0.3,600,completed,354.2515149515775,2113.042719029744,354.2515149515775,3329.03697616517,0.4604220211679193,1,False,0.052138677330630365,5.752092566593055e-15,1.0896981723535674e-25,73.25,531.3772724273664,6.092818412280604,0.2350256479265591,0.008014818613270691,True,False,False,0.125,fine_group_04.mat
g04_c20,4,20,OC_CNT,0.4,30.0,0.3,80,spectral_boundary,2068.348614745326,1098.0907161863183,299.9940554383951,2072.753925956805,0.5435931426434942,28,False,0.4654516087609211,2.121846478460997e-12,3.21146123650221e-08,1.25,3102.522922117989,84.94285169915929,0.1394857272387961,0.001096341825697511,False,False,False,0.125,fine_group_04.mat
g04_c21,4,21,OC_CNT,0.4,50.0,0.3,80,spectral_boundary,1903.2480797127992,1354.8324025485424,299.9940554383951,2650.8426666385776,0.5928089810601561,46,False,0.7247087056800507,4.8095403818021e-09,5.814858061367169e-05,1.0,2854.8721195691987,147.77852163466193,0.20656027842053593,0.00046135003266989383,False,False,False,0.125,fine_group_04.mat
g04_c22,4,22,OC_CNT,0.4,100.0,0.3,60,spectral_boundary,2980.1507002967933,1616.8634140442582,299.9940554383951,4084.033836618057,0.7763693492200828,58,False,0.8274671285137827,7.171505273739021e-07,0.0031396821427403577,0.5,4470.22605044519,398.07641830415554,0.23046471220199038,0.004344769030216411,False,False,False,0.125,fine_group_04.mat
g04_c23,4,23,OC_CNT,0.4,150.0,0.3,60,spectral_boundary,2554.5720709756006,1930.2422549459413,299.9940554383951,5155.967546007107,0.7744312255935424,72,False,0.8319141267004214,4.376083801192524e-06,0.013335744355139508,0.625,3831.858106463401,177.86229339592586,0.26921914815264136,0.008245834750542524,False,False,False,0.125,fine_group_04.mat
g04_c24,4,24,OC_CNT,0.5,5.0,0.3,600,completed,0.02826537064244773,0.07352735093605384,0.02826537064244773,0.15505670704943447,0.48931496519141876,1,True,0.017788152140923694,2.5243593559945447e-16,1.5320684100810134e-30,127.125,0.028265370642447725,0.00020846319811378114,0.48327244604676767,0.0002179666802687441,True,False,False,0.125,fine_group_04.mat
g04_c25,4,25,OC_CNT,0.5,10.0,0.3,600,completed,10.632431577325171,7.778441442380594,6.31254298912704,10.632431577325171,0.16065202020551766,1,True,0.00876314897754968,3.799710607733353e-16,1.5463726017888518e-30,123.875,10.632431577325171,0.08053265195907536,0.32328556202752,0.0009929951670154535,True,False,False,0.125,fine_group_04.mat
g04_c26,4,26,OC_CNT,0.5,15.0,0.3,600,completed,1131.0671460223953,437.9575431241459,125.11076644073765,1131.0671460223953,0.6439124329041023,1,True,0.02490619437485402,3.667371244062701e-16,1.4283503307723329e-30,107.75,1131.0671460223953,9.688333821601185,0.15441819975076965,0.00014452062169367785,True,False,False,0.125,fine_group_04.mat
g04_c27,4,27,OC_CNT,0.5,20.0,0.3,600,completed,738.3816676531843,2348.8647370420804,738.3816676531843,3353.690183787524,0.3346068905768035,1,True,0.04488967291095982,1.446014659324729e-16,1.5914704433224704e-30,73.375,738.3816676531842,8.490369543351612,0.1828529049571086,0.007766894435122129,True,False,False,0.125,fine_group_04.mat
g04_c28,4,28,OC_CNT,0.5,30.0,0.3,600,completed,32.66894636117931,56.17773614260062,32.30442020812308,139.0044693262299,0.5079868850356154,1,True,0.020273913880861038,1.7572948436567995e-16,1.5336910227273586e-30,79.875,32.66894636117931,0.3809542132187709,0.3149398622939368,0.0040382668791395515,True,False,False,0.125,fine_group_04.mat
g04_c29,4,29,OC_CNT,0.5,50.0,0.3,80,spectral_boundary,3498.0243262563276,1548.974552713022,299.99307278938716,3811.7885408623574,0.7476783001776862,51,False,0.6919559968308399,4.767372868864864e-09,3.1804402550281326e-05,0.75,3498.024326256327,159.0894219272131,0.1590954835328091,0.00042739695046722925,False,False,False,0.125,fine_group_04.mat
g04_c30,4,30,OC_CNT,0.5,100.0,0.3,60,spectral_boundary,5732.1754716016185,1761.1207193152622,299.99307278938716,5799.988872596999,0.928417450594774,62,False,0.6229375289664555,3.806845923140149e-09,0.0003269428681068215,0.625,5732.1754716016185,278.53280174738927,0.17691608117960123,0.004523642141467943,False,False,False,0.125,fine_group_04.mat
g04_c31,4,31,OC_CNT,0.5,150.0,0.3,60,spectral_boundary,4012.234926726821,2491.5451620179715,299.99307278938716,8086.973633434845,0.9471308770424901,72,False,0.8122310298202831,1.5646721087732992e-06,0.013163420016399821,0.5,4012.234926726822,229.0254144778183,0.24282678494476206,0.007446138461953189,False,False,False,0.125,fine_group_04.mat
g04_c32,4,32,OC_CNT,0.6,5.0,0.3,600,completed,0.07120747280812262,0.17479091429372673,0.07120747280812262,0.35548995718342596,0.4628324728058799,1,True,0.016800534026278114,2.4258411544180754e-21,1.2930077707412042e-30,118.75,0.0474716485387484,0.0003750917561353959,0.4766652813181279,0.00018478752904249607,True,False,False,0.125,fine_group_04.mat
g04_c33,4,33,OC_CNT,0.6,10.0,0.3,600,completed,17.949777565017534,13.34423736210418,10.963536949496527,17.949777565017534,0.15172968214265686,1,True,0.008284531917888464,7.831373681147045e-21,1.3009919824629528e-30,115.25,11.966518376678357,0.09734541994390364,0.3014224354352466,0.0009379829851431376,True,False,False,0.125,fine_group_04.mat
g04_c34,4,34,OC_CNT,0.6,15.0,0.3,600,completed,1074.5655521919182,454.1803724068719,149.61661381265782,1074.5655521919182,0.5779772004805963,1,True,0.021759340271745323,2.1755765478698717e-20,1.3111816738140035e-30,103.375,716.3770347946122,6.430024460954373,0.18178880438459732,4.515818728112464e-05,True,False,False,0.125,fine_group_04.mat
g04_c35,4,35,OC_CNT,0.6,20.0,0.3,600,completed,1301.1122296077815,2390.8281704868878,1301.1122296077815,3172.246278310352,0.2492347530606347,1,True,0.034613933573590445,4.7661256841601e-20,1.33221305173986e-30,75.875,867.4081530718545,9.889818054785023,0.16251978497184605,0.00698099912386152,True,False,False,0.125,fine_group_04.mat
g04_c36,4,36,OC_CNT,0.6,30.0,0.3,600,completed,30.673375772921382,153.86095253081075,30.673375772921382,610.1763717540775,0.9576211034254803,1,True,0.03521176565968908,3.0331747648215776e-18,1.2797848286531099e-30,69.875,20.448917181947586,0.2695411208558146,0.29291062510294563,0.0036454172107229788,True,False,False,0.125,fine_group_04.mat
g04_c37,4,37,OC_CNT,0.6,50.0,0.3,100,spectral_boundary,3158.6910460564814,2081.638509656986,299.99186622865716,5025.691167717829,0.7675902036366592,36,False,0.6444918103907374,1.3458378133028926e-09,1.2928142695830968e-05,0.875,2105.794030704321,89.30298518848505,0.18305459213939257,0.0009408730145991084,False,False,False,0.125,fine_group_04.mat
g04_c38,4,38,OC_CNT,0.6,100.0,0.3,80,spectral_boundary,3648.539471158083,2681.6849165652666,299.99186622865716,8071.852067827109,0.8804417772990157,40,False,0.7604668432303427,2.834464058276566e-07,0.0015875961827356603,1.0,2432.3596474387223,148.56424773430408,0.22551743101922195,0.00374699016279334,False,False,False,0.125,fine_group_04.mat
g04_c39,4,39,OC_CNT,0.6,150.0,0.3,60,spectral_boundary,7810.751713247368,2916.899126819406,299.99186622865716,10967.040902306282,1.1065960079572161,76,False,0.769452542253576,3.121799376285352e-07,0.008920184561693344,0.25,5207.167808831578,420.8825229171509,0.191248043111099,0.006963026140050066,False,False,False,0.125,fine_group_04.mat
g04_c40,4,40,OC_CNT,0.7,5.0,0.3,600,completed,0.13186631007838084,0.3201388191457116,0.13186631007838084,0.6442813895613186,0.45614392430731016,1,True,0.016513413477823136,7.738731463196452e-24,1.0397796801858743e-30,110.625,0.05651413289073464,0.00047890684642668403,0.45480083232206103,0.0001398796002476388,True,False,False,0.125,fine_group_04.mat
g04_c41,4,41,OC_CNT,0.7,10.0,0.3,600,completed,23.930890385683647,18.631890604134245,16.019229052454243,23.930890385683647,0.12405308972708895,1,True,0.0071220157322158355,6.874343486876474e-24,1.0668320108486172e-30,107.25,10.256095879578705,0.0895824011471444,0.28059924991819796,0.0008716089911000591,True,False,False,0.125,fine_group_04.mat
g04_c42,4,42,OC_CNT,0.7,15.0,0.3,600,completed,918.1460335774648,422.87998371790104,162.15348769971314,918.1460335774648,0.5109688386994481,1,True,0.018954318925175236,1.3028293904386585e-24,1.0399030854230573e-30,99.125,393.49115724748503,3.698392187566389,0.21502456014524346,0.00016503773508480535,True,False,False,0.125,fine_group_04.mat
g04_c43,4,43,OC_CNT,0.7,20.0,0.3,600,completed,1902.3841264351622,2229.5832661594804,1119.53185609805,2857.837141066898,0.2373200405063443,1,True,0.022248459474290303,7.486010784434833e-25,1.0774060642959034e-30,79.375,815.3074827579269,9.15982288154439,0.19686258734231016,0.005712514006773084,True,False,False,0.125,fine_group_04.mat
g04_c44,4,44,OC_CNT,0.7,30.0,0.3,600,completed,54.11975876983905,331.9888741695818,54.11975876983905,1318.7035623451034,0.9890877339046117,1,True,0.036990089774217014,8.970944180908634e-24,1.0223337016381186e-30,65.125,23.19418232993103,0.32237664535426425,0.25582190063908306,0.0029827638864617922,True,False,False,0.125,fine_group_04.mat
g04_c45,4,45,OC_CNT,0.7,50.0,0.3,600,completed,677.841892222815,2528.8180921528874,677.841892222815,4691.37014915777,0.5839962774242252,1,False,0.032653835145412646,4.182208061172526e-21,4.460149611843172e-27,45.5,290.5036680954922,5.624041911931418,0.19757622709368206,0.0018332840429781116,True,False,False,0.125,fine_group_04.mat
g04_c46,4,46,OC_CNT,0.7,100.0,0.3,80,spectral_boundary,5719.60169148673,3255.692772874291,299.9903085357188,10886.5483298007,1.0241096748899616,61,False,0.7561332552561199,1.425940160947105e-08,0.0004909821649163921,0.625,2451.2578677800275,142.96779796034423,0.20540181531537488,0.0025705186916605838,False,False,False,0.125,fine_group_04.mat
g04_c47,4,47,OC_CNT,0.7,150.0,0.3,80,spectral_boundary,4466.396932017022,4176.603158300237,299.9903085357188,15146.535657857832,1.0059262139983391,42,False,0.8128398024125886,1.7180354229021752e-07,0.004053246565486662,0.625,1914.170113721581,112.93356041344197,0.21659996716920615,0.006235493684442872,False,False,False,0.125,fine_group_04.mat
g04_c48,4,48,OC_CNT,0.8,5.0,0.3,600,completed,0.16905322616683333,0.43479547675431013,0.16905322616683333,0.8990068261844519,0.47824794991720004,1,True,0.017243877406541964,5.899831902450949e-24,8.256743248426381e-31,102.5,0.042263306541708325,0.0003862758645760775,0.397054707233461,7.024457416338059e-05,True,False,False,0.125,fine_group_04.mat
g04_c49,4,49,OC_CNT,0.8,10.0,0.3,600,completed,23.147108016967646,19.83719882157839,18.60423615140771,23.147108016967646,0.06763820743762354,1,True,0.004888449931593618,7.639175127066192e-24,8.37432811234234e-31,99.5,5.786777004241911,0.054495892355591775,0.23473704587838484,0.0007859663267982819,True,False,False,0.125,fine_group_04.mat
g04_c50,4,50,OC_CNT,0.8,15.0,0.3,600,completed,653.415594028827,329.040913204629,150.17199817851923,653.415594028827,0.4375081791218316,1,True,0.016468425469703094,2.9559208749335273e-24,7.995892179221151e-31,94.375,163.3538985072067,1.6182085151472239,0.2498097153887613,0.0004938825245976997,True,False,False,0.125,fine_group_04.mat
g04_c51,4,51,OC_CNT,0.8,20.0,0.3,600,completed,2281.9772446688567,1829.9930365688751,823.1694217800161,2461.2625920849505,0.3033209696223197,1,True,0.01644857707337331,1.4797333283454947e-24,8.133355253852068e-31,82.75,570.494311167214,6.3219004934730965,0.24317373770239692,0.003923347170136204,True,False,False,0.125,fine_group_04.mat
g04_c52,4,52,OC_CNT,0.8,30.0,0.3,600,completed,129.51706265986192,801.2779978267308,129.51706265986192,2672.6560757478355,0.8893213883310125,1,True,0.034997041417797935,2.59401798002614e-24,8.603049979327677e-31,63.125,32.37926566496547,0.44869336562361856,0.20227089459271108,0.0013262297503322529,True,False,False,0.125,fine_group_04.mat
g04_c53,4,53,OC_CNT,0.8,50.0,0.3,600,completed,7473.519566710611,2053.32382787046,309.8863650957131,7473.519566710611,0.9833292533043799,1,True,0.04260758505621854,9.014363904644439e-24,8.41015868582128e-31,58.625,1868.3798916776523,29.25752553944825,0.209713496246826,3.840906969354574e-05,True,False,False,0.125,fine_group_04.mat
g04_c54,4,54,OC_CNT,0.8,100.0,0.3,600,completed,5902.703316200429,5031.518963290093,4600.690966708744,5902.703316200429,0.07097441595641216,21,False,0.47987711263365,2.0649888066436748e-15,4.464082140821545e-11,1.5,1475.6758290501066,36.5418763574482,0.1276239298354535,0.002363613135806797,True,False,False,0.125,fine_group_04.mat
g04_c55,4,55,OC_CNT,0.8,150.0,0.3,80,spectral_boundary,5456.958334950734,5331.999426603147,299.98811163557247,19191.734433290076,1.1169520060715064,27,False,0.7776388070228316,2.154969786723093e-07,0.0016347473246730749,0.625,1364.2395837376832,124.9598642279205,0.21255766291198475,0.0033532572660617266,False,False,False,0.125,fine_group_04.mat
g04_c56,4,56,OC_CNT,0.9,5.0,0.3,600,completed,0.10108391074976444,0.32974929043504403,0.10108391074976444,0.7645224048460999,0.5700593274465945,1,True,0.020702311541235304,6.667820474666278e-24,6.259124195407695e-31,92.625,0.011231545638862712,0.00011225931913636722,0.2487087703480897,8.550069908852542e-05,True,False,False,0.125,fine_group_04.mat
g04_c57,4,57,OC_CNT,0.9,10.0,0.3,600,completed,10.009500377453332,11.149337625788023,10.009500377453332,13.342451865876132,0.08770059099527415,1,True,0.003967598269564354,5.654545930364132e-24,6.00216381105262e-31,90.875,1.1121667086059255,0.011445594444046744,0.1143073729569355,0.0005935323907675372,True,False,False,0.125,fine_group_04.mat
g04_c58,4,58,OC_CNT,0.9,15.0,0.3,600,completed,233.9826008456462,141.6027220478719,88.81671217294647,233.9826008456462,0.29323144836502596,1,True,0.012798525939934371,2.7363894723758145e-24,6.124246419635143e-31,87.875,25.998066760627353,0.276749589082544,0.19100558587002603,0.0008777379444218081,True,False,False,0.125,fine_group_04.mat
g04_c59,4,59,OC_CNT,0.9,20.0,0.3,600,completed,1617.2795829850102,895.4893667561176,382.95344226476266,1617.2795829850102,0.4171649980311936,1,True,0.01582316769688149,2.2134625009703463e-24,6.078790929873952e-31,83.75,179.6977314427789,2.0028882067086515,0.29438139876076214,0.0008827499161181418,True,False,False,0.125,fine_group_04.mat
g04_c60,4,60,OC_CNT,0.9,30.0,0.3,600,completed,585.6197901450121,1986.1694974898717,585.6197901450121,3279.8978419635678,0.4745236232247612,1,True,0.025213378173657278,3.0486953008125533e-24,6.0209322668503295e-31,68.75,65.068865571668,0.8267046180657613,0.152915790474638,0.0029063434868454863,True,False,False,0.125,fine_group_04.mat
g04_c61,4,61,OC_CNT,0.9,50.0,0.3,600,completed,950.4115923365538,405.8828355123276,264.5866097597573,950.4115923365538,0.4480445702027796,1,True,0.03148026353564038,1.2659571881688127e-23,6.24849287567422e-31,58.125,105.60128803739485,1.6904669255713083,0.11241141944577826,0.005023561729635251,True,False,False,0.125,fine_group_04.mat
g04_c62,4,62,OC_CNT,0.9,100.0,0.3,600,completed,4362.193306053319,4839.8546098716915,2582.735810897296,6318.660079874699,0.24445995245127744,2,False,0.017507918289446225,1.5660166801787763e-20,6.041012544697613e-31,29.375,484.68814511703533,11.442095028931439,0.12833950983071707,0.002365215601001669,True,False,False,0.125,fine_group_04.mat
g04_c63,4,63,OC_CNT,0.9,150.0,0.3,600,completed,12928.298604794236,4871.948305051188,2423.0938537282545,12928.298604794236,0.6302439136783996,23,False,0.08728479605728043,4.802811228784817e-20,1.1498726911735068e-19,20.375,1436.4776227549146,12.621767189999971,0.14089381494411535,0.004734250014831631,True,False,False,0.125,fine_group_04.mat
g05_c00,5,0,CNT_OC,0.2,5.0,-0.1,20,spectral_boundary,448.32759945468354,387.0121204142423,262.42780440207207,495.94866696206583,0.19794854216183075,20,False,0.542884418291083,5.306932626151144e-07,0.007167357683812127,0.375,2629.2910263725516,531.6348056163622,0.11398137605418235,0.000671776111021094,False,True,False,0.125,fine_group_05.mat
g05_c01,5,1,CNT_OC,0.2,10.0,-0.1,20,spectral_boundary,449.2894055391084,388.5372730059744,262.42780440207207,500.31586363019863,0.20050793172213424,19,False,0.5654291654769856,8.574560312461043e-07,0.00727999214616943,0.5,2634.905913752301,527.4168856451471,0.11319547139810704,0.0005180389361028048,False,False,False,0.125,fine_group_05.mat
g05_c02,5,2,CNT_OC,0.2,15.0,-0.1,20,spectral_boundary,450.55972569900274,390.06892636350136,262.42780440207207,504.70715033924466,0.20305342865833434,15,False,0.6562332171421044,1.8426562287235142e-07,0.007846708026366769,0.5,2641.9807663871266,579.090490285947,0.14589417066745236,0.00036432998069846345,False,False,False,0.125,fine_group_05.mat
g05_c03,5,3,CNT_OC,0.2,20.0,-0.1,20,spectral_boundary,450.5717003014434,391.5385466186059,262.42780440207207,509.1218774239965,0.2055006294129742,20,False,0.6226796718838848,2.60617010240915e-07,0.008696298493067007,0.5,2642.5692635932633,462.7737999912402,0.1880600152293853,0.00021044904049294377,False,False,False,0.125,fine_group_05.mat
g05_c04,5,4,CNT_OC,0.2,30.0,-0.1,20,spectral_boundary,457.16874471995277,394.9005595931866,262.42780440207207,518.0185199879343,0.2110210363104048,17,False,0.5918872434641563,3.416639470903274e-07,0.010424820628423636,0.25,2680.8235535226722,619.2511795861269,0.2417917092685956,9.598626251439146e-05,False,False,False,0.125,fine_group_05.mat
g05_c05,5,5,CNT_OC,0.2,50.0,-0.1,20,spectral_boundary,486.77939679602025,403.29882810167214,262.42780440207207,536.0501158335462,0.2251530062076404,18,False,0.5678769369648252,1.7406365638507173e-07,0.005304082833601641,0.375,2852.5251624326083,507.82379900753165,0.295680084747204,0.0007042584259286944,False,False,False,0.125,fine_group_05.mat
g05_c06,5,6,CNT_OC,0.2,100.0,-0.1,20,spectral_boundary,528.1588659291479,421.84552078899134,262.42780440207207,581.5717600577323,0.2540481276450758,14,False,0.6720309116538428,3.121581853529155e-06,0.01331957842555179,0.25,3092.5321004601265,907.9381853115958,0.35033060926701975,0.0022317259656181587,False,False,False,0.125,fine_group_05.mat
g05_c07,5,7,CNT_OC,0.2,150.0,-0.1,20,spectral_boundary,567.2821866274376,440.3027562287087,262.42780440207207,621.2962968185775,0.2799369413035351,20,False,0.6866874559059265,1.6641230173513188e-06,0.01117684547955273,0.25,3319.2668018683453,772.6145168472071,0.3684655737814091,0.0037587797917983945,False,False,False,0.125,fine_group_05.mat
g05_c08,5,8,CNT_OC,0.3,5.0,-0.1,40,spectral_boundary,259.65694919399397,381.21617151586275,259.65694919399397,553.8115195295493,0.23656674283938348,16,False,0.6826032615893994,8.972771975162819e-07,0.005388077222671935,0.625,1028.3021453444685,178.95880574784877,0.14102331363165976,0.0009585082681856649,False,False,False,0.125,fine_group_05.mat
g05_c09,5,9,CNT_OC,0.3,10.0,-0.1,40,spectral_boundary,273.28496508470164,385.76367456849295,261.0274962458822,561.5444267557374,0.2349645176249093,16,False,0.7159135349900195,1.2250018104203803e-06,0.00570818362798844,0.625,1081.6049796190562,199.45139235672707,0.19222109150509625,0.0006506191311268505,False,False,False,0.125,fine_group_05.mat
g05_c10,5,10,CNT_OC,0.3,15.0,-0.1,40,spectral_boundary,287.93907800722036,391.6475080657859,261.0274962458822,569.3544687564165,0.2303262876838068,11,False,0.7114788407597196,1.5789123299163183e-06,0.005871325958977063,0.625,1137.8542806431874,311.0133394248843,0.24171826435858423,0.00034648437403417276,False,False,False,0.125,fine_group_05.mat
g05_c11,5,11,CNT_OC,0.3,20.0,-0.1,40,spectral_boundary,295.52150423157946,395.76833931294243,261.0274962458822,577.2405113851587,0.23100020444083783,15,False,0.6886166265059493,1.8949357904682789e-06,0.006415219934826876,0.625,1168.3305357269146,230.14959843713908,0.2741171101266775,3.718605663283192e-05,False,False,False,0.125,fine_group_05.mat
g05_c12,5,12,CNT_OC,0.3,30.0,-0.1,40,spectral_boundary,304.17118166256364,402.54100822246244,261.0274962458822,593.2351629040788,0.2352987028452689,17,False,0.6595100888082898,1.995661942515178e-06,0.007934163317531894,0.5,1202.7927749608434,204.51867653410318,0.3128957629622354,0.000585681210791722,False,False,False,0.125,fine_group_05.mat
g05_c13,5,13,CNT_OC,0.3,50.0,-0.1,40,spectral_boundary,355.1105671149076,425.16021561652326,261.0274962458822,626.0645207772784,0.2331141401453989,23,False,0.6651351980544521,5.718494493271039e-07,0.008453533387436792,0.5,1402.0123057933592,194.7946956732997,0.3405798073062801,0.0018047027509825453,False,False,False,0.125,fine_group_05.mat
g05_c14,5,14,CNT_OC,0.3,100.0,-0.1,40,spectral_boundary,525.3559584301452,504.33827031655244,261.0274962458822,711.7954304521118,0.252626236954127,17,False,0.7012163151069285,4.928158759715536e-07,0.007175820652230808,0.5,2063.686285013454,382.2017534210226,0.35207743781127787,0.0047872576330200145,False,False,False,0.125,fine_group_05.mat
g05_c15,5,15,CNT_OC,0.3,150.0,-0.1,40,spectral_boundary,721.4238486613049,563.1218077826404,261.0274962458822,794.2478731824788,0.28784825593573876,17,False,0.8066657587097661,2.7184248128110585e-06,0.010243156617637292,0.375,2823.559232435542,672.1633663778845,0.34668497708027446,0.007822521026441431,False,False,False,0.125,fine_group_05.mat
g05_c16,5,16,CNT_OC,0.4,5.0,-0.1,40,spectral_boundary,371.4714438699275,432.2101643843431,260.0780374880352,608.7793583905814,0.2300467043913986,17,False,0.6118281641898942,7.947902554048802e-08,0.0006878979242754808,0.5,1101.7097076991474,190.92334403982719,0.15994897746249703,0.000905049023057658,False,False,False,0.125,fine_group_05.mat
g05_c17,5,17,CNT_OC,0.4,10.0,-0.1,40,spectral_boundary,384.3284266590645,438.7053610685992,260.0780374880352,620.9959105469459,0.2336226137246692,13,False,0.6477833942132853,9.337873075609585e-08,0.0007748683812084052,0.5,1139.276472218307,250.12553493841438,0.1830469254563526,0.0005996236004961464,False,False,False,0.125,fine_group_05.mat
g05_c18,5,18,CNT_OC,0.4,15.0,-0.1,40,spectral_boundary,400.10217702227294,444.64941002758735,260.0780374880352,633.3825299369349,0.23740153307034764,16,False,0.6797984190422267,1.3300790998480787e-07,0.0010873194731416019,0.5,1185.224627006436,219.30472628516367,0.23312437591526358,0.00029304910001237694,False,False,False,0.125,fine_group_05.mat
g05_c19,5,19,CNT_OC,0.4,20.0,-0.1,40,spectral_boundary,409.2116746965389,449.3451577764166,260.0780374880352,645.9339971699275,0.2421916255719335,14,False,0.7129108397810231,2.1137894892036295e-07,0.0013793460751515582,0.625,1212.2180627685884,205.60903510875409,0.26459581332521254,1.6520437116085418e-05,False,False,False,0.125,fine_group_05.mat
g05_c20,5,20,CNT_OC,0.4,30.0,-0.1,40,spectral_boundary,425.8395698162359,458.6285727279604,260.0780374880352,671.5047573211826,0.25187771592595,23,False,0.7022592179025892,4.1527484624216803e-07,0.0023438450387778453,1.125,1261.9001683092824,130.67228376741477,0.30047584966958085,0.0006358904969220314,False,False,False,0.125,fine_group_05.mat
g05_c21,5,21,CNT_OC,0.4,50.0,-0.1,40,spectral_boundary,491.9559048546122,484.6725719937717,260.0780374880352,724.2450988650439,0.2696766477744622,15,False,0.5745683358714264,4.797247265461281e-07,0.003369903573032837,0.625,1455.245306948505,217.86162130222144,0.3273104856858776,0.0018564475756300824,False,False,False,0.125,fine_group_05.mat
g05_c22,5,22,CNT_OC,0.4,100.0,-0.1,40,spectral_boundary,691.6772873316331,570.915862459147,260.0780374880352,857.3464043373433,0.32713349896784544,24,False,0.6655010617336178,1.837873751862731e-07,0.003629882194225929,1.0,2038.5878394676122,195.94974597485458,0.3396886701349118,0.004857714241612077,False,False,False,0.125,fine_group_05.mat
g05_c23,5,23,CNT_OC,0.4,150.0,-0.1,40,spectral_boundary,984.0206077433174,671.6988412476101,260.0780374880352,1005.23008591153,0.391430699175851,19,False,0.6691866345432398,3.0556318474840215e-07,0.005080602565945875,0.5,2888.1472701103794,413.1618387351484,0.33306860898688084,0.007821163624122995,False,False,False,0.125,fine_group_05.mat
g05_c24,5,24,CNT_OC,0.5,5.0,-0.1,40,spectral_boundary,484.62495428426473,468.1740428289655,259.3891410478085,671.1487534956874,0.2715856057912567,9,False,0.7119185138656898,1.0196053273150106e-08,0.00015065580685138074,0.5,1148.1127491839397,294.23037716468644,0.18290499166012636,0.000863751081456865,False,False,False,0.125,fine_group_05.mat
g05_c25,5,25,CNT_OC,0.5,10.0,-0.1,40,spectral_boundary,508.2772832846722,475.9385791150038,259.3891410478085,688.5255752980413,0.2792245461256049,11,False,0.637737300324698,1.4642126528490314e-08,0.00018719322820044532,0.5,1203.5794217351033,271.87196336079677,0.1792453445327512,0.0005598234356961607,False,False,False,0.125,fine_group_05.mat
g05_c26,5,26,CNT_OC,0.5,15.0,-0.1,40,spectral_boundary,527.4030537728195,483.1178037654463,259.3891410478085,705.7233774178269,0.2864723963909023,13,False,0.5476339313687432,2.383199988055076e-08,0.00025031371939818507,0.75,1248.4482175656144,293.8008597172525,0.22191129669057874,0.0002546854846272595,False,False,False,0.125,fine_group_05.mat
g05_c27,5,27,CNT_OC,0.5,20.0,-0.1,40,spectral_boundary,531.3720241202536,489.30411871026365,259.3891410478085,723.3647623781062,0.29345305188606313,9,False,0.5688865623718617,3.396741261097064e-08,0.000287110889793964,0.5,1257.928268628267,371.9053793009227,0.25335617603419325,5.271634270975767e-05,False,False,False,0.125,fine_group_05.mat
g05_c28,5,28,CNT_OC,0.5,30.0,-0.1,40,spectral_boundary,563.2017956372182,505.0507197998842,259.3891410478085,762.2579782338412,0.30883656976687424,10,False,0.5197681015611108,1.2735020296736695e-07,0.00036726396002992784,0.5,1332.6575489935062,362.9055909267207,0.2857524390997882,0.0006602788026723871,False,False,False,0.125,fine_group_05.mat
g05_c29,5,29,CNT_OC,0.5,50.0,-0.1,40,spectral_boundary,662.9511712923928,543.9033329206202,259.3891410478085,842.4841985768512,0.3431734982538064,13,False,0.626832530021288,5.264898678628768e-08,0.00037305604157962465,0.5,1565.8831713426382,336.74896338606027,0.3096086060589913,0.0018598660317179494,False,False,False,0.125,fine_group_05.mat
g05_c30,5,30,CNT_OC,0.5,100.0,-0.1,40,spectral_boundary,921.9457378573126,640.2845852859655,259.3891410478085,1046.9907269868474,0.4146810530707202,16,False,0.6154091732320827,2.456465769372391e-07,0.001284526449169983,0.625,2170.509603778525,287.12568933171167,0.3215003073975379,0.004858376913070783,False,False,False,0.125,fine_group_05.mat
g05_c31,5,31,CNT_OC,0.5,150.0,-0.1,40,spectral_boundary,1278.3018705699901,765.7143083405301,259.3891410478085,1278.3018705699901,0.49046652449496286,16,False,0.5788726006106717,3.262196129304622e-07,0.0018811101613792252,0.625,2999.6178507008262,391.6197240264927,0.3158476415256398,0.007795240627556321,False,False,False,0.125,fine_group_05.mat
g05_c32,5,32,CNT_OC,0.6,5.0,-0.1,40,spectral_boundary,641.3996318511315,490.1660949109799,258.8653912512796,744.6075723732575,0.324260508997816,4,False,0.5370647830012234,6.6159398589137125e-09,6.785849056777832e-05,0.5,1263.7108770832588,420.9329947430373,0.21005180192941336,0.0008266062014717912,False,False,False,0.125,fine_group_05.mat
g05_c33,5,33,CNT_OC,0.6,10.0,-0.1,40,spectral_boundary,667.8205687312947,500.527140766951,258.8653912512796,771.7271776826487,0.3369562345147109,7,False,0.6591203873210053,6.053768493040963e-09,6.472433460852948e-05,0.375,1315.6243586870619,307.90916190872736,0.20606106494647625,0.0005270551354167319,False,False,False,0.125,fine_group_05.mat
g05_c34,5,34,CNT_OC,0.6,15.0,-0.1,40,spectral_boundary,719.425472669891,512.0304578406999,258.8653912512796,799.1436862457166,0.3509178147317189,6,False,0.7796266089623756,5.6378114789564426e-09,5.0163381503064905e-05,0.5,1415.5858806715319,338.3769453359257,0.20221752385183966,0.00022989062781386682,False,False,False,0.125,fine_group_05.mat
g05_c35,5,35,CNT_OC,0.6,20.0,-0.1,40,spectral_boundary,741.4095834440002,522.2348610566967,258.8653912512796,826.6522837063706,0.36232093608340804,6,False,0.7562446124932088,3.237021720165663e-09,3.926253719377948e-05,0.5,1458.5316294211,350.6012234614568,0.23022342258464568,6.993875481631218e-05,False,False,False,0.125,fine_group_05.mat
g05_c36,5,36,CNT_OC,0.6,30.0,-0.1,40,spectral_boundary,770.7065175668638,541.3217389442716,258.8653912512796,880.7660896593278,0.3815640070382608,7,False,0.5310071913234862,7.696660559172422e-09,9.74882942305058e-05,0.5,1516.051977764725,390.20793419623834,0.26276739174984254,0.0006720547711837055,False,False,False,0.125,fine_group_05.mat
g05_c37,5,37,CNT_OC,0.6,50.0,-0.1,40,spectral_boundary,884.2256697571356,586.4699879330657,258.8653912512796,996.2946382605426,0.42503215106359343,10,False,0.7271336490699599,3.242885782147196e-08,0.00021603856703686312,0.5,1737.3117750503534,321.8370469902741,0.2867332903263189,0.0018627750497802742,False,False,False,0.125,fine_group_05.mat
g05_c38,5,38,CNT_OC,0.6,100.0,-0.1,40,spectral_boundary,1226.6135755327464,712.7945659920143,258.8653912512796,1312.6291165750965,0.5183607492302725,9,False,0.5706053426907655,4.492849807049751e-08,0.0003566305848710201,0.5,2401.7953624238835,566.1440399801425,0.29788097517195444,0.004812732271649356,False,False,False,0.125,fine_group_05.mat
g05_c39,5,39,CNT_OC,0.6,150.0,-0.1,40,spectral_boundary,1629.5738227902698,858.2370365479364,258.8653912512796,1657.169413426635,0.5920279426262851,13,False,0.5884111840847277,2.698085445460411e-07,0.0011764404575704776,0.375,3183.47751953784,458.6639314477637,0.29390994705693596,0.0077247112764397,False,False,False,0.125,fine_group_05.mat
g05_c40,5,40,CNT_OC,0.7,5.0,-0.1,60,spectral_boundary,558.0052339511567,559.5075590985085,258.4531061694581,845.741435729218,0.3222132240426151,5,False,0.5786917798613723,1.0507884076608981e-10,1.3809332860503452e-05,0.75,944.4774369989175,362.93345905797287,0.24842103188215414,0.001337022623545292,False,False,False,0.125,fine_group_05.mat
g05_c41,5,41,CNT_OC,0.7,10.0,-0.1,60,spectral_boundary,603.9936432217909,579.5374974176559,258.4531061694581,885.3502327282971,0.3347870418601689,5,False,0.522845040586592,3.608517867954703e-10,1.2853012743097261e-05,0.75,1021.5591763783048,355.7578473426945,0.24071578778487296,0.0009097325736202588,False,False,False,0.125,fine_group_05.mat
g05_c42,5,42,CNT_OC,0.7,15.0,-0.1,60,spectral_boundary,648.967964864076,596.6220521403906,258.4531061694581,926.8520495368349,0.34523578528651283,10,False,0.5364294314810394,2.813987935509917e-10,1.3948100711028099e-05,0.625,1098.251227375775,196.8744663655952,0.23412307124100395,0.0004753875212468728,False,False,False,0.125,fine_group_05.mat
g05_c43,5,43,CNT_OC,0.7,20.0,-0.1,60,spectral_boundary,681.4309863863575,621.9333513145997,258.4531061694581,968.3802212066521,0.3617046704960361,5,False,0.6011258601780418,4.0903751484438374e-11,9.44677677498155e-06,0.75,1152.1791876441077,357.02324734383296,0.22821719067079,6.107992519333028e-05,False,False,False,0.125,fine_group_05.mat
g05_c44,5,44,CNT_OC,0.7,30.0,-0.1,60,spectral_boundary,812.4771361103064,666.868658102428,258.4531061694581,1048.204985532278,0.38599020114089255,7,False,0.5196409583715661,6.568431664093986e-10,1.2675270852621581e-05,0.625,1371.7467243174742,382.8578895828277,0.24468283655431322,0.0007805052381214539,False,False,False,0.125,fine_group_05.mat
g05_c45,5,45,CNT_OC,0.7,50.0,-0.1,40,spectral_boundary,1182.4851536782567,609.4340568057203,258.4531061694581,1222.6126255946747,0.5000343704984227,8,False,0.28173763579847966,1.7607293437490187e-10,4.451123283758975e-06,1.5,1986.1867873779577,215.7156127352376,0.256390748727243,0.0018641907872509744,False,False,False,0.125,fine_group_05.mat
g05_c46,5,46,CNT_OC,0.7,100.0,-0.1,40,spectral_boundary,1575.4791226295065,765.9106158765921,258.4531061694581,1697.789540745171,0.6196485563088965,5,False,0.539758785483467,1.4446047184593946e-09,0.00014241639101688172,0.5,2639.4920290828336,740.2265867951564,0.2679918441697935,0.004754790708051515,False,False,False,0.125,fine_group_05.mat
g05_c47,5,47,CNT_OC,0.7,150.0,-0.1,40,spectral_boundary,2072.5173975821176,950.4161402219685,258.4531061694581,2194.004223470281,0.7067269805753803,11,False,0.4891504152669637,6.925405770164615e-08,0.0003975403479494437,0.375,3465.311697188014,430.5853610481537,0.26466226366596635,0.007594273006332752,False,False,False,0.125,fine_group_05.mat
g05_c48,5,48,CNT_OC,0.8,5.0,-0.1,60,spectral_boundary,779.070964291529,617.3241116098906,258.1194772985874,999.6110372908653,0.3941195505772137,6,False,0.470811975783571,9.452643318862009e-13,1.2988216581761148e-06,0.875,1152.0055421066263,246.26758442806076,0.29496737397014244,0.0014267604184767801,False,False,False,0.125,fine_group_05.mat
g05_c49,5,49,CNT_OC,0.8,10.0,-0.1,60,spectral_boundary,843.6621397648669,644.3636905248495,258.1194772985874,1059.3269800119194,0.41437264854575234,6,False,0.5276656234888469,1.3343545208280414e-11,3.2537634065230895e-06,0.875,1246.58728857061,292.8565277475393,0.28462330940674035,0.001022524275390846,False,False,False,0.125,fine_group_05.mat
g05_c50,5,50,CNT_OC,0.8,15.0,-0.1,60,spectral_boundary,908.5543052481667,671.377036410898,258.1194772985874,1117.4970249279163,0.43289540906386764,6,False,0.4937155958355943,1.2124613572361715e-11,2.0787626977343746e-06,0.75,1341.623942495561,332.07553925359394,0.27586937853664967,0.0006183722905306333,False,False,False,0.125,fine_group_05.mat
g05_c51,5,51,CNT_OC,0.8,20.0,-0.1,60,spectral_boundary,978.0663763772061,700.0069481464596,258.1194772985874,1182.9813034092876,0.45142256327551544,6,False,0.5386209472762723,4.141254756035553e-11,3.857784300629276e-06,0.625,1443.1960480804821,407.43421741617414,0.26847058568089244,0.0002181020162015379,False,False,False,0.125,fine_group_05.mat
g05_c52,5,52,CNT_OC,0.8,30.0,-0.1,60,spectral_boundary,1146.1155000942736,759.5759857492174,258.1194772985874,1305.033471000661,0.4854383332657874,8,False,0.5005913749071355,3.405321131165207e-11,7.713819315837172e-06,1.0,1688.700795687759,248.27772543346984,0.2571805444862869,0.0005765328332398845,False,False,False,0.125,fine_group_05.mat
g05_c53,5,53,CNT_OC,0.8,50.0,-0.1,60,spectral_boundary,1496.1157229602695,893.9496340542138,258.1194772985874,1579.5752531155574,0.548176335050241,9,False,0.5759237161294494,2.6098328258441384e-10,3.0178006336928488e-05,0.875,2198.8977693591337,331.9765837586665,0.24208065085525982,0.002129067063231238,False,False,False,0.125,fine_group_05.mat
g05_c54,5,54,CNT_OC,0.8,100.0,-0.1,60,spectral_boundary,2688.5282496494547,1308.0779611779105,258.1194772985874,2688.5282496494547,0.6670997455666476,12,False,0.4908775432706311,3.680108304816391e-09,3.734338091988141e-05,0.625,3930.110190891999,571.4506780549739,0.22795368721793563,0.005819158358562615,False,False,False,0.125,fine_group_05.mat
g05_c55,5,55,CNT_OC,0.8,150.0,-0.1,40,spectral_boundary,3112.4979071177027,1024.1218032353831,258.1194772985874,3112.4979071177027,0.8382987723788327,8,False,0.3000222627285199,2.360452734637458e-10,5.511047413869001e-06,1.625,4536.199294273989,467.6924236633127,0.21830104414919038,0.007351286893697462,False,False,False,0.125,fine_group_05.mat
g05_c56,5,56,CNT_OC,0.9,5.0,-0.1,60,spectral_boundary,1142.1931812352996,667.0166310097915,257.8427248645162,1264.9631698106537,0.49166358491853457,2,False,0.33419104322621723,4.8011086618133524e-12,3.949791593190776e-06,0.625,1495.4006189787306,439.0552391122737,0.37096002961058827,0.0015556401528797892,False,False,False,0.125,fine_group_05.mat
g05_c57,5,57,CNT_OC,0.9,10.0,-0.1,60,spectral_boundary,1233.1671798807185,699.381368801671,257.8427248645162,1358.167715510921,0.517494644004044,4,False,0.4615299362532698,9.216354023468677e-12,1.529882955167707e-06,1.5,1613.3503716212244,268.07186239859186,0.3517378867603089,0.0012006201513814485,False,False,False,0.125,fine_group_05.mat
g05_c58,5,58,CNT_OC,0.9,15.0,-0.1,60,spectral_boundary,1327.9774976632916,733.1438439997019,257.8427248645162,1457.8834595141584,0.5420936561394398,4,False,0.43469191230805004,5.487677133608408e-11,1.430829286791626e-05,0.75,1736.060407960983,323.80203765242493,0.3359895512032243,0.000848978968113423,False,False,False,0.125,fine_group_05.mat
g05_c59,5,59,CNT_OC,0.9,20.0,-0.1,60,spectral_boundary,1423.441820642586,768.3807328913376,257.8427248645162,1556.5759450134133,0.5655493385083699,4,False,0.3959923085243582,1.3700030278148772e-11,8.22682371240501e-06,0.75,1859.62407624887,358.1229002687486,0.3227711976182666,0.0005008741685607054,False,False,False,0.125,fine_group_05.mat
g05_c60,5,60,CNT_OC,0.9,30.0,-0.1,60,spectral_boundary,1598.054361586203,841.9795032055285,257.8427248645162,1764.059809519089,0.6076155219528081,4,False,0.4335092584177854,1.1568736079179339e-10,3.203696281733685e-05,1.25,2085.9850402140764,370.90316896455886,0.30112892985717443,0.00018761112362708499,False,False,False,0.125,fine_group_05.mat
g05_c61,5,61,CNT_OC,0.9,50.0,-0.1,60,spectral_boundary,2030.430253739881,1007.6559351240169,257.8427248645162,2199.599356596511,0.6800466666298173,5,False,0.43538237638635185,2.8686435831479023e-10,3.6778449790813765e-05,0.625,2644.2618779428926,478.24608088237704,0.27448869786609054,0.0015203201993514437,False,False,False,0.125,fine_group_05.mat
g05_c62,5,62,CNT_OC,0.9,100.0,-0.1,60,spectral_boundary,3566.4034049963666,1533.5288390230016,257.8427248645162,3566.4034049963666,0.8049516616827941,7,False,0.5104190522709636,1.4848191465090348e-10,2.2061627930015653e-05,0.5,4623.290137220428,987.5894587746213,0.2533133684335144,0.004585833499013647,False,False,False,0.125,fine_group_05.mat
g05_c63,5,63,CNT_OC,0.9,150.0,-0.1,60,spectral_boundary,5133.324260105619,2179.990058050076,257.8427248645162,5133.324260105619,0.8625664626964621,15,False,0.6025020919015804,4.877231229583475e-10,0.00020052051968251573,0.625,6638.945132247821,804.0655732338143,0.24136176877559956,0.007359062136730987,False,False,False,0.125,fine_group_05.mat
g06_c00,6,0,CNT_OC,0.2,5.0,0.0,40,spectral_boundary,177.73539911058236,386.83297710833483,177.73539911058236,555.5141962982839,0.30016994890652504,16,False,0.5094512629405382,4.3400459189507107e-07,0.0017786670072827565,0.875,1059.5889391850014,97.14970431064155,0.12333491759644438,0.0013282096607502014,False,False,False,0.125,fine_group_06.mat
g06_c01,6,1,CNT_OC,0.2,10.0,0.0,40,spectral_boundary,188.5009157044929,392.7784612712202,188.5009157044929,563.4955260245267,0.29298178080609,16,False,0.5544728865706846,1.4206359781894134e-06,0.004146348198164541,0.875,1122.7280533225417,126.46894162247268,0.19211467616973277,0.001029927516910445,False,False,False,0.125,fine_group_06.mat
g06_c02,6,2,CNT_OC,0.2,15.0,0.0,40,spectral_boundary,185.6804647860155,396.9520271701982,185.6804647860155,571.5643792767839,0.29398930862577666,22,False,0.5751987125597763,3.876988068490464e-07,0.002666290850801765,0.625,1106.9985268837343,84.94059673139161,0.2510064381979892,0.0007238330166625673,False,False,False,0.125,fine_group_06.mat
g06_c03,6,3,CNT_OC,0.2,20.0,0.0,40,spectral_boundary,227.36226609489069,407.50256711038526,227.36226609489069,579.7236415841712,0.2761752041538713,9,False,0.5438511781127263,4.3409850707105996e-07,0.005498504049199348,0.75,1348.8767159439162,309.7174367573304,0.26460888285094875,0.00044489008754988735,False,False,False,0.125,fine_group_06.mat
g06_c04,6,4,CNT_OC,0.2,30.0,0.0,40,spectral_boundary,215.4642864925359,417.3544124949359,215.4642864925359,597.2365272269274,0.2874935516731831,20,False,0.6290060739131635,1.0039105687803997e-06,0.008922761799747487,1.0,1281.296879300727,124.40987789203707,0.3157090672410131,0.00016233208764648843,False,False,False,0.125,fine_group_06.mat
g06_c05,6,5,CNT_OC,0.2,50.0,0.0,40,spectral_boundary,238.12527301205668,425.5708475427767,238.12527301205668,633.3368054791691,0.29457271035596017,26,False,0.6297307443755604,3.7349916599686936e-07,0.003929951450963404,0.625,1414.9372144996105,120.1583968783213,0.34980147365224945,0.0014149620769314808,False,False,False,0.125,fine_group_06.mat
g06_c06,6,6,CNT_OC,0.2,100.0,0.0,40,spectral_boundary,323.2304674579543,466.7281240286555,262.42780440207207,722.0445813899587,0.2941220651735873,22,False,0.6530165782558247,5.79668592672886e-07,0.006890034124759257,0.5,1913.2367551124983,204.29560920859393,0.3668665622427446,0.004466602671795883,False,False,False,0.125,fine_group_06.mat
g06_c07,6,7,CNT_OC,0.2,150.0,0.0,40,spectral_boundary,442.59418040847197,522.6217594343534,262.42780440207207,810.6178838318056,0.30351241924051287,36,False,0.6956324559653536,1.2659597767856172e-06,0.008569855187798235,0.625,2610.1676267691346,156.23986073055778,0.3615269959806754,0.007459756627766545,False,False,False,0.125,fine_group_06.mat
g06_c08,6,8,CNT_OC,0.3,5.0,0.0,40,spectral_boundary,380.1459952638369,477.9770010912192,261.0274962458822,648.8499993228963,0.26197300238648097,14,False,0.5139047545147915,4.6714039164139295e-08,0.0005269125459798266,0.625,1500.9734853627829,153.01343184324497,0.13627537155766656,0.0012328208877937508,False,False,False,0.125,fine_group_06.mat
g06_c09,6,9,CNT_OC,0.3,10.0,0.0,40,spectral_boundary,376.6043624898747,483.46035391779986,261.0274962458822,664.5642083003956,0.2701197505360317,16,False,0.46208172248214247,2.7336880253407525e-08,0.0004939627219348805,0.75,1487.6272482753743,134.10243557495062,0.15619003802833276,0.0009266040619992921,False,False,False,0.125,fine_group_06.mat
g06_c10,6,10,CNT_OC,0.3,15.0,0.0,40,spectral_boundary,393.44165741778,491.3598217840602,261.0274962458822,680.5324973841703,0.27619380689252376,16,False,0.48848968395580133,8.657689241677191e-08,0.0009287436820924643,0.875,1553.1359180452012,155.19841691853753,0.20859563283342208,0.0006281176342108896,False,False,False,0.125,fine_group_06.mat
g06_c11,6,11,CNT_OC,0.3,20.0,0.0,40,spectral_boundary,403.9501421286052,497.8243338483875,261.0274962458822,696.7513499087843,0.2827200124162014,15,False,0.4965808044173967,3.218750973664973e-08,0.00044689154212573665,0.75,1594.1856644446957,181.48834751878036,0.24318292206558778,0.0003253097001396643,False,False,False,0.125,fine_group_06.mat
g06_c12,6,12,CNT_OC,0.3,30.0,0.0,40,spectral_boundary,420.10814189173317,511.40045366704305,261.0274962458822,729.9244944971258,0.29633402308592116,18,False,0.5141468774464498,2.2100423061929054e-07,0.0007006144512231514,0.5,1657.3343766708285,168.92507457211414,0.28557505911036174,0.0002786976075863645,False,False,False,0.125,fine_group_06.mat
g06_c13,6,13,CNT_OC,0.3,50.0,0.0,40,spectral_boundary,457.0634876198519,542.8740714529714,261.0274962458822,799.078425302958,0.32232725813660723,13,False,0.5382778852671151,2.0818608024647254e-07,0.0019088275061139787,0.625,1801.3156178863328,328.9812592312929,0.32445886747308683,0.0014745262519755276,False,False,False,0.125,fine_group_06.mat
g06_c14,6,14,CNT_OC,0.3,100.0,0.0,40,spectral_boundary,617.6783866398448,627.8409605424675,261.0274962458822,982.3939106859605,0.37912219388709983,18,False,0.6162106628631846,1.0753358672828329e-06,0.00707558779241208,0.375,2426.083931974552,410.39862787392656,0.34398561245525694,0.004442105860348322,False,False,False,0.125,fine_group_06.mat
g06_c15,6,15,CNT_OC,0.3,150.0,0.0,40,spectral_boundary,765.2242709416162,695.3207041314016,261.0274962458822,1165.9088549204885,0.4120574961004364,29,False,0.6585295770530453,2.3084379138376753e-07,0.0041545118980103645,0.625,2999.9461232980666,210.726506608181,0.3441728700894683,0.0074562378372039495,False,False,False,0.125,fine_group_06.mat
g06_c16,6,16,CNT_OC,0.4,5.0,0.0,60,spectral_boundary,161.0700731469302,460.8766396560962,161.0700731469302,738.9786122491291,0.39477832573010924,3,False,0.1452258389276507,1.901338522602723e-09,3.634677084721949e-05,16.25,484.3539374015079,14.942044568498043,0.177234724230652,0.0014547270163465242,False,False,False,0.125,fine_group_06.mat
g06_c17,6,17,CNT_OC,0.4,10.0,0.0,60,spectral_boundary,172.8683633683587,471.2123876248097,172.8683633683587,764.6754517463642,0.39867190852339746,3,False,0.20109528032760962,1.850682239138716e-09,3.251869967872277e-05,16.375,519.4816101879984,15.99643502801479,0.25896447706299663,0.0010055481149342516,False,False,False,0.125,fine_group_06.mat
g06_c18,6,18,CNT_OC,0.4,15.0,0.0,60,spectral_boundary,185.9807292042294,481.47157495519366,185.9807292042294,790.9052163481172,0.40248177410518415,4,False,0.30155956207558116,4.546301338776805e-09,7.170066862227416e-05,16.375,558.5189114811199,17.147389626393835,0.2958738693914562,0.0005561880906396199,False,False,False,0.125,fine_group_06.mat
g06_c19,6,19,CNT_OC,0.4,20.0,0.0,60,spectral_boundary,201.18343558609752,492.0910800623958,201.18343558609752,817.644956718894,0.40504089273929017,5,False,0.3838378928270503,3.775638739664616e-09,4.886345795234393e-05,16.5,603.7678281593492,18.33622943508628,0.3151243663043761,0.00010820268302780267,False,False,False,0.125,fine_group_06.mat
g06_c20,6,20,CNT_OC,0.4,30.0,0.0,60,spectral_boundary,249.82810465332255,517.7840235172741,249.82810465332255,872.5445606540165,0.4008442277955015,8,False,0.39606432464882224,2.102035827551705e-08,0.00014165791865642266,0.875,748.2595057130644,36.341314828164876,0.33045427199337885,0.0007717579286129483,False,False,False,0.125,fine_group_06.mat
g06_c21,6,21,CNT_OC,0.4,50.0,0.0,40,spectral_boundary,860.0360752844656,612.7934407997711,260.0780374880352,987.0404328632194,0.41269155522324763,9,False,0.4172753370551042,1.6332283036489833e-08,8.131435774928853e-05,1.5,2526.3736177858964,244.26665039073117,0.2874074707968318,0.001552803793995472,False,False,False,0.125,fine_group_06.mat
g06_c22,6,22,CNT_OC,0.4,100.0,0.0,40,spectral_boundary,990.2903405772477,725.1837555231812,260.0780374880352,1295.4317946943609,0.4888253341522822,20,False,0.5141857422070357,7.032447856669667e-08,0.0010069902941777125,0.5,2907.8672778657365,280.61826823780854,0.3218091183822983,0.004497559452819155,False,False,False,0.125,fine_group_06.mat
g06_c23,6,23,CNT_OC,0.4,150.0,0.0,40,spectral_boundary,1119.3755333902968,840.1432215383104,260.0780374880352,1618.7457381509416,0.5432264299401486,20,False,0.6280417324710709,5.15430160537808e-07,0.006745967644023074,0.875,3284.3076998683646,361.2992186039385,0.3276161482056049,0.007434874463208785,False,False,False,0.125,fine_group_06.mat
g06_c24,6,24,CNT_OC,0.5,5.0,0.0,60,spectral_boundary,268.98258536880155,539.0695061684975,259.3891410478085,838.5549466566351,0.35890711919957863,6,False,0.13827300644819238,4.663029998571016e-10,6.556690097064669e-06,14.5,644.9712801543703,22.263534866743584,0.1923896318851323,0.0015084045082826014,False,False,False,0.125,fine_group_06.mat
g06_c25,6,25,CNT_OC,0.5,10.0,0.0,60,spectral_boundary,283.7680745747142,553.6987463528383,259.3891410478085,877.2195292684844,0.37053637626053026,6,False,0.13828747381556497,4.4867327355419274e-10,8.939474928150716e-06,15.0,680.013659391286,22.07714944518914,0.22746472025126419,0.0010686190721165278,False,False,False,0.125,fine_group_06.mat
g06_c26,6,26,CNT_OC,0.5,15.0,0.0,60,spectral_boundary,300.14506138219315,568.6175474355794,259.3891410478085,916.8621233718093,0.38158994041319744,5,False,0.13875776781944804,3.5993641438675896e-10,1.1534820079598359e-05,15.125,718.7947809379667,23.00955859064394,0.26676499425187084,0.0006297637570815695,False,False,False,0.125,fine_group_06.mat
g06_c27,6,27,CNT_OC,0.5,20.0,0.0,60,spectral_boundary,318.1660281212952,583.8486371433415,259.3891410478085,957.4067256175022,0.3920369287701604,4,False,0.13898648399306193,3.2181818992297577e-10,1.1985365529312986e-05,15.25,761.4348994338152,24.277424909588788,0.2879425106399207,0.00019190845440264503,False,False,False,0.125,fine_group_06.mat
g06_c28,6,28,CNT_OC,0.5,30.0,0.0,60,spectral_boundary,359.38127912326996,615.3288517220602,259.3891410478085,1040.8292827289063,0.4110671780703813,4,False,0.14202489100560658,4.2984832613002534e-10,1.5743308889650486e-05,15.625,858.8468333403607,27.090851418692147,0.3087426617829119,0.0006805512800684976,False,False,False,0.125,fine_group_06.mat
g06_c29,6,29,CNT_OC,0.5,50.0,0.0,60,spectral_boundary,467.4043962684052,682.4898899032272,259.3891410478085,1213.7723018047627,0.4412829637836579,6,False,0.37770510853810896,2.897908919037075e-09,6.135701432405102e-05,16.125,1113.7805774752603,33.754646111877506,0.32060040332207995,0.0024119270872083876,False,False,False,0.125,fine_group_06.mat
g06_c30,6,30,CNT_OC,0.5,100.0,0.0,60,spectral_boundary,978.3662109901782,908.6473267273949,259.3891410478085,1684.3469362948276,0.4825031564168484,6,False,0.41479606642182637,1.3688354652899258e-07,0.000788255939918237,0.625,2311.2096429165094,249.16579228933358,0.30831068284120167,0.006559505268670218,False,False,False,0.125,fine_group_06.mat
g06_c31,6,31,CNT_OC,0.5,150.0,0.0,40,spectral_boundary,1946.3905977659047,978.8378976075677,259.3891410478085,2180.5799668254595,0.6818824290407325,14,False,0.541441163782139,1.9057234589803076e-07,0.0016032754047596708,0.5,4546.151709608098,650.7370532189362,0.2972154898249182,0.0073598789006282805,False,False,False,0.125,fine_group_06.mat
g06_c32,6,32,CNT_OC,0.6,5.0,0.0,60,spectral_boundary,499.89157680029825,613.9349627793662,258.8653912512796,956.4524193638379,0.3740398610749043,5,False,0.13474517013969972,1.4342964410140946e-11,1.5231445811525836e-07,13.5,992.5309529329926,47.65016848301737,0.21226607871033404,0.0015770460117205953,False,False,False,0.125,fine_group_06.mat
g06_c33,6,33,CNT_OC,0.6,10.0,0.0,60,spectral_boundary,508.7574451907721,634.7150881936315,258.8653912512796,1013.4124832108969,0.39144219642515105,5,False,0.13574869720814872,4.512738039197378e-11,8.685357767689871e-07,14.0,1010.248854976855,46.984772019687945,0.2071966845534628,0.0011514554972217317,False,False,False,0.125,fine_group_06.mat
g06_c34,6,34,CNT_OC,0.6,15.0,0.0,60,spectral_boundary,519.7749476911124,655.703528080143,258.8653912512796,1071.7947725240895,0.40809713542362064,6,False,0.13718234616184297,3.930856672058409e-11,1.3991590659332534e-06,14.625,1032.0861491230758,46.12640223921995,0.22640163993710283,0.0007264891556080233,False,False,False,0.125,fine_group_06.mat
g06_c35,6,35,CNT_OC,0.6,20.0,0.0,60,spectral_boundary,533.6037152554095,676.93202658972,258.8653912512796,1131.2895923423282,0.42395428115263323,6,False,0.1379941559890739,4.767889872745759e-11,1.5746401292038954e-06,12.125,1059.3407502547643,45.16898762497103,0.2512595241632013,0.0003022420052160024,False,False,False,0.125,fine_group_06.mat
g06_c36,6,36,CNT_OC,0.6,30.0,0.0,60,spectral_boundary,571.4373465917786,720.2738323258621,258.8653912512796,1253.6042423889987,0.45313404568887516,8,False,0.13888442765017323,1.42840355691469e-10,3.7619058323412085e-06,13.375,1133.5691895091575,42.758411844298266,0.2765062804779196,0.000543622924711773,False,False,False,0.125,fine_group_06.mat
g06_c37,6,37,CNT_OC,0.6,50.0,0.0,60,spectral_boundary,688.5833883961806,811.4252607107884,258.8653912512796,1510.7222418624453,0.5014381008767143,5,False,0.1434182624686086,1.1300473614252245e-10,6.935954971977116e-06,14.875,1362.6560571070409,44.30081751158948,0.2926475875153335,0.002222297737278889,False,False,False,0.125,fine_group_06.mat
g06_c38,6,38,CNT_OC,0.6,100.0,0.0,60,spectral_boundary,1282.88044069456,1094.6698052931329,258.8653912512796,2198.3954344415956,0.5720736114276687,7,False,0.3693255669214228,1.1527401583299938e-08,0.00010202140077989616,0.875,2520.578541365101,236.23079738569032,0.2859752806154816,0.006262800974599414,False,False,False,0.125,fine_group_06.mat
g06_c39,6,39,CNT_OC,0.6,150.0,0.0,60,spectral_boundary,2176.828530335863,1451.4330569668348,258.8653912512796,2919.532317402728,0.6166244797548123,14,False,0.4709912730090326,1.456600512802554e-07,0.0018905959860586604,0.375,4253.810814522854,486.2793168759166,0.26877739336257367,0.010098262562393212,False,False,False,0.125,fine_group_06.mat
g06_c40,6,40,CNT_OC,0.7,5.0,0.0,600,completed,2.534682115267942,2.6946033996486256,2.534682115267942,2.934704334623139,0.04336139085384807,3,False,0.0022314665468617947,8.825266182759279e-24,9.18507570975136e-31,9.75,4.408955903172616,0.16417811585423817,0.4402891837516962,0.00012681050925489323,True,False,False,0.125,fine_group_06.mat
g06_c41,6,41,CNT_OC,0.7,10.0,0.0,600,completed,197.17525578990023,180.24427777854828,172.41210401081986,197.17525578990023,0.036393469663455046,13,False,0.008027998296325067,3.3065539387279807e-23,4.221690733532368e-19,5.75,340.8519162117995,7.171806798855139,0.23974320537706117,0.000160743312223266,True,True,False,0.125,fine_group_06.mat
g06_c42,6,42,CNT_OC,0.7,15.0,0.0,600,completed,362.26844437422346,352.18781620473345,295.8178567691821,506.3958340293459,0.17955623224614153,18,False,0.01958741288360944,3.7463616195011177e-19,2.071093466020737e-13,4.75,624.7662962538593,16.60198162244525,0.21649509026780028,0.00023545282987058602,True,False,False,0.125,fine_group_06.mat
g06_c43,6,43,CNT_OC,0.7,20.0,0.0,600,completed,536.2947597654218,581.4653015348171,480.04350569297935,694.7750469240905,0.11887544116958561,26,False,0.07536075050643677,1.0186364679350228e-13,5.510057100427378e-09,3.125,922.2143086522118,25.013415632112313,0.20318903313571518,4.922916417759993e-05,True,False,False,0.125,fine_group_06.mat
g06_c44,6,44,CNT_OC,0.7,30.0,0.0,60,spectral_boundary,1058.6410001590593,827.1146354016485,258.4531061694581,1546.0767444339313,0.5351111367217839,4,False,0.1352754565692423,1.7453688307125135e-12,2.0468316870126212e-08,21.5,1786.3730218605265,85.3932521838613,0.22863866008043876,0.0003779932428302768,False,False,False,0.125,fine_group_06.mat
g06_c45,6,45,CNT_OC,0.7,50.0,0.0,60,spectral_boundary,1109.2628322096311,955.1693851701444,258.4531061694581,1921.2546750431673,0.591015947399641,6,False,0.14556640619285072,1.5340560180653476e-11,9.677224182565822e-07,12.375,1872.786181344437,76.51885603259595,0.2539573158935724,0.0019683961585302834,False,False,False,0.125,fine_group_06.mat
g06_c46,6,46,CNT_OC,0.7,100.0,0.0,60,spectral_boundary,1696.6310841311065,1308.483035067655,258.4531061694581,2912.6883872408484,0.6749253251507055,5,False,0.3228796630821051,4.653729182620019e-09,6.489364442053673e-05,0.625,2850.3833281407597,232.70855007294927,0.2563133434723317,0.005854119535669389,False,False,False,0.125,fine_group_06.mat
g06_c47,6,47,CNT_OC,0.7,150.0,0.0,60,spectral_boundary,2584.135772667522,1738.8498886655045,258.4531061694581,3953.3682945315186,0.7143320380904185,19,False,0.47726656671646867,3.3486910575601086e-08,0.0002932903751436622,14.5,4325.7319208359795,145.0265513055125,0.24465341219112613,0.009540033293561345,False,False,False,0.125,fine_group_06.mat
g06_c48,6,48,CNT_OC,0.8,5.0,0.0,600,completed,0.5768657007039327,0.7814425267316523,0.5768657007039327,1.0439860930318945,0.1732309608798019,3,False,0.006048857000306968,1.1283174428973502e-23,7.7642765386060665e-31,6.125,0.8781099406388604,0.057152063171490096,0.3960054482253491,6.64752465215912e-05,True,False,False,0.125,fine_group_06.mat
g06_c49,6,49,CNT_OC,0.8,10.0,0.0,600,completed,200.82240973839777,221.9519139940031,194.01508897971888,315.45226965198094,0.18884814518607346,9,False,0.017294136206548252,3.5217937843004455e-23,1.1095096629120307e-17,14.375,303.70833318041105,10.437881165728793,0.2645693531243405,3.590361916439022e-05,True,True,False,0.125,fine_group_06.mat
g06_c50,6,50,CNT_OC,0.8,15.0,0.0,600,completed,353.99818721904313,500.29722056688684,353.99818721904313,576.2026963889522,0.12090650145096765,13,False,0.06842031791448232,1.9630429451971568e-15,7.785896712311424e-11,1.5,534.2285511225349,21.048236602359694,0.24118433050251364,0.0003668617264770413,True,False,False,0.125,fine_group_06.mat
g06_c51,6,51,CNT_OC,0.8,20.0,0.0,600,completed,635.919133301358,472.02381740545,417.2560677135267,635.919133301358,0.11431491282012735,16,False,0.022641384268445093,1.4560053055628006e-19,1.0250739317040139e-14,14.875,955.4803138031497,22.519404629083557,0.2338190766052713,0.0005235819464254332,True,False,False,0.125,fine_group_06.mat
g06_c52,6,52,CNT_OC,0.8,30.0,0.0,600,completed,1046.942991628977,917.3001826437009,855.8848007483799,1046.942991628977,0.05668748437987237,30,False,0.03946267394047205,1.6051742917354613e-15,7.4580684763832e-11,2.125,1567.7882036886524,50.658177144394514,0.2152638394097776,0.00032568456734283213,True,False,False,0.125,fine_group_06.mat
g06_c53,6,53,CNT_OC,0.8,50.0,0.0,280,spectral_boundary,1893.7927563401552,1650.232743604069,1342.491517978941,2373.1567047784793,0.19688527752791607,13,False,0.1762170945451354,6.817884624677588e-11,1.1558407148086063e-06,3.75,2802.188729551878,150.05874874173773,0.22184808389334132,0.0006065334980500658,False,False,False,0.125,fine_group_06.mat
g06_c54,6,54,CNT_OC,0.8,100.0,0.0,60,spectral_boundary,2393.930208357886,1590.7005289025117,258.1194772985874,3990.244997164198,0.7988806068966533,8,False,0.19350172504434485,4.8070191984632176e-11,8.126069582613211e-07,14.0,3508.604750542768,119.80943452870393,0.2199306922527114,0.005165076267074742,False,False,False,0.125,fine_group_06.mat
g06_c55,6,55,CNT_OC,0.8,150.0,0.0,60,spectral_boundary,3393.1430157495774,2129.7674763378936,258.1194772985874,5511.720911006461,0.8280104266605788,11,False,0.370925623949302,3.1608384446934804e-09,0.00016279528663537725,0.5,4957.653607778422,162.54101560733824,0.21021856158967822,0.008558223345412452,False,False,False,0.125,fine_group_06.mat
g06_c56,6,56,CNT_OC,0.9,5.0,0.0,600,completed,0.009697681997290528,0.025415617173571943,0.009697681997290528,0.052487656486046724,0.48074547749683216,3,False,0.017164355995294485,1.3288584155399736e-23,5.83740358429808e-31,9.875,0.013122188931264107,0.0005260746016918406,0.24875492631090823,8.566803912246623e-05,True,False,False,0.125,fine_group_06.mat
g06_c57,6,57,CNT_OC,0.9,10.0,0.0,600,completed,32.88623665358996,19.986562607979444,12.283910951773958,32.88623665358996,0.29360286857103923,3,False,0.013044189174005563,9.23612853993049e-24,5.6781069934177615e-31,10.0,44.419060657850544,1.9230571557717002,0.1405893552322801,0.0005471366005646017,True,False,False,0.125,fine_group_06.mat
g06_c58,6,58,CNT_OC,0.9,15.0,0.0,600,completed,383.17825452196615,381.30728008680614,368.4286525450856,400.7257847728589,0.030255453398844744,12,False,0.011087412130537938,2.5124255612369986e-23,9.08790247044318e-22,4.125,513.5315075696598,17.328387722207893,0.2465389829777791,0.00010752410725278772,True,True,False,0.125,fine_group_06.mat
g06_c59,6,59,CNT_OC,0.9,20.0,0.0,600,completed,455.52979617857784,687.9888327727992,455.52979617857784,817.7449421382255,0.1889196583319257,13,False,0.08115237138444087,2.743696185001495e-17,1.2671459972672536e-12,1.25,610.5256542948957,21.910292166085355,0.21759783799493582,0.0005393645508735556,True,False,False,0.125,fine_group_06.mat
g06_c60,6,60,CNT_OC,0.9,30.0,0.0,600,completed,940.3809613321037,954.6162246706118,628.5730997188846,1266.7385833897645,0.19660053100722655,19,False,0.059306643144436934,3.403497642004863e-18,1.2908054423864801e-13,1.5,1253.6057266174198,45.67432963510607,0.21982380023398007,0.00013274997160217517,True,False,False,0.125,fine_group_06.mat
g06_c61,6,61,CNT_OC,0.9,50.0,0.0,600,completed,1768.2118680476274,1830.8343305055002,1580.6988603821317,2014.982924953172,0.05696897657428876,27,False,0.0829342615292081,4.3984024556377185e-15,2.2684550430513567e-10,3.25,2341.4485582412085,77.58276810309741,0.192837614600593,0.0005580174567576535,True,False,False,0.125,fine_group_06.mat
g06_c62,6,62,CNT_OC,0.9,100.0,0.0,480,spectral_boundary,3535.891988291566,3501.945439922741,2982.3608531374016,4318.119999527555,0.09326060704897743,38,False,0.1478662624942596,6.640922273258713e-12,1.8034150314510853e-07,1.125,4648.009298365349,126.201435778046,0.14999913434329892,0.0003155704966963935,False,False,False,0.125,fine_group_06.mat
g06_c63,6,63,CNT_OC,0.9,150.0,0.0,60,spectral_boundary,4802.463459540742,2601.069721780921,257.8427248645162,7820.093711680087,0.980826166584413,5,False,0.19468508365999831,2.7617413944184117e-12,1.8959360696546506e-07,14.875,6218.520830326786,202.42125082937463,0.23212766420042785,0.006439416583386648,False,False,False,0.125,fine_group_06.mat
g07_c00,7,0,CNT_OC,0.2,5.0,0.1,40,spectral_boundary,438.93656355823487,482.6357959324294,262.4278044020753,628.3950043383268,0.237684716520578,26,False,0.6408199919682657,6.83668365482837e-08,0.00026229380804763296,0.75,2586.996686535951,227.27780173140485,0.11242281380430497,0.0017092971846887073,False,False,False,0.125,fine_group_07.mat
g07_c01,7,1,CNT_OC,0.2,10.0,0.1,40,spectral_boundary,438.47265607586405,487.5782345079335,262.4278044020753,643.6178108013726,0.24380532732628596,26,False,0.6368763348791004,1.953754613625862e-08,0.0002244297273511833,0.875,2585.1217791288,216.34780307341012,0.11152747787354322,0.0014062298472714563,False,False,False,0.125,fine_group_07.mat
g07_c02,7,2,CNT_OC,0.2,15.0,0.1,40,spectral_boundary,440.1327100661447,493.1791767300212,262.4278044020753,659.0834822793988,0.2500665197485697,33,False,0.6417542612551613,4.390654559709897e-08,0.000278049724404171,0.625,2595.544550996695,200.69164532920524,0.14355682065059883,0.0011056263991986448,False,False,False,0.125,fine_group_07.mat
g07_c03,7,3,CNT_OC,0.2,20.0,0.1,40,spectral_boundary,436.2682130922775,497.21771480588006,262.4278044020753,674.8957379627122,0.2567488394791177,29,False,0.6479214533891836,3.89099552351404e-08,0.0007336384222697472,0.5,2572.8773799369437,199.75189183125076,0.1852141927563492,0.0007988895853378031,False,False,False,0.125,fine_group_07.mat
g07_c04,7,4,CNT_OC,0.2,30.0,0.1,40,spectral_boundary,455.56808763049776,509.68348406562416,262.4278044020753,702.2222742018782,0.2671223089688086,38,False,0.6763605556547343,2.1084327070613392e-07,0.0008382726256955028,0.75,2686.2014285415116,155.5217540854042,0.2346725992252333,0.0002038342392837178,False,False,False,0.125,fine_group_07.mat
g07_c05,7,5,CNT_OC,0.2,50.0,0.1,40,spectral_boundary,473.41735479298103,529.6939432043098,262.4278044020753,755.4858828907577,0.2861377947083768,38,False,0.7208430672934228,1.8171675921594947e-07,0.0011938721608410025,0.5,2789.494909809873,205.81483173418255,0.2901462590337929,0.0010060770926976215,False,False,False,0.125,fine_group_07.mat
g07_c06,7,6,CNT_OC,0.2,100.0,0.1,40,spectral_boundary,534.7075615392321,580.0281830774799,262.4278044020753,896.9632002293243,0.3300009787030952,46,False,0.7128274749106877,5.062735473540335e-07,0.006586915577628524,0.5,3146.4469384596846,183.6156605406319,0.3352154017888198,0.00402630769001322,False,False,False,0.125,fine_group_07.mat
g07_c07,7,7,CNT_OC,0.2,150.0,0.1,40,spectral_boundary,645.9341925193904,633.7868545615088,262.4278044020753,1018.3374178004758,0.3561976082587096,56,False,0.7817232456114082,1.2806315180403502e-06,0.012437364314096295,1.0,3793.251588690391,268.9022174887182,0.3410202370039911,0.007029376237806084,False,False,False,0.125,fine_group_07.mat
g07_c08,7,8,CNT_OC,0.3,5.0,0.1,600,completed,1.3222252036542992,1.4570416126261594,1.3222252036542992,1.6591624902336866,0.06740482769326599,1,True,0.003464310816958558,4.3449642803822856e-24,2.4396540022852744e-30,47.75,5.366832532318935,0.10546340665941639,0.44422067826594686,0.0002528171351062758,True,False,False,0.125,fine_group_07.mat
g07_c09,7,9,CNT_OC,0.3,10.0,0.1,600,completed,88.38127040370303,132.10446696406828,88.38127040370303,230.56206045367492,0.3048018419288678,1,True,0.012034220599328266,6.775772221229249e-24,2.3541572445432246e-30,20.375,354.6082400397292,15.539030120548796,0.267677557982806,0.00014578353334260274,True,False,False,0.125,fine_group_07.mat
g07_c10,7,10,CNT_OC,0.3,15.0,0.1,600,completed,694.5475862924372,420.56592011424567,282.8552911871008,694.5475862924372,0.27894616257107846,3,False,0.03314545714875115,7.796931197654381e-23,5.646842212442297e-19,28.5,2762.458882665379,39.81212869579511,0.11154457998339962,0.0011423177501967974,True,False,False,0.125,fine_group_07.mat
g07_c11,7,11,CNT_OC,0.3,20.0,0.1,60,spectral_boundary,539.2774520779205,629.339884566714,261.02749624588535,872.0924897704233,0.3137411505009828,16,False,0.42472542507909855,1.8314583485109678e-11,2.983084862501115e-07,1.0,2125.6199716075225,132.92893538516662,0.2048783785253504,0.0010380079399505693,False,False,False,0.125,fine_group_07.mat
g07_c12,7,12,CNT_OC,0.3,30.0,0.1,60,spectral_boundary,463.18152114172483,649.8274485256757,261.02749624588535,946.565035966367,0.34527108553141067,19,False,0.5446429440768054,4.0468173501437916e-09,5.623083572571464e-05,0.625,1831.3351028573006,115.34655113782404,0.2714656677050068,0.0001474490131664341,False,False,False,0.125,fine_group_07.mat
g07_c13,7,13,CNT_OC,0.3,50.0,0.1,60,spectral_boundary,483.94169529672456,697.5774919044724,261.02749624588535,1110.2822824787263,0.38819970747143756,20,False,0.6985640275714206,2.991773886058477e-08,0.0003929586573620256,1.0,1911.0668712420998,153.28982957667057,0.31325913191984844,0.001597410172462621,False,False,False,0.125,fine_group_07.mat
g07_c14,7,14,CNT_OC,0.3,100.0,0.1,40,spectral_boundary,1405.007887680465,784.4002161484992,261.02749624588535,1496.664294234579,0.5313184047423369,30,False,0.615000483051766,5.53170556329723e-08,0.0015316956992543693,0.375,5467.286068326897,602.545243418096,0.2815722434510769,0.003972405257363754,False,False,False,0.125,fine_group_07.mat
g07_c15,7,15,CNT_OC,0.3,150.0,0.1,40,spectral_boundary,1352.637825489222,908.4316351998277,261.02749624588535,1812.26451514659,0.5770178415370474,44,False,0.7353162607651622,6.851346809382485e-07,0.007746747473027127,0.625,5267.554630406137,562.1387916109915,0.3116477695429444,0.006842721707638888,False,False,False,0.125,fine_group_07.mat
g07_c16,7,16,CNT_OC,0.4,5.0,0.1,600,completed,0.8508272756591578,1.0217971291390957,0.8508272756591578,1.2548773015724852,0.11460799629914666,1,True,0.004951156520022743,5.706249942393832e-24,2.1428572335460556e-30,44.125,2.5902270959217306,0.05506758365610995,0.46702224949156923,0.00023611923902588927,True,False,False,0.125,fine_group_07.mat
g07_c17,7,17,CNT_OC,0.4,10.0,0.1,600,completed,111.23131504041791,226.68348207548618,111.23131504041791,435.18104875703415,0.4398774292561752,1,True,0.01594763394827001,7.139660690152217e-24,2.040360963685578e-30,17.875,334.5354132242499,16.65220932815524,0.2621914718766105,0.00025115782146545307,True,True,False,0.125,fine_group_07.mat
g07_c18,7,18,CNT_OC,0.4,15.0,0.1,600,completed,812.3047617217387,495.68881308642926,326.9159392547935,812.3047617217387,0.2769213214922831,3,False,0.02722161447979638,8.601675993214975e-23,4.1436635966056717e-22,26.25,2424.795061044456,36.00900356428595,0.13121076735197734,0.0010718526889677005,True,False,False,0.125,fine_group_07.mat
g07_c19,7,19,CNT_OC,0.4,20.0,0.1,600,completed,256.8667026549839,318.59420523142876,251.01692328345132,564.1027051214444,0.2642225484213155,22,False,0.03271165403930451,8.749161020730984e-22,7.740804770766785e-19,17.375,774.436927815899,13.858556157746898,0.24665839572395154,0.0008223401104106021,True,False,False,0.125,fine_group_07.mat
g07_c20,7,20,CNT_OC,0.4,30.0,0.1,320,spectral_boundary,1778.2513938942125,861.0334075031936,451.59155388139,1839.6498495156834,0.5635901433492291,22,False,0.29075528570779235,1.1468608363963204e-12,1.7350299729155934e-08,0.875,5241.0515899291295,195.04193085261886,0.12943950683886984,0.000737554102897775,False,False,False,0.125,fine_group_07.mat
g07_c21,7,21,CNT_OC,0.4,50.0,0.1,60,spectral_boundary,1037.3162296444475,893.2093708547686,260.0780374880384,1472.2828717507612,0.48181273032426075,20,False,0.6035314712242262,2.0680580628193224e-08,9.488741210068175e-05,0.875,3051.648761813677,276.8697713081086,0.2647448486204408,0.001400227075237792,False,False,False,0.125,fine_group_07.mat
g07_c22,7,22,CNT_OC,0.4,100.0,0.1,60,spectral_boundary,1011.030371640464,1092.2957140753185,260.0780374880384,2161.434564889478,0.5566382047928298,28,False,0.6894012694630386,9.86557814817573e-08,0.0018388345452983576,0.875,2976.6875660892797,250.0140290126962,0.30960774643587785,0.005570794636447829,False,False,False,0.125,fine_group_07.mat
g07_c23,7,23,CNT_OC,0.4,150.0,0.1,60,spectral_boundary,1437.1035607723616,1271.2520378681286,260.0780374880384,2794.631441056505,0.5898104008453491,29,False,0.747123140822693,6.90834459546497e-07,0.006953908767630704,0.5,4213.743395878573,374.9050861733558,0.2990329636702217,0.00979215526402688,False,False,False,0.125,fine_group_07.mat
g07_c24,7,24,CNT_OC,0.5,5.0,0.1,600,completed,0.4085724649398913,0.5534610213051824,0.4085724649398913,0.750523315260718,0.17860837730822332,1,True,0.007057591144700087,1.2055947744045982e-23,1.7554394229084987e-30,40.5,0.9951073401054005,0.022894170765258993,0.4784154506120798,0.000213779092777866,True,False,False,0.125,fine_group_07.mat
g07_c25,7,25,CNT_OC,0.5,10.0,0.1,600,completed,175.88661800227524,438.67118594534276,175.88661800227524,622.8984953677125,0.35455718687159266,1,True,0.019525239493138016,4.427939960624902e-24,1.771623410468486e-30,15.125,421.8138515873403,23.976065954236663,0.23664082207718995,0.0011902819312938906,True,False,False,0.125,fine_group_07.mat
g07_c26,7,26,CNT_OC,0.5,15.0,0.1,600,completed,774.6977478816613,498.2881748949927,335.58226906934124,774.6977478816613,0.24468273716621225,3,False,0.021304415469943487,6.801850201783349e-23,2.1207028306457204e-25,15.0,1853.4070105165101,37.34269290720218,0.15474659317939704,0.0007318837173887482,True,False,False,0.125,fine_group_07.mat
g07_c27,7,27,CNT_OC,0.5,20.0,0.1,600,completed,287.9272577571304,382.00466606102265,284.9005524711049,725.3630811397454,0.3096580749441364,3,False,0.024457971022347806,6.77478815033671e-22,1.7538118001284387e-20,15.875,694.5978651935267,12.860192439734112,0.24349840672244383,0.0007132306562354085,True,False,False,0.125,fine_group_07.mat
g07_c28,7,28,CNT_OC,0.5,30.0,0.1,600,completed,966.0994749388929,948.3468161902465,906.2666326258544,1002.4427451928761,0.03568648500616599,3,False,0.007573807829909121,1.0107241364341325e-19,6.087642964268102e-17,14.875,2295.683141142482,55.95648977259496,0.16534424843895623,0.0005336320578659404,True,False,False,0.125,fine_group_07.mat
g07_c29,7,29,CNT_OC,0.5,50.0,0.1,220,spectral_boundary,2420.4389344571805,896.1689092127016,366.6812043359232,2420.4389344571805,0.6139265486785254,20,False,0.3558699991568622,8.434999774760023e-13,2.472482940145872e-08,1.25,5680.4426124260435,232.51154312820023,0.155767819343118,0.002944432088090587,False,False,False,0.125,fine_group_07.mat
g07_c30,7,30,CNT_OC,0.5,100.0,0.1,60,spectral_boundary,1448.0677061210672,1364.6112859744783,259.3891410478117,2890.039969469312,0.6673397517089542,23,False,0.6430170057613193,4.834303686453035e-08,0.0004787875262956812,0.75,3405.6318938503696,380.57310450742744,0.28888977422475814,0.005195202488689099,False,False,False,0.125,fine_group_07.mat
g07_c31,7,31,CNT_OC,0.5,150.0,0.1,60,spectral_boundary,1645.5331599263095,1600.6762420956306,259.3891410478117,3835.033690868419,0.6944119284144578,30,False,0.691520186923048,2.2815354569436729e-07,0.0030475665928798652,0.75,3863.820416647732,303.38755291705417,0.2903638256703823,0.00932031988390225,False,False,False,0.125,fine_group_07.mat
g07_c32,7,32,CNT_OC,0.6,5.0,0.1,600,completed,0.13937392185464925,0.224063056120745,0.13937392185464925,0.3456754686404727,0.26533901852081454,1,True,0.009987286199815775,1.349326608849791e-23,1.4148901893696554e-30,37.375,0.2828838760151996,0.007063252388315821,0.4763059395630934,0.00018335033811711643,True,False,False,0.125,fine_group_07.mat
g07_c33,7,33,CNT_OC,0.6,10.0,0.1,600,completed,718.2440656361676,586.009167483062,213.48870467041763,885.7437034943202,0.3976565303660321,1,True,0.02304307380867026,1.2424880603820777e-24,1.5264646108808983e-30,16.375,1420.3165798710002,66.36619162140165,0.19068325384757223,0.0017155002260962338,True,False,False,0.125,fine_group_07.mat
g07_c34,7,34,CNT_OC,0.6,15.0,0.1,600,completed,617.3881415919677,435.7460628927328,303.58736555905784,617.3881415919677,0.20762006291016882,3,False,0.01163234849513708,4.9337140731040113e-23,1.3408020161781211e-30,14.0,1232.439643452157,41.17545073274901,0.18328314165817644,0.00022271895830816568,True,False,False,0.125,fine_group_07.mat
g07_c35,7,35,CNT_OC,0.6,20.0,0.1,600,completed,283.2221314029526,499.3907599245789,283.2221314029526,1169.4432062967658,0.47580730222370093,4,False,0.020141661311058934,4.402848157649449e-22,3.4311210535079433e-22,15.5,569.7268656909513,12.519167850226854,0.23795539626387263,0.0003462157266843624,True,False,False,0.125,fine_group_07.mat
g07_c36,7,36,CNT_OC,0.6,30.0,0.1,600,completed,1002.4264774372999,967.7234297614128,940.6978692696941,1045.678923553458,0.028736324495563816,3,False,0.011528701842432269,4.7692200945337275e-20,9.664600999971176e-19,13.0,1987.7494392702665,46.78257277763167,0.1723790099062732,0.0002024898982101453,True,False,False,0.125,fine_group_07.mat
g07_c37,7,37,CNT_OC,0.6,50.0,0.1,600,completed,2192.367253675973,1941.1626131254025,1758.4325308399668,2192.367253675973,0.08079553499611065,47,False,0.07632304985005688,1.928271242485173e-15,3.423678073798021e-11,3.0,4329.947891898674,79.61829156543455,0.1289610613389966,0.0014064752741950182,True,False,False,0.125,fine_group_07.mat
g07_c38,7,38,CNT_OC,0.6,100.0,0.1,60,spectral_boundary,2560.2018915764625,1638.7160835529037,258.86539125128274,3759.688381921458,0.7712763396527847,23,False,0.5782284560223431,1.29624591823169e-07,0.0006462568341958291,0.5,4990.258561193714,414.91334028369215,0.2496495610701288,0.004787684102569356,False,False,False,0.125,fine_group_07.mat
g07_c39,7,39,CNT_OC,0.6,150.0,0.1,60,spectral_boundary,2152.2237529064437,2017.650504835129,258.86539125128274,5054.890391999546,0.8007413898505908,23,False,0.657810411661415,2.545024258207056e-07,0.001314148622624652,1.0,4206.34631807251,339.93345592682346,0.2691995632187245,0.008585588327533644,False,False,False,0.125,fine_group_07.mat
g07_c40,7,40,CNT_OC,0.7,5.0,0.1,600,completed,0.029329522610889128,0.060821435775862784,0.029329522610889128,0.11119900288134724,0.3855718017270237,1,True,0.014149812049805402,1.6878413676659045e-23,1.1877209683323836e-30,34.0,0.05102551656826837,0.0013910866880835788,0.4555095829820472,0.00014036230055380905,True,False,False,0.125,fine_group_07.mat
g07_c41,7,41,CNT_OC,0.7,10.0,0.1,600,completed,322.72455680907734,135.9115636605881,51.77128674117587,322.72455680907734,0.5467467035550693,1,True,0.025740425783853237,3.0744526383267196e-24,1.2241467620627606e-30,27.75,554.0625012909348,18.058734095342473,0.23392443108663818,0.0003480675522897769,True,False,False,0.125,fine_group_07.mat
g07_c42,7,42,CNT_OC,0.7,15.0,0.1,600,completed,452.5378234424947,327.49316336888876,261.08796284727066,452.5378234424947,0.18052273033482455,3,False,0.006028512728135108,2.694028602638798e-23,1.1968887614580026e-30,13.625,773.5239287712695,38.79047879614543,0.21444286333831764,0.0003432256787508914,True,True,False,0.125,fine_group_07.mat
g07_c43,7,43,CNT_OC,0.7,20.0,0.1,600,completed,297.11562867801547,935.3781447552299,297.11562867801547,2001.9331963392383,0.6219629417614696,5,False,0.027056180912962188,2.168291176384989e-22,5.406821274033762e-24,13.0,512.0446545136433,13.578177964381519,0.21857189557365253,0.0013432093514086363,True,False,False,0.125,fine_group_07.mat
g07_c44,7,44,CNT_OC,0.7,30.0,0.1,600,completed,1015.9179852067482,1084.2062573696712,1015.9179852067482,1156.505565034015,0.04764906234022287,3,False,0.004157880661015075,1.358594104883285e-20,4.3037282824545433e-23,13.625,1727.7596818823151,42.231339104667896,0.18031554861153026,0.00042317323603235923,True,False,False,0.125,fine_group_07.mat
g07_c45,7,45,CNT_OC,0.7,50.0,0.1,600,completed,1952.635351350386,2021.6186113091355,1901.2258332884512,2062.6419954394896,0.022551500798609014,37,False,0.058887764465169794,6.684302198034056e-16,5.729058043233586e-12,12.5,3311.103085670795,76.81611979103283,0.15131697567178004,0.0011503867047698568,True,False,False,0.125,fine_group_07.mat
g07_c46,7,46,CNT_OC,0.7,100.0,0.1,180,spectral_boundary,2570.310933408167,1929.4137939049708,679.7437321293219,3711.5358362410097,0.5338671673121574,17,False,0.36871567876978456,4.095314111393846e-12,2.521392969598193e-08,2.375,4310.554343465331,174.8838136719375,0.1926006586859712,0.007234347328968438,False,False,False,0.125,fine_group_07.mat
g07_c47,7,47,CNT_OC,0.7,150.0,0.1,60,spectral_boundary,3048.763108085017,2474.79746463668,258.4531061694612,6594.543437748371,0.8940035972417529,20,False,0.6032789859022653,1.6117284260952007e-08,0.00048571369222627763,0.75,5095.046314859041,385.47231860062516,0.23799499472623065,0.007721619631434362,False,False,False,0.125,fine_group_07.mat
g07_c48,7,48,CNT_OC,0.8,5.0,0.1,600,completed,0.0026891709363772195,0.00845216157413406,0.0026891709363772195,0.019500805334943683,0.5621316675814769,1,True,0.020500044605505134,1.2921549584327878e-23,9.382236449890724e-31,30.625,0.004093638059121002,0.00012331649205490783,0.39749940929792477,7.227010564103686e-05,True,False,False,0.125,fine_group_07.mat
g07_c49,7,49,CNT_OC,0.8,10.0,0.1,600,completed,16.71613778042381,10.326261192504411,6.625584227149597,16.71613778042381,0.278340291018058,1,True,0.012469624029769505,1.095523053860175e-23,9.102954206370685e-31,30.125,25.426612035658174,0.7803807775712239,0.23335314320025613,0.000810690502293876,True,False,False,0.125,fine_group_07.mat
g07_c50,7,50,CNT_OC,0.8,15.0,0.1,600,completed,216.6212496963207,317.6432160431757,213.02336949975415,764.283068123792,0.44657143141964195,2,False,0.01707162060683082,1.216469616730664e-23,1.001662548405701e-30,12.25,325.40357152077144,21.267614070812396,0.22608189028443015,0.00040007825905730154,True,False,False,0.125,fine_group_07.mat
g07_c51,7,51,CNT_OC,0.8,20.0,0.1,600,completed,1135.2503090876023,1547.5836023879872,841.5947345163443,2087.1898481497783,0.2547897699892536,3,False,0.026109287305714105,3.484236089524981e-23,2.024436841592829e-27,12.25,1690.0787653439902,52.63613901159913,0.23713414326057192,0.003705010446267365,True,False,False,0.125,fine_group_07.mat
g07_c52,7,52,CNT_OC,0.8,30.0,0.1,600,completed,1088.2145858982446,1190.777764801557,1003.9766950218866,1289.3916480469748,0.06854563023574957,3,False,0.0060749700390406855,1.501647119873853e-21,7.936001749161816e-26,11.625,1619.0187405092402,43.98684474247289,0.209916239445059,0.0007172574784768404,True,False,False,0.125,fine_group_07.mat
g07_c53,7,53,CNT_OC,0.8,50.0,0.1,600,completed,2063.1124412087665,1900.7656570941049,1818.2682231917315,2205.7473722528302,0.05042449900768163,26,False,0.049857156940779176,7.408469590151448e-18,8.399141051473017e-17,11.0,3061.291581113001,63.63411739685643,0.18013287191753086,0.0003489406006231821,True,False,False,0.125,fine_group_07.mat
g07_c54,7,54,CNT_OC,0.8,100.0,0.1,360,spectral_boundary,9228.726025689914,5616.137045696759,4447.969434407352,9228.726025689914,0.26054240640630955,33,False,0.47521791727665935,3.20548440543163e-11,1.2878832157495763e-06,1.0,13475.570563902058,530.5669045941753,0.19096426212542655,0.006971164955077436,False,False,False,0.125,fine_group_07.mat
g07_c55,7,55,CNT_OC,0.8,150.0,0.1,160,spectral_boundary,5746.756803119692,3201.1823740177733,1312.9784794777659,5746.756803119692,0.4464236203008249,25,False,0.2655931740617032,2.4490398701456663e-13,3.6350910717238704e-08,1.25,8397.513133239254,306.9762800372289,0.20771608652520512,0.01029200101806882,False,False,False,0.125,fine_group_07.mat
g07_c56,7,56,CNT_OC,0.9,5.0,0.1,600,completed,3.3583237125988346e-05,0.0002496416339404198,3.3583237125988346e-05,0.0008257392908299271,0.8649089688869309,1,True,0.03244438809326876,1.357152020925281e-23,6.804624404135149e-31,26.75,4.544238534377202e-05,1.5573239288140195e-06,0.24837968277463396,8.106202816782204e-05,True,False,False,0.125,fine_group_07.mat
g07_c57,7,57,CNT_OC,0.9,10.0,0.1,600,completed,0.07386029549686617,0.09584163405295464,0.07386029549686617,0.13133456164109808,0.17267065807384369,1,True,0.007134959113303282,1.3443663495023992e-23,6.875320414496501e-31,26.5,0.09994201630311567,0.003425645910425111,0.11483242015988848,0.0006307749286089681,True,False,False,0.125,fine_group_07.mat
g07_c58,7,58,CNT_OC,0.9,15.0,0.1,600,completed,216.56660914197622,77.55639283025371,23.256443552376993,216.56660914197622,0.6678375282857204,1,True,0.03247258600285845,8.846733769514604e-24,6.849876901530573e-31,23.375,290.3953076413469,11.166600663418805,0.19944622402999435,0.0010371311560969376,True,False,False,0.125,fine_group_07.mat
g07_c59,7,59,CNT_OC,0.9,20.0,0.1,600,completed,346.6964186427484,350.79670430889894,288.9585952567708,668.2747329938757,0.24810337448793765,3,False,0.01224898316519267,1.3260602995267256e-23,6.78611873333479e-31,10.625,461.63803459634573,31.554173111056976,0.19080796503739494,0.0007555036495762169,True,False,False,0.125,fine_group_07.mat
g07_c60,7,60,CNT_OC,0.9,30.0,0.1,600,completed,452.8095022289838,505.5075247401764,412.4551586903913,869.6563636423012,0.23634324637584375,3,False,0.012002817832360992,8.792149702684784e-23,6.985375891600824e-31,11.75,605.4480944478187,17.14398156348074,0.14497462162468489,0.001609774887827986,True,False,False,0.125,fine_group_07.mat
g07_c61,7,61,CNT_OC,0.9,50.0,0.1,600,completed,3103.4356337227373,2401.1665667519956,1791.5328378643712,3190.750337832112,0.2076988877416289,13,False,0.024258073822551813,6.519916865401166e-20,1.964915678493288e-17,9.5,4074.5645103062825,120.13127772377685,0.22942254606595192,0.0026111292934557495,True,False,False,0.125,fine_group_07.mat
g07_c62,7,62,CNT_OC,0.9,100.0,0.1,600,completed,2909.8665283182972,2804.4829213360536,1596.5640662626597,5587.508704903584,0.4720897401881285,9,False,0.0643240461074042,1.1821918590466717e-15,1.1986007155003797e-13,7.0,3811.9872113162774,142.52078748235743,0.10508677340311579,0.0032648417979807,True,False,False,0.125,fine_group_07.mat
g07_c63,7,63,CNT_OC,0.9,150.0,0.1,320,spectral_boundary,8141.380482363582,7236.947439730713,5372.477508791537,8643.970583351813,0.1524153519700555,18,False,0.14360010730504724,1.982002910780268e-12,2.1661134325828248e-07,0.625,10581.811778037563,536.9837943630124,0.18412845585678062,0.006371066726523877,False,False,False,0.125,fine_group_07.mat
g08_c00,8,0,CNT_OC,0.2,5.0,0.2,600,completed,0.004410316093881017,0.010602465018566619,0.004410316093881017,0.02149233539909367,0.4577940476471109,1,True,0.016736071598111676,5.433608943987529e-21,2.6722453348593704e-30,109.125,0.026854723750536384,0.0002238913363799975,0.4729090611908183,0.00028365846846933884,True,False,False,0.125,fine_group_08.mat
g08_c01,8,1,CNT_OC,0.2,10.0,0.2,60,spectral_boundary,627.9484595580273,595.6252494757781,262.4278044020753,750.7737634702287,0.261506608765925,16,False,0.2578426598194142,7.919061900405398e-12,5.262822303079034e-08,1.125,3701.835449313943,205.58854444485866,0.10711401330934861,0.002744096060632195,False,False,False,0.125,fine_group_08.mat
g08_c02,8,2,CNT_OC,0.2,15.0,0.2,60,spectral_boundary,624.8855671592237,613.9443799779287,262.4278044020753,785.6612676574237,0.2751870189107824,32,False,0.6115253623784428,7.276999083490642e-10,9.367654601843512e-06,0.75,3685.6290492531934,209.40962946113802,0.10655355337703637,0.0023594244795173136,False,False,False,0.125,fine_group_08.mat
g08_c03,8,3,CNT_OC,0.2,20.0,0.2,60,spectral_boundary,547.515059366311,624.7899917386226,262.4278044020753,824.1215103119991,0.28968676011097905,42,False,0.6935510219452672,1.8189153601994128e-08,0.0003173336670887229,0.5,3237.4071481286146,182.69406883559043,0.15168515129626547,0.0019268918842654248,False,False,False,0.125,fine_group_08.mat
g08_c04,8,4,CNT_OC,0.2,30.0,0.2,60,spectral_boundary,444.3707167011321,622.0349657199918,262.4278044020753,904.8029521335607,0.3182132354048357,46,False,0.6857779276238242,1.3461888427901323e-07,0.0004333585579102349,1.0,2637.191946228012,100.52187884519651,0.23240607357378607,0.0009305316864823832,False,False,False,0.125,fine_group_08.mat
g08_c05,8,5,CNT_OC,0.2,50.0,0.2,60,spectral_boundary,428.8907074572652,643.0386137224999,262.4278044020753,1038.080133272465,0.36086637643566716,43,False,0.7283257274661211,1.6667349857180866e-07,0.0018149603743816665,0.75,2545.9983203882084,117.2262754858631,0.2928816757048619,0.000898866619435168,False,False,False,0.125,fine_group_08.mat
g08_c06,8,6,CNT_OC,0.2,100.0,0.2,40,spectral_boundary,852.9282087980632,709.081633573662,262.4278044020753,1204.484985310004,0.4325411340094642,78,False,0.7804600611665196,5.134678274806823e-07,0.005373911020867796,0.375,5004.8482612050575,317.9836747013288,0.2964451787242045,0.003518245267521758,False,False,False,0.125,fine_group_08.mat
g08_c07,8,7,CNT_OC,0.2,150.0,0.2,40,spectral_boundary,850.2598140891366,762.4624047627431,262.4278044020753,1335.8042222570944,0.44939307623414565,71,False,0.8004263064245554,2.192613787581565e-06,0.01095060624595448,0.5,4993.558410724154,292.11487697430323,0.32276208128420036,0.006531265644822093,False,False,False,0.125,fine_group_08.mat
g08_c08,8,8,CNT_OC,0.3,5.0,0.2,600,completed,0.0028777785286977255,0.008064090139468953,0.0028777785286977255,0.01779778627263278,0.5229351165200344,1,True,0.019078703184751227,3.0709179385230763e-23,2.10072061347971e-30,95.625,0.011681998222573374,0.00011466563495286341,0.4786349674387829,0.0002657195303208404,True,False,False,0.125,fine_group_08.mat
g08_c09,8,9,CNT_OC,0.3,10.0,0.2,600,completed,10.161302966975946,6.266479287407654,4.123570786754961,10.161302966975946,0.27406039214486533,1,True,0.012921199833537737,2.4144229232956417e-23,2.1460309670678965e-30,95.0,41.231253527740286,0.40829445131602815,0.33764512243773404,0.001031278261334867,True,False,False,0.125,fine_group_08.mat
g08_c10,8,10,CNT_OC,0.3,15.0,0.2,80,spectral_boundary,781.3619284585038,775.3333068888949,261.02749624588535,1057.8073713892659,0.3363782454856155,22,False,0.40023458569563525,6.725852057957474e-12,4.1922715144768865e-08,1.0,3078.393558823869,133.20853256846806,0.12312650412370152,0.002865613566693015,False,False,False,0.125,fine_group_08.mat
g08_c11,8,11,CNT_OC,0.3,20.0,0.2,80,spectral_boundary,747.4701038368751,811.3894012471291,261.02749624588535,1139.290483735606,0.35722829921816024,27,False,0.5342158705319972,7.971523700433195e-11,8.586530587057732e-07,1.375,2947.741597415994,123.24509727953583,0.15939348005916343,0.002412085427771382,False,False,False,0.125,fine_group_08.mat
g08_c12,8,12,CNT_OC,0.3,30.0,0.2,80,spectral_boundary,593.8038874293986,852.8659799396264,261.02749624588535,1319.8139146180977,0.40372691711311326,27,False,0.6609460453171446,1.3548645884197094e-08,8.07099058131617e-05,0.75,2351.257365941913,116.71260154508896,0.2399535567893344,0.0013318386348665223,False,False,False,0.125,fine_group_08.mat
g08_c13,8,13,CNT_OC,0.3,50.0,0.2,60,spectral_boundary,1361.2068468125842,952.1168939661425,261.02749624588535,1685.285933322229,0.5074253413701378,46,False,0.7309611871754147,5.458816793032137e-08,0.0008285072380325173,0.5,5323.783892068142,348.24933471257276,0.2050935840355408,0.0004950589102244995,False,False,False,0.125,fine_group_08.mat
g08_c14,8,14,CNT_OC,0.3,100.0,0.2,60,spectral_boundary,995.7400529855438,1048.5342609937752,261.02749624588535,2107.4415359384893,0.5321138999311867,36,False,0.7759328334289215,9.928945283439234e-07,0.006086907812538882,0.625,3913.338345479022,392.768449069094,0.2997579550209828,0.00496956884752775,False,False,False,0.125,fine_group_08.mat
g08_c15,8,15,CNT_OC,0.3,150.0,0.2,40,spectral_boundary,2072.355711376432,1029.179189004021,261.02749624588535,2412.9023111808906,0.6832945840509277,62,False,0.7411590194763577,1.399917534908339e-06,0.012717193336116355,0.25,8051.88235557409,844.4524247597856,0.2767885071824998,0.006473683091538951,False,False,False,0.125,fine_group_08.mat
g08_c16,8,16,CNT_OC,0.4,5.0,0.2,600,completed,0.0020074473109456146,0.0063301534482028445,0.0020074473109456146,0.014844160263039259,0.5707450535365166,1,True,0.0208322056452218,9.862970603603138e-24,1.8177917111397014e-30,88.125,0.006111744759569715,6.520197759148292e-05,0.4826655343756833,0.0002445515390168129,True,False,False,0.125,fine_group_08.mat
g08_c17,8,17,CNT_OC,0.4,10.0,0.2,600,completed,5.695198173800123,3.8360449121732882,2.8286791538965543,5.695198173800123,0.21402471195033798,1,True,0.010742354802993436,8.639148993797257e-24,1.8105621399284847e-30,85.75,17.33583307430683,0.18986064524058371,0.33779019912957964,0.0010321437263727251,True,False,False,0.125,fine_group_08.mat
g08_c18,8,18,CNT_OC,0.4,15.0,0.2,580,spectral_boundary,1894.1062867872856,1300.1020062643934,268.7855835435991,2438.501331277776,0.6010595962773113,29,False,0.5415178932234174,8.840762725319748e-11,7.393942815723011e-07,0.875,5580.573600469114,259.17004347857556,0.12486822901292782,0.005741586354767847,False,False,False,0.125,fine_group_08.mat
g08_c19,8,19,CNT_OC,0.4,20.0,0.2,600,completed,94.92542474862049,150.79307164301227,94.92542474862049,276.7527812543815,0.34190276609474196,1,True,0.014316562821459634,4.945300617615655e-25,1.650687697067936e-30,45.75,287.4882712851662,5.778870337730172,0.29600828324648965,0.0018026959587394975,True,False,False,0.125,fine_group_08.mat
g08_c20,8,20,CNT_OC,0.4,30.0,0.2,80,spectral_boundary,1235.2103704881724,1076.1716709035513,260.0780374880384,1752.6000023882184,0.4888232178604591,33,False,0.6188407085268072,1.7489370631932587e-09,7.700834127133849e-06,0.625,3642.36809063123,163.9645505545773,0.18415713388607213,0.0015605642703535594,False,False,False,0.125,fine_group_08.mat
g08_c21,8,21,CNT_OC,0.4,50.0,0.2,80,spectral_boundary,977.964046553049,1225.0938360461485,260.0780374880384,2337.0805237974364,0.5536083123227032,31,False,0.7896911776616955,6.955716508973157e-08,0.000771174356355467,0.875,2890.1556292614423,193.96383701417074,0.26441891085108327,0.0003701686449094632,False,False,False,0.125,fine_group_08.mat
g08_c22,8,22,CNT_OC,0.4,100.0,0.2,60,spectral_boundary,1799.4279891541094,1454.1010034205835,260.0780374880384,3353.693539030437,0.6889627521024296,63,False,0.7698488349844032,4.0968029506340715e-07,0.003554068166721701,0.5,5278.640907862939,267.61831068370856,0.26750567787412005,0.004309983448598564,False,False,False,0.125,fine_group_08.mat
g08_c23,8,23,CNT_OC,0.4,150.0,0.2,60,spectral_boundary,2098.991314290087,1637.6760873844757,260.0780374880384,4038.7658382486406,0.6848805590643586,49,False,0.7768896306687378,9.398271337927745e-07,0.012450151489315973,0.5,6145.01146755986,379.5756996646244,0.2747611116517866,0.00851908629150444,False,False,False,0.125,fine_group_08.mat
g08_c24,8,24,CNT_OC,0.5,5.0,0.2,600,completed,0.0010519880871088703,0.0038712585968046086,0.0010519880871088703,0.009780030170257038,0.6308204437393379,1,True,0.023072057033052214,1.0223595151161177e-23,1.5175047613425852e-30,81.125,0.0025622522217086537,2.9697956919574057e-05,0.48324279937712034,0.00021903602623918328,True,False,False,0.125,fine_group_08.mat
g08_c25,8,25,CNT_OC,0.5,10.0,0.2,600,completed,2.5445319610780697,1.9135575402014586,1.609799296778741,2.5445319610780697,0.1421219036798697,1,True,0.008179939858801498,6.3537608251450165e-24,1.4770958901356644e-30,79.375,6.197063747395582,0.07334176106322254,0.3650845295093169,0.001017870723988512,True,False,False,0.125,fine_group_08.mat
g08_c26,8,26,CNT_OC,0.5,15.0,0.2,600,completed,3108.790683049261,1468.92154994938,234.91944842270016,3270.5879937821273,0.7397333093236689,1,True,0.03787078546640034,4.154566659261135e-25,1.79806838401753e-30,48.25,7299.873574528748,129.9470711686279,0.14838298589723614,0.005667621946153556,True,False,False,0.125,fine_group_08.mat
g08_c27,8,27,CNT_OC,0.5,20.0,0.2,600,completed,50.00412514680177,181.2920226210304,50.00412514680177,534.7839307887433,0.7202571237211519,1,True,0.027269597549338262,7.614550766377424e-25,1.3968059956795143e-30,40.875,121.46756455091898,2.7542183016123176,0.30020505795126784,0.0017510485907665796,True,False,False,0.125,fine_group_08.mat
g08_c28,8,28,CNT_OC,0.5,30.0,0.2,600,completed,781.765206769656,882.3198433389449,781.765206769656,969.14973095714,0.07239358244962044,1,True,0.0028917894320524486,1.235714797494375e-24,1.1667075073642756e-30,31.125,1855.1402826651597,53.59108147373856,0.1845953601652408,0.0001682880637395856,True,False,False,0.125,fine_group_08.mat
g08_c29,8,29,CNT_OC,0.5,50.0,0.2,80,spectral_boundary,1547.4116826865193,1511.2462469999432,259.3891410478117,3002.2020025500087,0.6378424449532466,30,False,0.6900368099015374,2.6422420681880443e-08,0.0003516383881524716,0.75,3650.1730559067314,227.80175771165415,0.23491719060574534,9.367675839122569e-05,False,False,False,0.125,fine_group_08.mat
g08_c30,8,30,CNT_OC,0.5,100.0,0.2,60,spectral_boundary,3174.8733877654136,1787.1452680764846,259.3891410478117,4614.821552801513,0.8187236406637902,57,False,0.7053266596839816,3.1415715407342537e-07,0.0028609608641183434,0.375,7414.391562835143,571.1364217299957,0.22869819931755142,0.003902573132621656,False,False,False,0.125,fine_group_08.mat
g08_c31,8,31,CNT_OC,0.5,150.0,0.2,60,spectral_boundary,2629.0455165800186,2124.579205642158,259.3891410478117,5775.9131414282965,0.8092038310513713,50,False,0.7725193901803812,3.2276009116969064e-07,0.005753092720241546,0.75,6156.106513590889,381.28672949591544,0.26483706262780227,0.007742721024228905,False,False,False,0.125,fine_group_08.mat
g08_c32,8,32,CNT_OC,0.6,5.0,0.2,600,completed,0.0003906769283177102,0.001774767316504956,0.0003906769283177102,0.0049241530628200865,0.7085674202293714,1,True,0.026041185638228034,1.1192563100277192e-23,1.3139640743474934e-30,74.5,0.0007929532506797548,1.0008971097286212e-05,0.47679254212939226,0.0001868740915452749,True,False,False,0.125,fine_group_08.mat
g08_c33,8,33,CNT_OC,0.6,10.0,0.2,600,completed,0.7963727380028163,0.6994547947565981,0.6680771789176714,0.7963727380028163,0.050495832802141,1,True,0.004786499215248707,7.7715871205835e-24,1.2640642111512562e-30,73.25,1.6163553767150138,0.020753515150021887,0.3552860880673753,0.000989020935435292,True,False,False,0.125,fine_group_08.mat
g08_c34,8,34,CNT_OC,0.6,15.0,0.2,600,completed,2036.3613954951513,547.3689989889015,92.66344819789659,2036.3613954951513,0.9246955630612644,1,True,0.04253885845348003,1.4297754994822522e-24,1.2929249446424476e-30,54.5,4013.0243155888215,67.68268964976166,0.18088955999481576,0.0007729833042834366,True,False,False,0.125,fine_group_08.mat
g08_c35,8,35,CNT_OC,0.6,20.0,0.2,600,completed,45.300524660923124,362.42009479266096,45.300524660923124,1438.7760451355196,1.0028762609973574,1,True,0.036705568091770543,8.507032529242899e-25,1.1848504978756929e-30,35.25,91.73174004546851,2.400711525595566,0.2803722356650987,0.001018684391674185,True,False,False,0.125,fine_group_08.mat
g08_c36,8,36,CNT_OC,0.6,30.0,0.2,600,completed,1074.3399526140336,1131.6586245252686,849.2814656092328,1263.0119186035513,0.10631054040874242,1,True,0.0067133923678417366,9.48299616499926e-25,1.043422869449535e-30,28.25,2118.9742677954064,66.71253724468099,0.1667209582081145,0.0009317160951797243,True,False,False,0.125,fine_group_08.mat
g08_c37,8,37,CNT_OC,0.6,50.0,0.2,600,completed,1970.0707810211272,3140.3433052035025,1970.0707810211272,4229.654263996573,0.2319615260072436,7,False,0.1689137604844987,3.340885276450284e-15,5.738564098694079e-11,28.25,3914.4517077674705,59.17516338657413,0.12516518676648125,0.006846757465875819,True,False,False,0.125,fine_group_08.mat
g08_c38,8,38,CNT_OC,0.6,100.0,0.2,80,spectral_boundary,1731.0239774740105,2274.5004585931592,258.86539125128274,5992.6969928757235,0.7998227743745963,23,False,0.7558392279852658,1.2737754426879543e-07,0.00138471715735904,1.0,3393.3439262858583,299.6001738285324,0.26462576350996236,0.0041656887365408846,False,False,False,0.125,fine_group_08.mat
g08_c39,8,39,CNT_OC,0.6,150.0,0.2,60,spectral_boundary,3374.4917922690493,2602.066657439825,258.86539125128274,7779.615530741262,0.919782044883559,46,False,0.7571305611586103,6.04846984954636e-07,0.006156318957585337,0.625,6575.381348260186,494.0452983864424,0.24683563516657758,0.0070040976047272,False,False,False,0.125,fine_group_08.mat
g08_c40,8,40,CNT_OC,0.7,5.0,0.2,600,completed,8.998585048862283e-05,0.000552421951739153,8.998585048862283e-05,0.001728732182672184,0.8120546587769746,1,True,0.030136230415284702,1.0086005170004072e-23,1.0412673912559769e-30,68.0,0.00015655150930384096,2.1654934883419497e-06,0.45516429761949795,0.00014326603373659985,True,False,False,0.125,fine_group_08.mat
g08_c41,8,41,CNT_OC,0.7,10.0,0.2,600,completed,0.14638365840198744,0.16274570672881603,0.1461993212712798,0.20226745873540522,0.10166999892613877,1,True,0.0049148991037903265,1.299211794261211e-23,1.0711740920269176e-30,67.0,0.254667789925012,0.0035731175576848647,0.3098019395316605,0.0009412421783162594,True,False,False,0.125,fine_group_08.mat
g08_c42,8,42,CNT_OC,0.7,15.0,0.2,600,completed,258.9449298147891,88.68215397021096,24.32241500086601,258.9449298147891,0.7081999492112104,1,True,0.03317016387303466,4.42443691903642e-24,1.0131671279554239e-30,60.25,447.7251791461094,6.87439377525549,0.21650872717674607,0.001350963258800908,True,False,False,0.125,fine_group_08.mat
g08_c43,8,43,CNT_OC,0.7,20.0,0.2,600,completed,79.92405600473433,1634.4432416159232,79.92405600473433,4519.445550554426,0.9869683433893214,1,True,0.04806976601073063,7.891148085054679e-25,9.745624926475283e-31,28.25,138.47614978402413,4.461040056157307,0.24478882358754284,0.004104124665552988,True,False,False,0.125,fine_group_08.mat
g08_c44,8,44,CNT_OC,0.7,30.0,0.2,600,completed,1737.4177268132848,1124.3172614077876,551.947123468789,1742.4489195102956,0.3670196758032242,1,True,0.015983382666474113,5.509322657663752e-25,9.659116641057165e-31,28.125,2926.0971221433815,91.15469036689498,0.18159829501930036,0.0006035025402666427,True,False,False,0.125,fine_group_08.mat
g08_c45,8,45,CNT_OC,0.7,50.0,0.2,600,completed,2573.8668592746553,2017.2854707231395,1794.6924134418273,2573.8668592746553,0.10507735572468688,3,False,0.014810715497187776,1.2280436945540658e-21,9.54215949386102e-31,21.5,4357.877075390302,103.61403118233991,0.15462841744684286,0.001097471734973543,True,False,False,0.125,fine_group_08.mat
g08_c46,8,46,CNT_OC,0.7,100.0,0.2,80,spectral_boundary,1946.4734831818407,2765.4831434522202,258.4531061694612,7418.637882820143,0.8698073683182007,19,False,0.7017414828806765,3.8117244319249505e-08,0.0008257068484169983,0.625,3271.5941900418143,251.65966128171007,0.24362784232338675,0.0030378626412209675,False,False,False,0.125,fine_group_08.mat
g08_c47,8,47,CNT_OC,0.7,150.0,0.2,60,spectral_boundary,6040.082146396044,3228.5432951608896,258.4531061694612,9927.791866769336,1.025992874029526,41,False,0.7157098460365364,1.6948317428044113e-07,0.0020116599521931406,0.375,10036.703137208844,836.3763255680967,0.20193958163313247,0.005836236498323766,False,False,False,0.125,fine_group_08.mat
g08_c48,8,48,CNT_OC,0.8,5.0,0.2,600,completed,9.46959265508092e-06,9.276430045066567e-05,9.46959265508092e-06,0.0003409695113556427,0.9571287715671202,1,True,0.036203053034753005,1.0583519490391541e-23,8.537563871894935e-31,61.375,1.4415256847495577e-05,2.2145112283498158e-07,0.3975612277324037,7.530695290736134e-05,True,False,False,0.125,fine_group_08.mat
g08_c49,8,49,CNT_OC,0.8,10.0,0.2,600,completed,0.010586638714768434,0.01759703699875568,0.010586638714768434,0.029783581482251322,0.31004142743948054,1,True,0.011911430615526835,1.093602132533668e-23,8.557573948085846e-31,60.625,0.01611569600847986,0.0002505011378685181,0.2222677445897377,0.0008574430176419012,True,False,False,0.125,fine_group_08.mat
g08_c50,8,50,CNT_OC,0.8,15.0,0.2,600,completed,13.750835924501846,6.36502582651419,2.9427982518185525,13.750835924501846,0.4708749453099764,1,True,0.021664254570456613,1.2689277501005351e-23,8.530540984515742e-31,59.375,20.92532536070178,0.33062649220297224,0.20243187428042975,0.0016107813287351558,True,False,False,0.125,fine_group_08.mat
g08_c51,8,51,CNT_OC,0.8,20.0,0.2,600,completed,2135.419324355654,3291.7740919219564,390.75154279188325,6916.736916661588,0.6772217119749766,1,True,0.06056795977573411,1.6520537315648333e-24,8.243882937262705e-31,25.0,3153.8371792567827,94.6682274290617,0.2352273021876724,0.010494013104352162,True,False,False,0.125,fine_group_08.mat
g08_c52,8,52,CNT_OC,0.8,30.0,0.2,600,completed,398.863716166661,231.70786409073423,187.4991280719222,398.863716166661,0.23930340049288043,1,True,0.022688620438054728,8.041344310926209e-25,7.952468750502858e-31,32.0,599.3474591945559,17.18246281441098,0.17841310630608442,0.0030668327047644883,True,True,False,0.125,fine_group_08.mat
g08_c53,8,53,CNT_OC,0.8,50.0,0.2,600,completed,1872.1367700239743,1838.5763582923337,1791.976459692462,1872.1367700239743,0.010746670514650043,1,True,0.002195244639014691,1.5076376657164934e-22,7.227500686358581e-31,19.625,2754.9900196548533,118.17135738807994,0.17630878662330912,3.759503604250369e-05,True,False,False,0.125,fine_group_08.mat
g08_c54,8,54,CNT_OC,0.8,100.0,0.2,600,completed,5285.82613049887,3855.8105277973123,3009.5314350440894,5301.1204365363865,0.22141807700518276,37,False,0.09705989008779796,9.284379524403555e-18,1.5951348239805391e-12,39.5,7766.2576370265615,125.47742898264246,0.1255069136650816,0.00011389520471238868,True,False,False,0.125,fine_group_08.mat
g08_c55,8,55,CNT_OC,0.8,150.0,0.2,100,spectral_boundary,4141.203661871051,3702.5124915511965,258.1194772985905,12391.910834341139,0.9571695911583918,17,False,0.6994848865205657,5.837323853923228e-08,0.0006428911610511176,1.125,6034.73004133135,532.8421151838731,0.20405901441198193,0.008328369701040117,False,False,False,0.125,fine_group_08.mat
g08_c56,8,56,CNT_OC,0.9,5.0,0.2,600,completed,1.7694018893465198e-07,4.213274799943186e-06,1.7694018893465198e-07,1.9734239453520994e-05,1.1912353862927334,1,True,0.04709293267921625,1.3179779598606201e-23,6.902720578395561e-31,53.875,2.3942254973289625e-07,4.217412582203328e-09,0.2480849354649195,7.676486561958296e-05,True,False,False,0.125,fine_group_08.mat
g08_c57,8,57,CNT_OC,0.9,10.0,0.2,600,completed,7.756612324016782e-05,0.00032089222423575895,7.756612324016782e-05,0.0008855447410691299,0.6940884006684359,1,True,0.025552062379882383,1.1476115530920281e-23,6.501921815242899e-31,53.25,0.00010495681662233555,1.8661408497469739e-06,0.11529337399988482,0.0006394436083521082,True,False,False,0.125,fine_group_08.mat
g08_c58,8,58,CNT_OC,0.9,15.0,0.2,600,completed,0.04238541308579316,0.041175205741909984,0.03912293129252195,0.04732990724511573,0.052264496238582474,1,True,0.0036387594574667265,1.1287994595188424e-23,6.170814039435228e-31,52.375,0.057352786294024544,0.0010276691505011627,0.12427945301815457,0.0013479530748380375,True,False,False,0.125,fine_group_08.mat
g08_c59,8,59,CNT_OC,0.9,20.0,0.2,600,completed,28.975275705546604,10.241997892544129,3.02688027894178,28.975275705546604,0.6827540827094163,1,True,0.03092071522194529,1.1562295648889666e-23,6.295197526515614e-31,51.25,39.178669554129726,0.7137293592118714,0.1249945399943001,0.0020092023818342186,True,False,False,0.125,fine_group_08.mat
g08_c60,8,60,CNT_OC,0.9,30.0,0.2,600,completed,16.249343883573147,476.5662611581987,16.249343883573147,3082.0214509264906,1.476792827543557,1,True,0.05458916558723003,2.4741949497584936e-24,6.171216130700932e-31,25.0,21.969351398775665,0.816625318924401,0.13827690195422582,0.0018737239339851053,True,False,False,0.125,fine_group_08.mat
g08_c61,8,61,CNT_OC,0.9,50.0,0.2,600,completed,1654.7130356251155,1599.1385795914812,1500.1766944023998,1887.2563913582867,0.06335443787141516,1,True,0.003272135918240712,1.8436788303905193e-24,5.787073472689969e-31,19.0,2163.035072315308,103.39907289651829,0.18064297036115873,0.0004712441287125779,True,False,False,0.125,fine_group_08.mat
g08_c62,8,62,CNT_OC,0.9,100.0,0.2,600,completed,3022.8651036176657,2496.164188747811,2098.483125064771,3519.417783371836,0.14506358781228598,14,False,0.04799777241764509,3.73314732743034e-23,2.5506262249595635e-21,17.125,3957.7105169701927,126.44575728713211,0.10542902817029387,0.004370862630015182,True,False,False,0.125,fine_group_08.mat
g08_c63,8,63,CNT_OC,0.9,150.0,0.2,600,completed,3786.785682650242,4755.89617545981,3786.785682650242,6754.045066071968,0.2133045672034972,7,False,0.21644219866865172,8.988158936048104e-17,1.9439133323976302e-11,19.625,4943.828687715936,175.42828565846884,0.054575568343255165,0.0033550019603545422,True,False,False,0.125,fine_group_08.mat
g09_c00,9,0,CNT_OC,0.2,5.0,0.3,60,spectral_boundary,622.1272096313023,611.7441348972138,262.4278044020753,807.1281016123214,0.2826606914340651,45,False,0.6535367546063473,1.820084524667992e-09,7.168331711626769e-06,1.0,3682.154982369573,158.21018218719848,0.10788382681109587,0.003332006859241843,False,False,False,0.125,fine_group_09.mat
g09_c01,9,1,CNT_OC,0.2,10.0,0.3,60,spectral_boundary,598.2872267440682,625.0720501232668,262.4278044020753,852.85805014582,0.2957037392606311,53,False,0.7140642683831032,9.255637111692124e-09,8.36916509349962e-05,1.0,3544.7568658873306,130.70342667895622,0.10710586382249632,0.0029179271423090958,False,False,False,0.125,fine_group_09.mat
g09_c02,9,2,CNT_OC,0.2,15.0,0.3,60,spectral_boundary,604.2171875985115,640.4869393934797,262.4278044020753,898.5445203293801,0.3082080795354175,47,False,0.7381155812976554,1.406156136083774e-08,0.00024138276805780597,0.875,3579.8248594360166,166.00767737789877,0.1064258061174474,0.002517973637832127,False,False,False,0.125,fine_group_09.mat
g09_c03,9,3,CNT_OC,0.2,20.0,0.3,60,spectral_boundary,610.0577894209903,656.2992221912066,262.4278044020753,943.822398795947,0.3201839285156354,60,False,0.7326451831878553,1.3293993415858434e-07,0.00023353735502753168,0.875,3613.50147772131,135.64618603476197,0.13550948008648023,0.002120366099030657,False,False,False,0.125,fine_group_09.mat
g09_c04,9,4,CNT_OC,0.2,30.0,0.3,60,spectral_boundary,617.9676071907543,684.7137741241845,262.4278044020753,1031.2351871599228,0.34250381839130184,55,False,0.7738242424206007,4.455675883372753e-08,0.000799948074266892,0.875,3661.0207358034095,146.73025524606612,0.1889112897543419,0.0013070231747660532,False,False,False,0.125,fine_group_09.mat
g09_c05,9,5,CNT_OC,0.2,50.0,0.3,60,spectral_boundary,665.1634468584582,737.6808738259211,262.4278044020753,1190.1753707632631,0.37491692695316964,55,False,0.7780743153362742,3.6867119331106085e-07,0.001688727158922369,0.625,3936.0997212825423,177.84564013328117,0.24344370707632712,0.00033821202036732334,False,False,False,0.125,fine_group_09.mat
g09_c06,9,6,CNT_OC,0.2,100.0,0.3,40,spectral_boundary,1174.1717235696433,774.4379017396914,262.4278044020753,1424.5258711378112,0.49895554660044455,84,False,0.8154295652753879,8.710406240803032e-07,0.008718886238719373,0.25,6876.097743196196,471.6957390606574,0.262834572047137,0.0032438896487586577,False,False,False,0.125,fine_group_09.mat
g09_c07,9,7,CNT_OC,0.2,150.0,0.3,40,spectral_boundary,1091.4053578531666,864.5117182786977,262.4278044020753,1668.323687195645,0.5293177316160914,89,False,0.8254193541674462,1.911752934627397e-06,0.01611173865456519,0.375,6403.888922713492,414.44917968339416,0.30318488705172075,0.0061282024888426045,False,False,False,0.125,fine_group_09.mat
g09_c08,9,8,CNT_OC,0.3,5.0,0.3,80,spectral_boundary,859.7287096523123,767.7883233708366,261.02749624588535,1049.2778628458639,0.3424451511795238,38,False,0.5083337686454708,1.9197840493301913e-12,1.557061279327771e-08,1.5,3397.2651842958885,107.3323262352469,0.12460978917110987,0.004146496847961756,False,False,False,0.125,fine_group_09.mat
g09_c09,9,9,CNT_OC,0.3,10.0,0.3,80,spectral_boundary,828.2028792645023,802.0910530856802,261.02749624588535,1152.8257737913955,0.3623664925374979,44,False,0.6011295910754133,1.42840135006173e-11,9.731878399047179e-08,1.125,3275.151266606673,136.9914314546336,0.12330960828661958,0.0036838720556463533,False,False,False,0.125,fine_group_09.mat
g09_c10,9,10,CNT_OC,0.3,15.0,0.3,60,spectral_boundary,1225.6595606026192,762.4606502998147,261.02749624588535,1241.8249216835293,0.4290172478246614,36,False,0.5143321459220538,9.591564592006541e-12,1.683514820662802e-07,0.75,4812.219817849056,229.99957311345958,0.12314602163872246,0.002127331646698538,False,False,False,0.125,fine_group_09.mat
g09_c11,9,11,CNT_OC,0.3,20.0,0.3,60,spectral_boundary,1273.2472650448076,796.6217049071936,261.02749624588535,1328.4933486903656,0.4501069096938716,42,False,0.6187046223699537,5.00332346923251e-10,1.5528412136059273e-05,0.875,4996.467159987879,247.29438036461454,0.12248896521692526,0.001784933527272825,False,False,False,0.125,fine_group_09.mat
g09_c12,9,12,CNT_OC,0.3,30.0,0.3,60,spectral_boundary,1302.953817057361,860.5833852572439,261.02749624588535,1491.0267155372408,0.4821172531186227,56,False,0.7036888443073033,1.9136937526454334e-08,9.083495156212154e-05,0.625,5113.478274002973,212.9045805690047,0.14319149502527873,0.0010789414812650833,False,False,False,0.125,fine_group_09.mat
g09_c13,9,13,CNT_OC,0.3,50.0,0.3,60,spectral_boundary,1310.1915255230301,975.3726244927598,261.02749624588535,1808.8790840485422,0.5243727902297739,64,False,0.7721938778908488,9.896696358574337e-08,0.0005287601314886682,0.625,5144.386091858861,241.87397118059266,0.20856597685975398,0.0003898973478008161,False,False,False,0.125,fine_group_09.mat
g09_c14,9,14,CNT_OC,0.3,100.0,0.3,60,spectral_boundary,1336.6865748941107,1178.956236182258,261.02749624588535,2508.429418598328,0.5792493139329268,51,False,0.8250756953208804,5.798278047715518e-07,0.007845088961281407,0.625,5247.530727803527,296.9069737986691,0.27340538245193946,0.004404428151369544,False,False,False,0.125,fine_group_09.mat
g09_c15,9,15,CNT_OC,0.3,150.0,0.3,40,spectral_boundary,2983.3923741131302,1100.464854082067,261.02749624588535,2983.3923741131302,0.7567805892554352,76,False,0.6064648427631344,1.0565120992700607e-07,0.0013245732557575394,0.5,11567.97092922571,587.1373131115527,0.23438113749538547,0.006229779777491062,False,False,False,0.125,fine_group_09.mat
g09_c16,9,16,CNT_OC,0.4,5.0,0.3,600,completed,4.687275522762337e-05,0.00027983487349251494,4.687275522762337e-05,0.0008725533788941486,0.8069910171507563,1,True,0.029897882977621415,5.938852934715766e-14,1.8551414635168978e-30,134.25,0.00014270578045372522,9.982829257739436e-07,0.48184402020739175,0.00024591013023222974,True,False,False,0.125,fine_group_09.mat
g09_c17,9,17,CNT_OC,0.4,10.0,0.3,600,completed,0.04935972713499001,0.05677379498231033,0.0493580427147981,0.07361888591533083,0.12522179862255653,1,True,0.005755327232632127,1.9681036174863273e-14,1.8968459930067572e-30,134.25,0.15027728896851744,0.0010543281264847808,0.40258368767695296,0.0010568105559249918,True,False,False,0.125,fine_group_09.mat
g09_c18,9,18,CNT_OC,0.4,15.0,0.3,600,completed,1534.6056085901498,421.77392171538617,68.883030248152,1534.6056085901498,0.911810248385996,2,False,0.042314099437529236,5.4757366402826764e-15,1.8063176792002475e-30,70.75,4563.929034298764,49.97192026582982,0.13065160163189643,0.000695294863330087,True,False,False,0.125,fine_group_09.mat
g09_c19,9,19,CNT_OC,0.4,20.0,0.3,80,spectral_boundary,1427.254915866646,1048.51485195219,260.0780374880384,1787.508975472656,0.5023411460650741,43,False,0.6676510426492122,4.3912810953782014e-11,7.207561657274507e-07,0.75,4215.622962458565,168.37555901839224,0.1403567524590552,0.0027558863307468595,False,False,False,0.125,fine_group_09.mat
g09_c20,9,20,CNT_OC,0.4,30.0,0.3,80,spectral_boundary,1340.4234797074164,1142.8574400892462,260.0780374880384,2061.118516242951,0.5276858973521922,51,False,0.7107438618123358,4.548509726124259e-10,8.156880493032923e-06,0.625,3964.1538599740898,155.68206722111896,0.1730335782008321,0.0018837065153884947,False,False,False,0.125,fine_group_09.mat
g09_c21,9,21,CNT_OC,0.4,50.0,0.3,60,spectral_boundary,2456.409991731259,1146.2701094660345,260.0780374880384,2591.344696196014,0.6692083026291714,51,False,0.7273113982616741,2.022771975792484e-08,0.0001557325550200065,0.5,7187.881669519973,423.84468144118864,0.1636392056616628,0.00047833506601446807,False,False,False,0.125,fine_group_09.mat
g09_c22,9,22,CNT_OC,0.4,100.0,0.3,60,spectral_boundary,2142.4133520696146,1546.7571467826506,260.0780374880384,3833.34131296707,0.7249548815829638,64,False,0.829825077365484,3.744136556859244e-07,0.00596355442776273,0.375,6287.593654406614,381.3779911047641,0.25099485948893374,0.003974674177968263,False,False,False,0.125,fine_group_09.mat
g09_c23,9,23,CNT_OC,0.4,150.0,0.3,60,spectral_boundary,2288.1834502634047,1774.7705982175803,260.0780374880384,4617.134211194445,0.7327385156743278,58,False,0.8302196845163176,2.1599692900477657e-06,0.01652853667996363,0.75,6710.531149228504,400.83253637426316,0.2680531233976956,0.008037752052573066,False,False,False,0.125,fine_group_09.mat
g09_c24,9,24,CNT_OC,0.5,5.0,0.3,600,completed,3.042917006356688e-05,0.00021006369701463158,3.042917006356688e-05,0.0006907684698361895,0.8541636590484338,1,True,0.03181832918697606,6.765852879681573e-16,1.586788490295919e-30,123.625,7.411415767396423e-05,5.631813174989578e-07,0.48252566254749674,0.00022036411592296634,True,False,False,0.125,fine_group_09.mat
g09_c25,9,25,CNT_OC,0.5,10.0,0.3,600,completed,0.02283137107175911,0.030374915805300762,0.02283137107175911,0.044321078930031406,0.2028086117064824,1,True,0.008353592685897542,6.069505595118423e-16,1.5719362734422227e-30,121.625,0.05560871618932266,0.00042943632668925204,0.3876813733389569,0.001029588778005075,True,False,False,0.125,fine_group_09.mat
g09_c26,9,26,CNT_OC,0.5,15.0,0.3,600,completed,15.080352848063455,6.356116329329393,2.5625509558306794,15.080352848063455,0.5410432580249285,1,True,0.024775736397524863,8.337972994831264e-17,1.5547300455679976e-30,119.25,36.71918528214547,0.28908170130626587,0.3057555465752524,0.0018048245636951288,True,False,False,0.125,fine_group_09.mat
g09_c27,9,27,CNT_OC,0.5,20.0,0.3,560,spectral_boundary,2347.99140849404,2314.9198098090096,295.949518788094,5393.241534662365,0.7215693520977609,66,False,0.6710256230045262,7.629052713320679e-09,4.86162110517023e-05,0.875,5567.769608670751,123.22217004981835,0.13914906431890722,0.009116429162588813,False,False,False,0.125,fine_group_09.mat
g09_c28,9,28,CNT_OC,0.5,30.0,0.3,80,spectral_boundary,2305.806133470547,1357.340534258747,259.3891410478117,2770.041197664207,0.642536943346721,39,False,0.6529153947081183,1.0793341506675988e-10,1.4114808187898477e-06,0.875,5421.990084288978,330.2398304983372,0.16093621645957823,0.002105592981598736,False,False,False,0.125,fine_group_09.mat
g09_c29,9,29,CNT_OC,0.5,50.0,0.3,80,spectral_boundary,1848.0645280829904,1603.0047299123562,259.3891410478117,3653.7820039409135,0.6758589917065561,42,False,0.7611742142907463,4.355501132154291e-08,0.00017766524884467154,0.875,4363.1791966325845,229.4694562838939,0.21683854344902798,0.00047929538971080987,False,False,False,0.125,fine_group_09.mat
g09_c30,9,30,CNT_OC,0.5,100.0,0.3,60,spectral_boundary,3536.2539081045243,1914.9090267089898,259.3891410478117,5400.520292782199,0.8691389366945196,79,False,0.8080700894329135,2.111748693138898e-07,0.004302911009384294,0.5,8264.120399068373,470.7580086892159,0.21812409233528396,0.0035082783405203655,False,False,False,0.125,fine_group_09.mat
g09_c31,9,31,CNT_OC,0.5,150.0,0.3,60,spectral_boundary,3055.3038350607285,2317.346253407316,259.3891410478117,6809.556846098017,0.8633445100153485,66,False,0.8153464667522998,1.511602959388004e-06,0.01805009967673987,0.625,7156.633278449783,327.926507218912,0.2544134785030896,0.0071558403010116844,False,False,False,0.125,fine_group_09.mat
g09_c32,9,32,CNT_OC,0.6,5.0,0.3,600,completed,1.3906214107556973e-05,0.00011744092453515414,1.3906214107556973e-05,0.00041389157009670194,0.916845506214276,1,True,0.034434037872893966,9.834111351790063e-19,1.3266954818659962e-30,113.5,2.82253109766892e-05,2.3360062139617703e-07,0.476249660266406,0.00018818932188957582,True,False,False,0.125,fine_group_09.mat
g09_c33,9,33,CNT_OC,0.6,10.0,0.3,600,completed,0.007840786334246258,0.012590541271934786,0.007840786334246258,0.021080226340672692,0.2985844430714724,1,True,0.011569106158539047,1.1364915015655187e-18,1.2747021227264505e-30,111.75,0.01591436750503036,0.00013369865488749522,0.3601237221306532,0.0009941961420683043,True,False,False,0.125,fine_group_09.mat
g09_c34,9,34,CNT_OC,0.6,15.0,0.3,600,completed,4.409936701992647,2.114225652762189,1.060875241019346,4.409936701992647,0.43978398078336656,1,True,0.02099238781070033,8.82185123131572e-19,1.2961065681482878e-30,110.125,8.950098681104139,0.07631363431202125,0.2844094893535527,0.001789401666454471,True,False,False,0.125,fine_group_09.mat
g09_c35,9,35,CNT_OC,0.6,20.0,0.3,600,completed,3860.1788831512563,779.3834858022789,59.714256465271276,3860.1788831512563,1.2082376038425937,1,True,0.057679982764869124,1.451972809248437e-19,1.1943571528837197e-30,83.5,7587.380221304759,83.03833969741102,0.17604181680033176,0.0010645236710603578,True,False,False,0.125,fine_group_09.mat
g09_c36,9,36,CNT_OC,0.6,30.0,0.3,380,spectral_boundary,3181.9768247971497,1825.930375214501,378.11230910699635,3946.0830168574944,0.6944148700622156,43,False,0.6425202952604883,1.0227090351244489e-11,1.6215261618625875e-07,0.875,6245.370957051021,247.69397821816082,0.1657367356731128,0.0041622662783064035,False,False,False,0.125,fine_group_09.mat
g09_c37,9,37,CNT_OC,0.6,50.0,0.3,80,spectral_boundary,3113.004307847951,1956.806605641832,258.86539125128274,4850.8976725577195,0.7858765373396114,41,False,0.7077243588127125,1.2446868126903888e-09,5.2491160481323356e-05,1.375,6089.120799729948,359.49169412072047,0.18306103685693342,0.0011784339116863718,False,False,False,0.125,fine_group_09.mat
g09_c38,9,38,CNT_OC,0.6,100.0,0.3,60,spectral_boundary,7018.197281032792,2203.2082313375786,258.86539125128274,7310.418703061768,1.0017828076794417,57,False,0.6508690267344003,1.0165064063950135e-08,0.0003517613261005099,0.5,13586.34113527965,787.4665347560122,0.18406435642183638,0.0032061782048180554,False,False,False,0.125,fine_group_09.mat
g09_c39,9,39,CNT_OC,0.6,150.0,0.3,60,spectral_boundary,4088.857546847191,2932.670142567722,258.86539125128274,9535.392201636267,0.9888920491773819,47,False,0.818343510319057,6.731168618556929e-07,0.009864986712954072,0.5,7965.305367594067,811.7142647041765,0.23471444270055086,0.006104973931214119,False,False,False,0.125,fine_group_09.mat
g09_c40,9,40,CNT_OC,0.7,5.0,0.3,600,completed,3.974214191302623e-06,4.486773532803212e-05,3.974214191302623e-06,0.00017327109264084472,1.001819547650858,1,True,0.03810812407318985,1.7073792322044117e-23,1.0707016836626374e-30,103.5,6.914078468176205e-06,6.271976270447303e-08,0.45487946681803515,0.00014459990311632698,True,False,False,0.125,fine_group_09.mat
g09_c41,9,41,CNT_OC,0.7,10.0,0.3,600,completed,0.001661825811256775,0.003495327218499753,0.001661825811256775,0.006957029407419086,0.4262952145501025,1,True,0.015925172610096305,4.3885720352899586e-23,1.0665508624986173e-30,102.25,0.002891136005729544,2.65856583387397e-05,0.31078631984576177,0.0009440736778734138,True,False,False,0.125,fine_group_09.mat
g09_c42,9,42,CNT_OC,0.7,15.0,0.3,600,completed,0.7801773057527182,0.4530656430187668,0.301633969882541,0.7801773057527182,0.2981807823929497,1,True,0.015888471274293537,1.5200009524433362e-22,1.0973661739874262e-30,101.0,1.357283759276662,0.01262853888907733,0.2514294758185609,0.0017401644125634164,True,False,False,0.125,fine_group_09.mat
g09_c43,9,43,CNT_OC,0.7,20.0,0.3,600,completed,500.19460442519505,121.27701255474409,15.658537743128516,500.19460442519505,1.0141464095742947,1,True,0.04891163893661966,2.311327447930601e-22,1.0038951786907232e-30,91.625,863.6513561619298,8.703833113485619,0.2037386048379044,0.0020058015724445655,True,False,False,0.125,fine_group_09.mat
g09_c44,9,44,CNT_OC,0.7,30.0,0.3,480,spectral_boundary,7098.78348172695,3502.679402152268,199.3225190497031,9863.413689960988,0.9968128804339031,37,False,0.6008986091266039,7.399775691918923e-10,1.832420004279727e-05,0.625,11860.590787590481,383.2931258101686,0.1951738163116441,0.010570247639278274,False,False,False,0.125,fine_group_09.mat
g09_c45,9,45,CNT_OC,0.7,50.0,0.3,80,spectral_boundary,5944.137685864494,2261.8425983264738,258.4531061694612,6125.875909599537,0.8924042251870739,15,False,0.39466021706542986,1.5560994490941495e-12,3.0058836712342114e-06,1.0,9898.084944229278,552.8480112070841,0.21874478319533397,0.0017366509352801929,False,False,False,0.125,fine_group_09.mat
g09_c46,9,46,CNT_OC,0.7,100.0,0.3,80,spectral_boundary,3243.0542763728317,3213.8498088134575,258.4531061694612,9729.261645042407,0.9070965251737917,33,False,0.7765975264696187,8.18059742466576e-08,0.0018502545279236132,1.0,5435.5997706567,346.3360953556559,0.2198096739144889,0.0015381025080161148,False,False,False,0.125,fine_group_09.mat
g09_c47,9,47,CNT_OC,0.7,150.0,0.3,60,spectral_boundary,8246.768970712634,3676.1051792267313,258.4531061694612,12896.790524770542,1.1116629209109998,72,False,0.809171103250456,1.0644282283548363e-07,0.005397893555880768,0.25,13683.731146156742,1133.9940288275186,0.20574935053272253,0.0047097448893789196,False,False,False,0.125,fine_group_09.mat
g09_c48,9,48,CNT_OC,0.8,5.0,0.3,600,completed,5.401167276775841e-07,9.559060537105559e-06,5.401167276775841e-07,4.184203115728572e-05,1.1224834753814934,1,True,0.04360962565771914,9.384009117420535e-24,8.587662156498264e-31,93.125,8.222023525634117e-07,8.286571255701918e-09,0.3975824492231247,7.673838930977173e-05,True,False,False,0.125,fine_group_09.mat
g09_c49,9,49,CNT_OC,0.8,10.0,0.3,600,completed,0.00015415918992082035,0.0005004378897068684,0.00015415918992082035,0.0012547330395459133,0.6096080371721119,1,True,0.02242166443644135,1.0882768620483278e-23,8.2947405584012e-31,92.125,0.00023467158451684052,2.3934902590242624e-06,0.22285126270212197,0.000860097549673533,True,False,False,0.125,fine_group_09.mat
g09_c50,9,50,CNT_OC,0.8,15.0,0.3,600,completed,0.05462456778178247,0.044321629785346935,0.041095847725487675,0.05462456778178247,0.08321993139475246,1,True,0.008032654556543135,1.212114325187637e-23,8.493749769468034e-31,91.25,0.08315315169717179,0.0008562621075703423,0.20405428640663237,0.0016406077494185434,True,False,False,0.125,fine_group_09.mat
g09_c51,9,51,CNT_OC,0.8,20.0,0.3,600,completed,26.351006311693475,8.23417465691879,1.9448591646216802,26.351006311693475,0.7856273708486654,1,True,0.035791054551575205,9.08598666416702e-24,8.201518817633877e-31,90.0,40.09602899949237,0.4184268700844228,0.20324510155221942,0.002384753836216169,True,False,False,0.125,fine_group_09.mat
g09_c52,9,52,CNT_OC,0.8,30.0,0.3,600,completed,7.376353261032192,3672.7362233278527,7.376353261032192,13055.475316217464,1.2936413218029983,1,False,0.14733641931599453,1.201711357622013e-24,3.6249738126696824e-21,45.5,11.22628365197304,0.22517080823332147,0.222787375396036,0.009829298477918025,True,False,False,0.125,fine_group_09.mat
g09_c53,9,53,CNT_OC,0.8,50.0,0.3,320,spectral_boundary,7632.570618806431,3023.092444938826,317.02909119860544,8868.64426140083,0.9886177832847587,29,False,0.4398148769103367,1.9994403492380703e-11,6.64374164464424e-07,0.875,11138.359378445823,425.9249969422386,0.23153114704579564,0.004761594689024484,False,False,False,0.125,fine_group_09.mat
g09_c54,9,54,CNT_OC,0.8,100.0,0.3,80,spectral_boundary,4569.006039284495,4148.164917860668,258.1194772985905,12049.620085462182,0.9820676524043566,29,False,0.7302162377924926,3.0597107885695437e-09,0.0002077528268024976,0.75,6683.024202646375,419.2201736250959,0.2318736936650534,0.0009896386935578372,False,False,False,0.125,fine_group_09.mat
g09_c55,9,55,CNT_OC,0.8,150.0,0.3,80,spectral_boundary,3939.769966772068,4981.519888873585,258.1194772985905,16220.552843688885,1.0184331228493935,24,False,0.8367553384868572,1.607265970866873e-07,0.001186112947540552,0.875,5759.246737671725,518.6883044148917,0.2022456958619795,0.002680396240501426,False,False,False,0.125,fine_group_09.mat
g09_c56,9,56,CNT_OC,0.9,5.0,0.3,600,completed,1.5323460046209547e-08,6.289286641790269e-07,1.5323460046209547e-08,3.3390219225007496e-06,1.3188399941731914,1,True,0.05350353862339023,1.0756466810642509e-23,6.097224843034697e-31,81.0,2.0734587755887263e-08,2.4005255194586107e-10,0.2479661726733733,7.487250227233844e-05,True,False,False,0.125,fine_group_09.mat
g09_c57,9,57,CNT_OC,0.9,10.0,0.3,600,completed,2.018301336859654e-06,1.6348328991453756e-05,2.018301336859654e-06,5.860829419081551e-05,0.9243298736969484,1,True,0.03467414999561938,1.01787453411117e-23,6.366635552101651e-31,80.5,2.731018063763982e-06,3.1920413130492433e-08,0.11552298773910463,0.0006435553100168079,True,False,False,0.125,fine_group_09.mat
g09_c58,9,58,CNT_OC,0.9,15.0,0.3,600,completed,0.00034068960327219693,0.0006409188607371559,0.00034068960327219693,0.0012369609318876986,0.39211322214066086,1,True,0.014946066340875851,1.0896303328485979e-23,6.208957383292319e-31,80.0,0.00046099630340864584,5.4283740322416045e-06,0.12456482647016853,0.0013552889090311382,True,False,False,0.125,fine_group_09.mat
g09_c59,9,59,CNT_OC,0.9,20.0,0.3,600,completed,0.07774627575799992,0.0461019457754547,0.0330183228116966,0.07774627575799992,0.2749827850188557,1,True,0.01610837043401505,1.1622557385373958e-23,6.149018784246985e-31,79.5,0.10520044986007054,0.00124629181545365,0.1267274206501413,0.0020594996424511125,True,False,False,0.125,fine_group_09.mat
g09_c60,9,60,CNT_OC,0.9,30.0,0.3,600,completed,14706.43216266829,2371.669764721546,46.84736694420857,14706.43216266829,1.5486074800880194,1,True,0.08115858236753008,7.583025489466925e-24,6.297566677474622e-31,61.625,19007.64954742275,290.9104122429676,0.33135988445707687,0.0054152505191330524,True,False,False,0.125,fine_group_09.mat
g09_c61,9,61,CNT_OC,0.9,50.0,0.3,600,completed,0.5308048590456853,1.5932056131003407,0.5305479712256771,6.102422524363096,0.870568168101207,1,True,0.032735318923158827,2.8125609425707798e-24,6.284456287792445e-31,52.125,0.7182367675784689,0.012936215736223881,0.1961375920844849,0.006408704120324904,True,False,False,0.125,fine_group_09.mat
g09_c62,9,62,CNT_OC,0.9,100.0,0.3,600,completed,3476.8389168398303,3689.4306989901197,3342.297754707964,4230.9755643877115,0.08963087792050657,1,True,0.004833121854697748,6.833626578613791e-25,6.39851823485553e-31,28.125,4526.305348503877,145.86138598577978,0.11769518579138072,1.589962848147497e-05,True,False,False,0.125,fine_group_09.mat
g09_c63,9,63,CNT_OC,0.9,150.0,0.3,80,spectral_boundary,5142.3580166518705,6443.701439628276,257.84272486451925,18982.234005771723,1.0251387174323425,22,False,0.6425665486318614,2.2869516595410632e-10,1.0856358052429549e-05,0.625,6676.388430756551,539.6539438627065,0.21511770656742912,0.0025541167187042024,False,False,False,0.125,fine_group_09.mat
